{
	"sources": [
		{
			"type": "directory",
			"source": "colors",
			"prefix": "colors/"
		},
		{
			"type": "directory",
			"source": "developers",
			"prefix": "developers/"
		},
		{
			"type": "directory",
			"source": "fighters",
			"prefix": "fighters/"
		},
		{
			"type": "directory",
			"source": "inventory_icons",
			"prefix": "inventory_icons/"
		},
		{
			"type": "directory",
			"source": "items",
			"prefix": "items/"
		},
		{
			"type": "directory",
			"source": "misc",
			"prefix": "misc/"
		},
		{
			"type": "directory",
			"source": "pokemon",
			"prefix": "pokemon/"
		},
		{
			"type": "directory",
			"source": "stage_icons",
			"prefix": "stage_icons/"
		},
		{
			"type": "directory",
			"source": "stages",
			"prefix": "stages/"
		},
		{
			"type": "directory",
			"source": "team_flags",
			"prefix": "team_flags/"
		},
		{
			"type": "directory",
			"source": "ui",
			"prefix": "ui/"
		}
	]
}
