{
	"textures": {
		"0": "ssbrc:stages/mushroom_kingdom/question_mark",
		"particle": "ssbrc:stages/mushroom_kingdom/question_mark"
	},
	"elements": [
		{
			"name": "question_mark_0",
			"from": [0.63158, 15.1579, 5],
			"to": [15.36842, 19.26316, 11],
			"rotation": {"angle": 0, "axis": "y", "origin": [8, 8, 8]},
			"faces": {
				"north": {"uv": [4.31579, 2.31579, 11.68421, 4.36842], "texture": "#0"},
				"east": {"uv": [4.36842, 2.31579, 4.31579, 4.36842], "texture": "#0"},
				"south": {"uv": [11.68421, 2.31579, 4.31579, 4.36842], "texture": "#0"},
				"west": {"uv": [11.68421, 2.31579, 11.63158, 4.36842], "texture": "#0"},
				"up": {"uv": [11.68421, 2.31579, 4.31579, 2.36842], "texture": "#0"},
				"down": {"uv": [11.68421, 4.31579, 4.31579, 4.36842], "texture": "#0"}
			}
		},
		{
			"name": "question_mark_1",
			"from": [15.36842, 10.63158, 5],
			"to": [15.47368, 19.1579, 11],
			"rotation": {"angle": 0, "axis": "y", "origin": [8, 8, 8]},
			"faces": {
				"north": {"uv": [4.26316, 2.36842, 4.31579, 6.63158], "texture": "#0"},
				"east": {"uv": [4.31579, 2.36842, 4.26316, 6.63158], "texture": "#0"},
				"south": {"uv": [4.31579, 2.36842, 4.26316, 6.63158], "texture": "#0"},
				"west": {"uv": [4.31579, 2.36842, 4.26316, 6.63158], "texture": "#0"},
				"up": {"uv": [4.31579, 2.36842, 4.26316, 2.42105], "texture": "#0"},
				"down": {"uv": [4.31579, 6.57895, 4.26316, 6.63158], "texture": "#0"}
			}
		},
		{
			"name": "question_mark_2",
			"from": [0.52632, 6.42105, 5],
			"to": [0.63158, 19.1579, 11],
			"rotation": {"angle": 0, "axis": "y", "origin": [8, 8, 8]},
			"faces": {
				"north": {"uv": [11.68421, 2.36842, 11.73684, 8.73684], "texture": "#0"},
				"east": {"uv": [11.73684, 2.36842, 11.68421, 8.73684], "texture": "#0"},
				"south": {"uv": [11.73684, 2.36842, 11.68421, 8.73684], "texture": "#0"},
				"west": {"uv": [11.73684, 2.36842, 11.68421, 8.73684], "texture": "#0"},
				"up": {"uv": [11.73684, 2.36842, 11.68421, 2.42105], "texture": "#0"},
				"down": {"uv": [11.73684, 8.68421, 11.68421, 8.73684], "texture": "#0"}
			}
		},
		{
			"name": "question_mark_3",
			"from": [15.47368, 10.63158, 5],
			"to": [15.57895, 19.05263, 11],
			"rotation": {"angle": 0, "axis": "y", "origin": [8, 8, 8]},
			"faces": {
				"north": {"uv": [4.21053, 2.42105, 4.26316, 6.63158], "texture": "#0"},
				"east": {"uv": [4.26316, 2.42105, 4.21053, 6.63158], "texture": "#0"},
				"south": {"uv": [4.26316, 2.42105, 4.21053, 6.63158], "texture": "#0"},
				"west": {"uv": [4.26316, 2.42105, 4.21053, 6.63158], "texture": "#0"},
				"up": {"uv": [4.26316, 2.42105, 4.21053, 2.47368], "texture": "#0"},
				"down": {"uv": [4.26316, 6.57895, 4.21053, 6.63158], "texture": "#0"}
			}
		},
		{
			"name": "question_mark_4",
			"from": [0.42105, 6.52632, 5],
			"to": [0.52632, 19.05263, 11],
			"rotation": {"angle": 0, "axis": "y", "origin": [8, 8, 8]},
			"faces": {
				"north": {"uv": [11.73684, 2.42105, 11.78947, 8.68421], "texture": "#0"},
				"east": {"uv": [11.78947, 2.42105, 11.73684, 8.68421], "texture": "#0"},
				"south": {"uv": [11.78947, 2.42105, 11.73684, 8.68421], "texture": "#0"},
				"west": {"uv": [11.78947, 2.42105, 11.73684, 8.68421], "texture": "#0"},
				"up": {"uv": [11.78947, 2.42105, 11.73684, 2.47368], "texture": "#0"},
				"down": {"uv": [11.78947, 8.63158, 11.73684, 8.68421], "texture": "#0"}
			}
		},
		{
			"name": "question_mark_5",
			"from": [15.57895, 10.63158, 5],
			"to": [15.68421, 18.94737, 11],
			"rotation": {"angle": 0, "axis": "y", "origin": [8, 8, 8]},
			"faces": {
				"north": {"uv": [4.15789, 2.47368, 4.21053, 6.63158], "texture": "#0"},
				"east": {"uv": [4.21053, 2.47368, 4.15789, 6.63158], "texture": "#0"},
				"south": {"uv": [4.21053, 2.47368, 4.15789, 6.63158], "texture": "#0"},
				"west": {"uv": [4.21053, 2.47368, 4.15789, 6.63158], "texture": "#0"},
				"up": {"uv": [4.21053, 2.47368, 4.15789, 2.52632], "texture": "#0"},
				"down": {"uv": [4.21053, 6.57895, 4.15789, 6.63158], "texture": "#0"}
			}
		},
		{
			"name": "question_mark_6",
			"from": [0.31579, 6.63158, 5],
			"to": [0.42105, 18.94737, 11],
			"rotation": {"angle": 0, "axis": "y", "origin": [8, 8, 8]},
			"faces": {
				"north": {"uv": [11.78947, 2.47368, 11.84211, 8.63158], "texture": "#0"},
				"east": {"uv": [11.84211, 2.47368, 11.78947, 8.63158], "texture": "#0"},
				"south": {"uv": [11.84211, 2.47368, 11.78947, 8.63158], "texture": "#0"},
				"west": {"uv": [11.84211, 2.47368, 11.78947, 8.63158], "texture": "#0"},
				"up": {"uv": [11.84211, 2.47368, 11.78947, 2.52632], "texture": "#0"},
				"down": {"uv": [11.84211, 8.57895, 11.78947, 8.63158], "texture": "#0"}
			}
		},
		{
			"name": "question_mark_7",
			"from": [15.68421, 10.63158, 5],
			"to": [15.78947, 18.84211, 11],
			"rotation": {"angle": 0, "axis": "y", "origin": [8, 8, 8]},
			"faces": {
				"north": {"uv": [4.10526, 2.52632, 4.15789, 6.63158], "texture": "#0"},
				"east": {"uv": [4.15789, 2.52632, 4.10526, 6.63158], "texture": "#0"},
				"south": {"uv": [4.15789, 2.52632, 4.10526, 6.63158], "texture": "#0"},
				"west": {"uv": [4.15789, 2.52632, 4.10526, 6.63158], "texture": "#0"},
				"up": {"uv": [4.15789, 2.52632, 4.10526, 2.57895], "texture": "#0"},
				"down": {"uv": [4.15789, 6.57895, 4.10526, 6.63158], "texture": "#0"}
			}
		},
		{
			"name": "question_mark_8",
			"from": [0.21053, 6.73684, 5],
			"to": [0.31579, 18.84211, 11],
			"rotation": {"angle": 0, "axis": "y", "origin": [8, 8, 8]},
			"faces": {
				"north": {"uv": [11.84211, 2.52632, 11.89474, 8.57895], "texture": "#0"},
				"east": {"uv": [11.89474, 2.52632, 11.84211, 8.57895], "texture": "#0"},
				"south": {"uv": [11.89474, 2.52632, 11.84211, 8.57895], "texture": "#0"},
				"west": {"uv": [11.89474, 2.52632, 11.84211, 8.57895], "texture": "#0"},
				"up": {"uv": [11.89474, 2.52632, 11.84211, 2.57895], "texture": "#0"},
				"down": {"uv": [11.89474, 8.52632, 11.84211, 8.57895], "texture": "#0"}
			}
		},
		{
			"name": "question_mark_9",
			"from": [15.78947, 10.63158, 5],
			"to": [15.89474, 18.73684, 11],
			"rotation": {"angle": 0, "axis": "y", "origin": [8, 8, 8]},
			"faces": {
				"north": {"uv": [4.05263, 2.57895, 4.10526, 6.63158], "texture": "#0"},
				"east": {"uv": [4.10526, 2.57895, 4.05263, 6.63158], "texture": "#0"},
				"south": {"uv": [4.10526, 2.57895, 4.05263, 6.63158], "texture": "#0"},
				"west": {"uv": [4.10526, 2.57895, 4.05263, 6.63158], "texture": "#0"},
				"up": {"uv": [4.10526, 2.57895, 4.05263, 2.63158], "texture": "#0"},
				"down": {"uv": [4.10526, 6.57895, 4.05263, 6.63158], "texture": "#0"}
			}
		},
		{
			"name": "question_mark_10",
			"from": [0.10526, 6.84211, 5],
			"to": [0.21053, 18.73684, 11],
			"rotation": {"angle": 0, "axis": "y", "origin": [8, 8, 8]},
			"faces": {
				"north": {"uv": [11.89474, 2.57895, 11.94737, 8.52632], "texture": "#0"},
				"east": {"uv": [11.94737, 2.57895, 11.89474, 8.52632], "texture": "#0"},
				"south": {"uv": [11.94737, 2.57895, 11.89474, 8.52632], "texture": "#0"},
				"west": {"uv": [11.94737, 2.57895, 11.89474, 8.52632], "texture": "#0"},
				"up": {"uv": [11.94737, 2.57895, 11.89474, 2.63158], "texture": "#0"},
				"down": {"uv": [11.94737, 8.47368, 11.89474, 8.52632], "texture": "#0"}
			}
		},
		{
			"name": "question_mark_11",
			"from": [15.89474, 10.63158, 5],
			"to": [16, 18.63158, 11],
			"rotation": {"angle": 0, "axis": "y", "origin": [8, 8, 8]},
			"faces": {
				"north": {"uv": [4, 2.63158, 4.05263, 6.63158], "texture": "#0"},
				"east": {"uv": [4.05263, 2.63158, 4, 6.63158], "texture": "#0"},
				"south": {"uv": [4.05263, 2.63158, 4, 6.63158], "texture": "#0"},
				"west": {"uv": [4.05263, 2.63158, 4, 6.63158], "texture": "#0"},
				"up": {"uv": [4.05263, 2.63158, 4, 2.68421], "texture": "#0"},
				"down": {"uv": [4.05263, 6.57895, 4, 6.63158], "texture": "#0"}
			}
		},
		{
			"name": "question_mark_12",
			"from": [0, 6.94737, 5],
			"to": [0.10526, 18.63158, 11],
			"rotation": {"angle": 0, "axis": "y", "origin": [8, 8, 8]},
			"faces": {
				"north": {"uv": [11.94737, 2.63158, 12, 8.47368], "texture": "#0"},
				"east": {"uv": [12, 2.63158, 11.94737, 8.47368], "texture": "#0"},
				"south": {"uv": [12, 2.63158, 11.94737, 8.47368], "texture": "#0"},
				"west": {"uv": [12, 2.63158, 11.94737, 8.47368], "texture": "#0"},
				"up": {"uv": [12, 2.63158, 11.94737, 2.68421], "texture": "#0"},
				"down": {"uv": [12, 8.42105, 11.94737, 8.47368], "texture": "#0"}
			}
		},
		{
			"name": "question_mark_13",
			"from": [16, 10.63158, 5],
			"to": [16.10526, 18.52632, 11],
			"rotation": {"angle": 0, "axis": "y", "origin": [8, 8, 8]},
			"faces": {
				"north": {"uv": [3.94737, 2.68421, 4, 6.63158], "texture": "#0"},
				"east": {"uv": [4, 2.68421, 3.94737, 6.63158], "texture": "#0"},
				"south": {"uv": [4, 2.68421, 3.94737, 6.63158], "texture": "#0"},
				"west": {"uv": [4, 2.68421, 3.94737, 6.63158], "texture": "#0"},
				"up": {"uv": [4, 2.68421, 3.94737, 2.73684], "texture": "#0"},
				"down": {"uv": [4, 6.57895, 3.94737, 6.63158], "texture": "#0"}
			}
		},
		{
			"name": "question_mark_14",
			"from": [-0.10526, 7.05263, 5],
			"to": [0, 18.52632, 11],
			"rotation": {"angle": 0, "axis": "y", "origin": [8, 8, 8]},
			"faces": {
				"north": {"uv": [12, 2.68421, 12.05263, 8.42105], "texture": "#0"},
				"east": {"uv": [12.05263, 2.68421, 12, 8.42105], "texture": "#0"},
				"south": {"uv": [12.05263, 2.68421, 12, 8.42105], "texture": "#0"},
				"west": {"uv": [12.05263, 2.68421, 12, 8.42105], "texture": "#0"},
				"up": {"uv": [12.05263, 2.68421, 12, 2.73684], "texture": "#0"},
				"down": {"uv": [12.05263, 8.36842, 12, 8.42105], "texture": "#0"}
			}
		},
		{
			"name": "question_mark_15",
			"from": [16.10526, 10.63158, 5],
			"to": [16.21053, 18.42105, 11],
			"rotation": {"angle": 0, "axis": "y", "origin": [8, 8, 8]},
			"faces": {
				"north": {"uv": [3.89474, 2.73684, 3.94737, 6.63158], "texture": "#0"},
				"east": {"uv": [3.94737, 2.73684, 3.89474, 6.63158], "texture": "#0"},
				"south": {"uv": [3.94737, 2.73684, 3.89474, 6.63158], "texture": "#0"},
				"west": {"uv": [3.94737, 2.73684, 3.89474, 6.63158], "texture": "#0"},
				"up": {"uv": [3.94737, 2.73684, 3.89474, 2.78947], "texture": "#0"},
				"down": {"uv": [3.94737, 6.57895, 3.89474, 6.63158], "texture": "#0"}
			}
		},
		{
			"name": "question_mark_16",
			"from": [-0.21053, 7.1579, 5],
			"to": [-0.10526, 18.42105, 11],
			"rotation": {"angle": 0, "axis": "y", "origin": [8, 8, 8]},
			"faces": {
				"north": {"uv": [12.05263, 2.73684, 12.10526, 8.36842], "texture": "#0"},
				"east": {"uv": [12.10526, 2.73684, 12.05263, 8.36842], "texture": "#0"},
				"south": {"uv": [12.10526, 2.73684, 12.05263, 8.36842], "texture": "#0"},
				"west": {"uv": [12.10526, 2.73684, 12.05263, 8.36842], "texture": "#0"},
				"up": {"uv": [12.10526, 2.73684, 12.05263, 2.78947], "texture": "#0"},
				"down": {"uv": [12.10526, 8.31579, 12.05263, 8.36842], "texture": "#0"}
			}
		},
		{
			"name": "question_mark_17",
			"from": [16.21053, 10.63158, 5],
			"to": [16.31579, 18.31579, 11],
			"rotation": {"angle": 0, "axis": "y", "origin": [8, 8, 8]},
			"faces": {
				"north": {"uv": [3.84211, 2.78947, 3.89474, 6.63158], "texture": "#0"},
				"east": {"uv": [3.89474, 2.78947, 3.84211, 6.63158], "texture": "#0"},
				"south": {"uv": [3.89474, 2.78947, 3.84211, 6.63158], "texture": "#0"},
				"west": {"uv": [3.89474, 2.78947, 3.84211, 6.63158], "texture": "#0"},
				"up": {"uv": [3.89474, 2.78947, 3.84211, 2.84211], "texture": "#0"},
				"down": {"uv": [3.89474, 6.57895, 3.84211, 6.63158], "texture": "#0"}
			}
		},
		{
			"name": "question_mark_18",
			"from": [-0.31579, 7.26316, 5],
			"to": [-0.21053, 18.31579, 11],
			"rotation": {"angle": 0, "axis": "y", "origin": [8, 8, 8]},
			"faces": {
				"north": {"uv": [12.10526, 2.78947, 12.15789, 8.31579], "texture": "#0"},
				"east": {"uv": [12.15789, 2.78947, 12.10526, 8.31579], "texture": "#0"},
				"south": {"uv": [12.15789, 2.78947, 12.10526, 8.31579], "texture": "#0"},
				"west": {"uv": [12.15789, 2.78947, 12.10526, 8.31579], "texture": "#0"},
				"up": {"uv": [12.15789, 2.78947, 12.10526, 2.84211], "texture": "#0"},
				"down": {"uv": [12.15789, 8.26316, 12.10526, 8.31579], "texture": "#0"}
			}
		},
		{
			"name": "question_mark_19",
			"from": [16.31579, 10.63158, 5],
			"to": [16.42105, 18.21053, 11],
			"rotation": {"angle": 0, "axis": "y", "origin": [8, 8, 8]},
			"faces": {
				"north": {"uv": [3.78947, 2.84211, 3.84211, 6.63158], "texture": "#0"},
				"east": {"uv": [3.84211, 2.84211, 3.78947, 6.63158], "texture": "#0"},
				"south": {"uv": [3.84211, 2.84211, 3.78947, 6.63158], "texture": "#0"},
				"west": {"uv": [3.84211, 2.84211, 3.78947, 6.63158], "texture": "#0"},
				"up": {"uv": [3.84211, 2.84211, 3.78947, 2.89474], "texture": "#0"},
				"down": {"uv": [3.84211, 6.57895, 3.78947, 6.63158], "texture": "#0"}
			}
		},
		{
			"name": "question_mark_20",
			"from": [-0.42105, 7.36842, 5],
			"to": [-0.31579, 18.21053, 11],
			"rotation": {"angle": 0, "axis": "y", "origin": [8, 8, 8]},
			"faces": {
				"north": {"uv": [12.15789, 2.84211, 12.21053, 8.26316], "texture": "#0"},
				"east": {"uv": [12.21053, 2.84211, 12.15789, 8.26316], "texture": "#0"},
				"south": {"uv": [12.21053, 2.84211, 12.15789, 8.26316], "texture": "#0"},
				"west": {"uv": [12.21053, 2.84211, 12.15789, 8.26316], "texture": "#0"},
				"up": {"uv": [12.21053, 2.84211, 12.15789, 2.89474], "texture": "#0"},
				"down": {"uv": [12.21053, 8.21053, 12.15789, 8.26316], "texture": "#0"}
			}
		},
		{
			"name": "question_mark_21",
			"from": [16.42105, 10.63158, 5],
			"to": [16.52632, 18.10526, 11],
			"rotation": {"angle": 0, "axis": "y", "origin": [8, 8, 8]},
			"faces": {
				"north": {"uv": [3.73684, 2.89474, 3.78947, 6.63158], "texture": "#0"},
				"east": {"uv": [3.78947, 2.89474, 3.73684, 6.63158], "texture": "#0"},
				"south": {"uv": [3.78947, 2.89474, 3.73684, 6.63158], "texture": "#0"},
				"west": {"uv": [3.78947, 2.89474, 3.73684, 6.63158], "texture": "#0"},
				"up": {"uv": [3.78947, 2.89474, 3.73684, 2.94737], "texture": "#0"},
				"down": {"uv": [3.78947, 6.57895, 3.73684, 6.63158], "texture": "#0"}
			}
		},
		{
			"name": "question_mark_22",
			"from": [-0.52632, 7.47369, 5],
			"to": [-0.42105, 18.10526, 11],
			"rotation": {"angle": 0, "axis": "y", "origin": [8, 8, 8]},
			"faces": {
				"north": {"uv": [12.21053, 2.89474, 12.26316, 8.21053], "texture": "#0"},
				"east": {"uv": [12.26316, 2.89474, 12.21053, 8.21053], "texture": "#0"},
				"south": {"uv": [12.26316, 2.89474, 12.21053, 8.21053], "texture": "#0"},
				"west": {"uv": [12.26316, 2.89474, 12.21053, 8.21053], "texture": "#0"},
				"up": {"uv": [12.26316, 2.89474, 12.21053, 2.94737], "texture": "#0"},
				"down": {"uv": [12.26316, 8.15789, 12.21053, 8.21053], "texture": "#0"}
			}
		},
		{
			"name": "question_mark_23",
			"from": [16.52632, 10.63158, 5],
			"to": [16.63158, 18, 11],
			"rotation": {"angle": 0, "axis": "y", "origin": [8, 8, 8]},
			"faces": {
				"north": {"uv": [3.68421, 2.94737, 3.73684, 6.63158], "texture": "#0"},
				"east": {"uv": [3.73684, 2.94737, 3.68421, 6.63158], "texture": "#0"},
				"south": {"uv": [3.73684, 2.94737, 3.68421, 6.63158], "texture": "#0"},
				"west": {"uv": [3.73684, 2.94737, 3.68421, 6.63158], "texture": "#0"},
				"up": {"uv": [3.73684, 2.94737, 3.68421, 3], "texture": "#0"},
				"down": {"uv": [3.73684, 6.57895, 3.68421, 6.63158], "texture": "#0"}
			}
		},
		{
			"name": "question_mark_24",
			"from": [-0.63158, 7.57895, 5],
			"to": [-0.52632, 18, 11],
			"rotation": {"angle": 0, "axis": "y", "origin": [8, 8, 8]},
			"faces": {
				"north": {"uv": [12.26316, 2.94737, 12.31579, 8.15789], "texture": "#0"},
				"east": {"uv": [12.31579, 2.94737, 12.26316, 8.15789], "texture": "#0"},
				"south": {"uv": [12.31579, 2.94737, 12.26316, 8.15789], "texture": "#0"},
				"west": {"uv": [12.31579, 2.94737, 12.26316, 8.15789], "texture": "#0"},
				"up": {"uv": [12.31579, 2.94737, 12.26316, 3], "texture": "#0"},
				"down": {"uv": [12.31579, 8.10526, 12.26316, 8.15789], "texture": "#0"}
			}
		},
		{
			"name": "question_mark_25",
			"from": [16.63158, 10.63158, 5],
			"to": [16.73684, 17.89474, 11],
			"rotation": {"angle": 0, "axis": "y", "origin": [8, 8, 8]},
			"faces": {
				"north": {"uv": [3.63158, 3, 3.68421, 6.63158], "texture": "#0"},
				"east": {"uv": [3.68421, 3, 3.63158, 6.63158], "texture": "#0"},
				"south": {"uv": [3.68421, 3, 3.63158, 6.63158], "texture": "#0"},
				"west": {"uv": [3.68421, 3, 3.63158, 6.63158], "texture": "#0"},
				"up": {"uv": [3.68421, 3, 3.63158, 3.05263], "texture": "#0"},
				"down": {"uv": [3.68421, 6.57895, 3.63158, 6.63158], "texture": "#0"}
			}
		},
		{
			"name": "question_mark_26",
			"from": [-0.73684, 7.68421, 5],
			"to": [-0.63158, 17.89474, 11],
			"rotation": {"angle": 0, "axis": "y", "origin": [8, 8, 8]},
			"faces": {
				"north": {"uv": [12.31579, 3, 12.36842, 8.10526], "texture": "#0"},
				"east": {"uv": [12.36842, 3, 12.31579, 8.10526], "texture": "#0"},
				"south": {"uv": [12.36842, 3, 12.31579, 8.10526], "texture": "#0"},
				"west": {"uv": [12.36842, 3, 12.31579, 8.10526], "texture": "#0"},
				"up": {"uv": [12.36842, 3, 12.31579, 3.05263], "texture": "#0"},
				"down": {"uv": [12.36842, 8.05263, 12.31579, 8.10526], "texture": "#0"}
			}
		},
		{
			"name": "question_mark_27",
			"from": [16.73684, 10.63158, 5],
			"to": [16.84211, 17.78948, 11],
			"rotation": {"angle": 0, "axis": "y", "origin": [8, 8, 8]},
			"faces": {
				"north": {"uv": [3.57895, 3.05263, 3.63158, 6.63158], "texture": "#0"},
				"east": {"uv": [3.63158, 3.05263, 3.57895, 6.63158], "texture": "#0"},
				"south": {"uv": [3.63158, 3.05263, 3.57895, 6.63158], "texture": "#0"},
				"west": {"uv": [3.63158, 3.05263, 3.57895, 6.63158], "texture": "#0"},
				"up": {"uv": [3.63158, 3.05263, 3.57895, 3.10526], "texture": "#0"},
				"down": {"uv": [3.63158, 6.57895, 3.57895, 6.63158], "texture": "#0"}
			}
		},
		{
			"name": "question_mark_28",
			"from": [-0.84211, 7.78948, 5],
			"to": [-0.73684, 17.78948, 11],
			"rotation": {"angle": 0, "axis": "y", "origin": [8, 8, 8]},
			"faces": {
				"north": {"uv": [12.36842, 3.05263, 12.42105, 8.05263], "texture": "#0"},
				"east": {"uv": [12.42105, 3.05263, 12.36842, 8.05263], "texture": "#0"},
				"south": {"uv": [12.42105, 3.05263, 12.36842, 8.05263], "texture": "#0"},
				"west": {"uv": [12.42105, 3.05263, 12.36842, 8.05263], "texture": "#0"},
				"up": {"uv": [12.42105, 3.05263, 12.36842, 3.10526], "texture": "#0"},
				"down": {"uv": [12.42105, 8, 12.36842, 8.05263], "texture": "#0"}
			}
		},
		{
			"name": "question_mark_29",
			"from": [16.84211, 10.63158, 5],
			"to": [16.94737, 17.68421, 11],
			"rotation": {"angle": 0, "axis": "y", "origin": [8, 8, 8]},
			"faces": {
				"north": {"uv": [3.52632, 3.10526, 3.57895, 6.63158], "texture": "#0"},
				"east": {"uv": [3.57895, 3.10526, 3.52632, 6.63158], "texture": "#0"},
				"south": {"uv": [3.57895, 3.10526, 3.52632, 6.63158], "texture": "#0"},
				"west": {"uv": [3.57895, 3.10526, 3.52632, 6.63158], "texture": "#0"},
				"up": {"uv": [3.57895, 3.10526, 3.52632, 3.15789], "texture": "#0"},
				"down": {"uv": [3.57895, 6.57895, 3.52632, 6.63158], "texture": "#0"}
			}
		},
		{
			"name": "question_mark_30",
			"from": [-0.94737, 7.89474, 5],
			"to": [-0.84211, 17.68421, 11],
			"rotation": {"angle": 0, "axis": "y", "origin": [8, 8, 8]},
			"faces": {
				"north": {"uv": [12.42105, 3.10526, 12.47368, 8], "texture": "#0"},
				"east": {"uv": [12.47368, 3.10526, 12.42105, 8], "texture": "#0"},
				"south": {"uv": [12.47368, 3.10526, 12.42105, 8], "texture": "#0"},
				"west": {"uv": [12.47368, 3.10526, 12.42105, 8], "texture": "#0"},
				"up": {"uv": [12.47368, 3.10526, 12.42105, 3.15789], "texture": "#0"},
				"down": {"uv": [12.47368, 7.94737, 12.42105, 8], "texture": "#0"}
			}
		},
		{
			"name": "question_mark_31",
			"from": [16.94737, 10.63158, 5],
			"to": [17.05263, 17.57895, 11],
			"rotation": {"angle": 0, "axis": "y", "origin": [8, 8, 8]},
			"faces": {
				"north": {"uv": [3.47368, 3.15789, 3.52632, 6.63158], "texture": "#0"},
				"east": {"uv": [3.52632, 3.15789, 3.47368, 6.63158], "texture": "#0"},
				"south": {"uv": [3.52632, 3.15789, 3.47368, 6.63158], "texture": "#0"},
				"west": {"uv": [3.52632, 3.15789, 3.47368, 6.63158], "texture": "#0"},
				"up": {"uv": [3.52632, 3.15789, 3.47368, 3.21053], "texture": "#0"},
				"down": {"uv": [3.52632, 6.57895, 3.47368, 6.63158], "texture": "#0"}
			}
		},
		{
			"name": "question_mark_32",
			"from": [-1.05263, 8, 5],
			"to": [-0.94737, 17.57895, 11],
			"rotation": {"angle": 0, "axis": "y", "origin": [8, 8, 8]},
			"faces": {
				"north": {"uv": [12.47368, 3.15789, 12.52632, 7.94737], "texture": "#0"},
				"east": {"uv": [12.52632, 3.15789, 12.47368, 7.94737], "texture": "#0"},
				"south": {"uv": [12.52632, 3.15789, 12.47368, 7.94737], "texture": "#0"},
				"west": {"uv": [12.52632, 3.15789, 12.47368, 7.94737], "texture": "#0"},
				"up": {"uv": [12.52632, 3.15789, 12.47368, 3.21053], "texture": "#0"},
				"down": {"uv": [12.52632, 7.89474, 12.47368, 7.94737], "texture": "#0"}
			}
		},
		{
			"name": "question_mark_33",
			"from": [17.05263, 10.63158, 5],
			"to": [17.15789, 17.47369, 11],
			"rotation": {"angle": 0, "axis": "y", "origin": [8, 8, 8]},
			"faces": {
				"north": {"uv": [3.42105, 3.21053, 3.47368, 6.63158], "texture": "#0"},
				"east": {"uv": [3.47368, 3.21053, 3.42105, 6.63158], "texture": "#0"},
				"south": {"uv": [3.47368, 3.21053, 3.42105, 6.63158], "texture": "#0"},
				"west": {"uv": [3.47368, 3.21053, 3.42105, 6.63158], "texture": "#0"},
				"up": {"uv": [3.47368, 3.21053, 3.42105, 3.26316], "texture": "#0"},
				"down": {"uv": [3.47368, 6.57895, 3.42105, 6.63158], "texture": "#0"}
			}
		},
		{
			"name": "question_mark_34",
			"from": [-1.15789, 8.10526, 5],
			"to": [-1.05263, 17.47369, 11],
			"rotation": {"angle": 0, "axis": "y", "origin": [8, 8, 8]},
			"faces": {
				"north": {"uv": [12.52632, 3.21053, 12.57895, 7.89474], "texture": "#0"},
				"east": {"uv": [12.57895, 3.21053, 12.52632, 7.89474], "texture": "#0"},
				"south": {"uv": [12.57895, 3.21053, 12.52632, 7.89474], "texture": "#0"},
				"west": {"uv": [12.57895, 3.21053, 12.52632, 7.89474], "texture": "#0"},
				"up": {"uv": [12.57895, 3.21053, 12.52632, 3.26316], "texture": "#0"},
				"down": {"uv": [12.57895, 7.84211, 12.52632, 7.89474], "texture": "#0"}
			}
		},
		{
			"name": "question_mark_35",
			"from": [17.15789, 10.63158, 5],
			"to": [17.26316, 17.36842, 11],
			"rotation": {"angle": 0, "axis": "y", "origin": [8, 8, 8]},
			"faces": {
				"north": {"uv": [3.36842, 3.26316, 3.42105, 6.63158], "texture": "#0"},
				"east": {"uv": [3.42105, 3.26316, 3.36842, 6.63158], "texture": "#0"},
				"south": {"uv": [3.42105, 3.26316, 3.36842, 6.63158], "texture": "#0"},
				"west": {"uv": [3.42105, 3.26316, 3.36842, 6.63158], "texture": "#0"},
				"up": {"uv": [3.42105, 3.26316, 3.36842, 3.31579], "texture": "#0"},
				"down": {"uv": [3.42105, 6.57895, 3.36842, 6.63158], "texture": "#0"}
			}
		},
		{
			"name": "question_mark_36",
			"from": [-1.26316, 8.21053, 5],
			"to": [-1.15789, 17.36842, 11],
			"rotation": {"angle": 0, "axis": "y", "origin": [8, 8, 8]},
			"faces": {
				"north": {"uv": [12.57895, 3.26316, 12.63158, 7.84211], "texture": "#0"},
				"east": {"uv": [12.63158, 3.26316, 12.57895, 7.84211], "texture": "#0"},
				"south": {"uv": [12.63158, 3.26316, 12.57895, 7.84211], "texture": "#0"},
				"west": {"uv": [12.63158, 3.26316, 12.57895, 7.84211], "texture": "#0"},
				"up": {"uv": [12.63158, 3.26316, 12.57895, 3.31579], "texture": "#0"},
				"down": {"uv": [12.63158, 7.78947, 12.57895, 7.84211], "texture": "#0"}
			}
		},
		{
			"name": "question_mark_37",
			"from": [17.26316, 10.63158, 5],
			"to": [17.36842, 17.26316, 11],
			"rotation": {"angle": 0, "axis": "y", "origin": [8, 8, 8]},
			"faces": {
				"north": {"uv": [3.31579, 3.31579, 3.36842, 6.63158], "texture": "#0"},
				"east": {"uv": [3.36842, 3.31579, 3.31579, 6.63158], "texture": "#0"},
				"south": {"uv": [3.36842, 3.31579, 3.31579, 6.63158], "texture": "#0"},
				"west": {"uv": [3.36842, 3.31579, 3.31579, 6.63158], "texture": "#0"},
				"up": {"uv": [3.36842, 3.31579, 3.31579, 3.36842], "texture": "#0"},
				"down": {"uv": [3.36842, 6.57895, 3.31579, 6.63158], "texture": "#0"}
			}
		},
		{
			"name": "question_mark_38",
			"from": [-1.36842, 8.31579, 5],
			"to": [-1.26316, 17.26316, 11],
			"rotation": {"angle": 0, "axis": "y", "origin": [8, 8, 8]},
			"faces": {
				"north": {"uv": [12.63158, 3.31579, 12.68421, 7.78947], "texture": "#0"},
				"east": {"uv": [12.68421, 3.31579, 12.63158, 7.78947], "texture": "#0"},
				"south": {"uv": [12.68421, 3.31579, 12.63158, 7.78947], "texture": "#0"},
				"west": {"uv": [12.68421, 3.31579, 12.63158, 7.78947], "texture": "#0"},
				"up": {"uv": [12.68421, 3.31579, 12.63158, 3.36842], "texture": "#0"},
				"down": {"uv": [12.68421, 7.73684, 12.63158, 7.78947], "texture": "#0"}
			}
		},
		{
			"name": "question_mark_39",
			"from": [17.36842, 10.63158, 5],
			"to": [17.47368, 17.1579, 11],
			"rotation": {"angle": 0, "axis": "y", "origin": [8, 8, 8]},
			"faces": {
				"north": {"uv": [3.26316, 3.36842, 3.31579, 6.63158], "texture": "#0"},
				"east": {"uv": [3.31579, 3.36842, 3.26316, 6.63158], "texture": "#0"},
				"south": {"uv": [3.31579, 3.36842, 3.26316, 6.63158], "texture": "#0"},
				"west": {"uv": [3.31579, 3.36842, 3.26316, 6.63158], "texture": "#0"},
				"up": {"uv": [3.31579, 3.36842, 3.26316, 3.42105], "texture": "#0"},
				"down": {"uv": [3.31579, 6.57895, 3.26316, 6.63158], "texture": "#0"}
			}
		},
		{
			"name": "question_mark_40",
			"from": [-1.47368, 8.42105, 5],
			"to": [-1.36842, 17.1579, 11],
			"rotation": {"angle": 0, "axis": "y", "origin": [8, 8, 8]},
			"faces": {
				"north": {"uv": [12.68421, 3.36842, 12.73684, 7.73684], "texture": "#0"},
				"east": {"uv": [12.73684, 3.36842, 12.68421, 7.73684], "texture": "#0"},
				"south": {"uv": [12.73684, 3.36842, 12.68421, 7.73684], "texture": "#0"},
				"west": {"uv": [12.73684, 3.36842, 12.68421, 7.73684], "texture": "#0"},
				"up": {"uv": [12.73684, 3.36842, 12.68421, 3.42105], "texture": "#0"},
				"down": {"uv": [12.73684, 7.68421, 12.68421, 7.73684], "texture": "#0"}
			}
		},
		{
			"name": "question_mark_41",
			"from": [17.47368, 10.63158, 5],
			"to": [17.57895, 17.05263, 11],
			"rotation": {"angle": 0, "axis": "y", "origin": [8, 8, 8]},
			"faces": {
				"north": {"uv": [3.21053, 3.42105, 3.26316, 6.63158], "texture": "#0"},
				"east": {"uv": [3.26316, 3.42105, 3.21053, 6.63158], "texture": "#0"},
				"south": {"uv": [3.26316, 3.42105, 3.21053, 6.63158], "texture": "#0"},
				"west": {"uv": [3.26316, 3.42105, 3.21053, 6.63158], "texture": "#0"},
				"up": {"uv": [3.26316, 3.42105, 3.21053, 3.47368], "texture": "#0"},
				"down": {"uv": [3.26316, 6.57895, 3.21053, 6.63158], "texture": "#0"}
			}
		},
		{
			"name": "question_mark_42",
			"from": [-1.57895, 8.52632, 5],
			"to": [-1.47368, 17.05263, 11],
			"rotation": {"angle": 0, "axis": "y", "origin": [8, 8, 8]},
			"faces": {
				"north": {"uv": [12.73684, 3.42105, 12.78947, 7.68421], "texture": "#0"},
				"east": {"uv": [12.78947, 3.42105, 12.73684, 7.68421], "texture": "#0"},
				"south": {"uv": [12.78947, 3.42105, 12.73684, 7.68421], "texture": "#0"},
				"west": {"uv": [12.78947, 3.42105, 12.73684, 7.68421], "texture": "#0"},
				"up": {"uv": [12.78947, 3.42105, 12.73684, 3.47368], "texture": "#0"},
				"down": {"uv": [12.78947, 7.63158, 12.73684, 7.68421], "texture": "#0"}
			}
		},
		{
			"name": "question_mark_43",
			"from": [17.57895, 10.63158, 5],
			"to": [17.68421, 16.94737, 11],
			"rotation": {"angle": 0, "axis": "y", "origin": [8, 8, 8]},
			"faces": {
				"north": {"uv": [3.15789, 3.47368, 3.21053, 6.63158], "texture": "#0"},
				"east": {"uv": [3.21053, 3.47368, 3.15789, 6.63158], "texture": "#0"},
				"south": {"uv": [3.21053, 3.47368, 3.15789, 6.63158], "texture": "#0"},
				"west": {"uv": [3.21053, 3.47368, 3.15789, 6.63158], "texture": "#0"},
				"up": {"uv": [3.21053, 3.47368, 3.15789, 3.52632], "texture": "#0"},
				"down": {"uv": [3.21053, 6.57895, 3.15789, 6.63158], "texture": "#0"}
			}
		},
		{
			"name": "question_mark_44",
			"from": [-1.68421, 8.63158, 5],
			"to": [-1.57895, 16.94737, 11],
			"rotation": {"angle": 0, "axis": "y", "origin": [8, 8, 8]},
			"faces": {
				"north": {"uv": [12.78947, 3.47368, 12.84211, 7.63158], "texture": "#0"},
				"east": {"uv": [12.84211, 3.47368, 12.78947, 7.63158], "texture": "#0"},
				"south": {"uv": [12.84211, 3.47368, 12.78947, 7.63158], "texture": "#0"},
				"west": {"uv": [12.84211, 3.47368, 12.78947, 7.63158], "texture": "#0"},
				"up": {"uv": [12.84211, 3.47368, 12.78947, 3.52632], "texture": "#0"},
				"down": {"uv": [12.84211, 7.57895, 12.78947, 7.63158], "texture": "#0"}
			}
		},
		{
			"name": "question_mark_45",
			"from": [17.68421, 10.63158, 5],
			"to": [17.78947, 16.84211, 11],
			"rotation": {"angle": 0, "axis": "y", "origin": [8, 8, 8]},
			"faces": {
				"north": {"uv": [3.10526, 3.52632, 3.15789, 6.63158], "texture": "#0"},
				"east": {"uv": [3.15789, 3.52632, 3.10526, 6.63158], "texture": "#0"},
				"south": {"uv": [3.15789, 3.52632, 3.10526, 6.63158], "texture": "#0"},
				"west": {"uv": [3.15789, 3.52632, 3.10526, 6.63158], "texture": "#0"},
				"up": {"uv": [3.15789, 3.52632, 3.10526, 3.57895], "texture": "#0"},
				"down": {"uv": [3.15789, 6.57895, 3.10526, 6.63158], "texture": "#0"}
			}
		},
		{
			"name": "question_mark_46",
			"from": [-1.78947, 8.73684, 5],
			"to": [-1.68421, 16.84211, 11],
			"rotation": {"angle": 0, "axis": "y", "origin": [8, 8, 8]},
			"faces": {
				"north": {"uv": [12.84211, 3.52632, 12.89474, 7.57895], "texture": "#0"},
				"east": {"uv": [12.89474, 3.52632, 12.84211, 7.57895], "texture": "#0"},
				"south": {"uv": [12.89474, 3.52632, 12.84211, 7.57895], "texture": "#0"},
				"west": {"uv": [12.89474, 3.52632, 12.84211, 7.57895], "texture": "#0"},
				"up": {"uv": [12.89474, 3.52632, 12.84211, 3.57895], "texture": "#0"},
				"down": {"uv": [12.89474, 7.52632, 12.84211, 7.57895], "texture": "#0"}
			}
		},
		{
			"name": "question_mark_47",
			"from": [17.78947, 10.63158, 5],
			"to": [17.89474, 16.73684, 11],
			"rotation": {"angle": 0, "axis": "y", "origin": [8, 8, 8]},
			"faces": {
				"north": {"uv": [3.05263, 3.57895, 3.10526, 6.63158], "texture": "#0"},
				"east": {"uv": [3.10526, 3.57895, 3.05263, 6.63158], "texture": "#0"},
				"south": {"uv": [3.10526, 3.57895, 3.05263, 6.63158], "texture": "#0"},
				"west": {"uv": [3.10526, 3.57895, 3.05263, 6.63158], "texture": "#0"},
				"up": {"uv": [3.10526, 3.57895, 3.05263, 3.63158], "texture": "#0"},
				"down": {"uv": [3.10526, 6.57895, 3.05263, 6.63158], "texture": "#0"}
			}
		},
		{
			"name": "question_mark_48",
			"from": [-1.89474, 8.84211, 5],
			"to": [-1.78947, 16.73684, 11],
			"rotation": {"angle": 0, "axis": "y", "origin": [8, 8, 8]},
			"faces": {
				"north": {"uv": [12.89474, 3.57895, 12.94737, 7.52632], "texture": "#0"},
				"east": {"uv": [12.94737, 3.57895, 12.89474, 7.52632], "texture": "#0"},
				"south": {"uv": [12.94737, 3.57895, 12.89474, 7.52632], "texture": "#0"},
				"west": {"uv": [12.94737, 3.57895, 12.89474, 7.52632], "texture": "#0"},
				"up": {"uv": [12.94737, 3.57895, 12.89474, 3.63158], "texture": "#0"},
				"down": {"uv": [12.94737, 7.47368, 12.89474, 7.52632], "texture": "#0"}
			}
		},
		{
			"name": "question_mark_49",
			"from": [17.89474, 10.73684, 5],
			"to": [18, 16.63158, 11],
			"rotation": {"angle": 0, "axis": "y", "origin": [8, 8, 8]},
			"faces": {
				"north": {"uv": [3, 3.63158, 3.05263, 6.57895], "texture": "#0"},
				"east": {"uv": [3.05263, 3.63158, 3, 6.57895], "texture": "#0"},
				"south": {"uv": [3.05263, 3.63158, 3, 6.57895], "texture": "#0"},
				"west": {"uv": [3.05263, 3.63158, 3, 6.57895], "texture": "#0"},
				"up": {"uv": [3.05263, 3.63158, 3, 3.68421], "texture": "#0"},
				"down": {"uv": [3.05263, 6.52632, 3, 6.57895], "texture": "#0"}
			}
		},
		{
			"name": "question_mark_50",
			"from": [-2, 8.94737, 5],
			"to": [-1.89474, 16.63158, 11],
			"rotation": {"angle": 0, "axis": "y", "origin": [8, 8, 8]},
			"faces": {
				"north": {"uv": [12.94737, 3.63158, 13, 7.47368], "texture": "#0"},
				"east": {"uv": [13, 3.63158, 12.94737, 7.47368], "texture": "#0"},
				"south": {"uv": [13, 3.63158, 12.94737, 7.47368], "texture": "#0"},
				"west": {"uv": [13, 3.63158, 12.94737, 7.47368], "texture": "#0"},
				"up": {"uv": [13, 3.63158, 12.94737, 3.68421], "texture": "#0"},
				"down": {"uv": [13, 7.42105, 12.94737, 7.47368], "texture": "#0"}
			}
		},
		{
			"name": "question_mark_51",
			"from": [18, 10.84211, 5],
			"to": [18.10526, 16.52632, 11],
			"rotation": {"angle": 0, "axis": "y", "origin": [8, 8, 8]},
			"faces": {
				"north": {"uv": [2.94737, 3.68421, 3, 6.52632], "texture": "#0"},
				"east": {"uv": [3, 3.68421, 2.94737, 6.52632], "texture": "#0"},
				"south": {"uv": [3, 3.68421, 2.94737, 6.52632], "texture": "#0"},
				"west": {"uv": [3, 3.68421, 2.94737, 6.52632], "texture": "#0"},
				"up": {"uv": [3, 3.68421, 2.94737, 3.73684], "texture": "#0"},
				"down": {"uv": [3, 6.47368, 2.94737, 6.52632], "texture": "#0"}
			}
		},
		{
			"name": "question_mark_52",
			"from": [-2.10526, 9.05263, 5],
			"to": [-2, 16.52632, 11],
			"rotation": {"angle": 0, "axis": "y", "origin": [8, 8, 8]},
			"faces": {
				"north": {"uv": [13, 3.68421, 13.05263, 7.42105], "texture": "#0"},
				"east": {"uv": [13.05263, 3.68421, 13, 7.42105], "texture": "#0"},
				"south": {"uv": [13.05263, 3.68421, 13, 7.42105], "texture": "#0"},
				"west": {"uv": [13.05263, 3.68421, 13, 7.42105], "texture": "#0"},
				"up": {"uv": [13.05263, 3.68421, 13, 3.73684], "texture": "#0"},
				"down": {"uv": [13.05263, 7.36842, 13, 7.42105], "texture": "#0"}
			}
		},
		{
			"name": "question_mark_53",
			"from": [11.89474, 10.84211, 5],
			"to": [15.36842, 15.1579, 11],
			"rotation": {"angle": 0, "axis": "y", "origin": [8, 8, 8]},
			"faces": {
				"north": {"uv": [4.31579, 4.36842, 6.05263, 6.52632], "texture": "#0"},
				"east": {"uv": [4.36842, 4.36842, 4.31579, 6.52632], "texture": "#0"},
				"south": {"uv": [6.05263, 4.36842, 4.31579, 6.52632], "texture": "#0"},
				"west": {"uv": [6.05263, 4.36842, 6, 6.52632], "texture": "#0"},
				"up": {"uv": [6.05263, 4.36842, 4.31579, 4.42105], "texture": "#0"},
				"down": {"uv": [6.05263, 6.47368, 4.31579, 6.52632], "texture": "#0"}
			}
		},
		{
			"name": "question_mark_54",
			"from": [11.68421, 14.94737, 5],
			"to": [11.89474, 15.1579, 11],
			"rotation": {"angle": 0, "axis": "y", "origin": [8, 8, 8]},
			"faces": {
				"north": {"uv": [6.05263, 4.36842, 6.15789, 4.47368], "texture": "#0"},
				"east": {"uv": [6.10526, 4.36842, 6.05263, 4.47368], "texture": "#0"},
				"south": {"uv": [6.15789, 4.36842, 6.05263, 4.47368], "texture": "#0"},
				"west": {"uv": [6.15789, 4.36842, 6.10526, 4.47368], "texture": "#0"},
				"up": {"uv": [6.15789, 4.36842, 6.05263, 4.42105], "texture": "#0"},
				"down": {"uv": [6.15789, 4.42105, 6.05263, 4.47368], "texture": "#0"}
			}
		},
		{
			"name": "question_mark_55",
			"from": [11.57895, 15.05263, 5],
			"to": [11.68421, 15.1579, 11],
			"rotation": {"angle": 0, "axis": "y", "origin": [8, 8, 8]},
			"faces": {
				"north": {"uv": [6.15789, 4.36842, 6.21053, 4.42105], "texture": "#0"},
				"east": {"uv": [6.21053, 4.36842, 6.15789, 4.42105], "texture": "#0"},
				"south": {"uv": [6.21053, 4.36842, 6.15789, 4.42105], "texture": "#0"},
				"west": {"uv": [6.21053, 4.36842, 6.15789, 4.42105], "texture": "#0"},
				"up": {"uv": [6.21053, 4.36842, 6.15789, 4.42105], "texture": "#0"},
				"down": {"uv": [6.21053, 4.36842, 6.15789, 4.42105], "texture": "#0"}
			}
		},
		{
			"name": "question_mark_56",
			"from": [0.63158, 15.05263, 5],
			"to": [4.42105, 15.1579, 11],
			"rotation": {"angle": 0, "axis": "y", "origin": [8, 8, 8]},
			"faces": {
				"north": {"uv": [9.78947, 4.36842, 11.68421, 4.42105], "texture": "#0"},
				"east": {"uv": [9.84211, 4.36842, 9.78947, 4.42105], "texture": "#0"},
				"south": {"uv": [11.68421, 4.36842, 9.78947, 4.42105], "texture": "#0"},
				"west": {"uv": [11.68421, 4.36842, 11.63158, 4.42105], "texture": "#0"},
				"up": {"uv": [11.68421, 4.36842, 9.78947, 4.42105], "texture": "#0"},
				"down": {"uv": [11.68421, 4.36842, 9.78947, 4.42105], "texture": "#0"}
			}
		},
		{
			"name": "question_mark_57",
			"from": [0.63158, 14.94737, 5],
			"to": [4.31579, 15.05263, 11],
			"rotation": {"angle": 0, "axis": "y", "origin": [8, 8, 8]},
			"faces": {
				"north": {"uv": [9.84211, 4.42105, 11.68421, 4.47368], "texture": "#0"},
				"east": {"uv": [9.89474, 4.42105, 9.84211, 4.47368], "texture": "#0"},
				"south": {"uv": [11.68421, 4.42105, 9.84211, 4.47368], "texture": "#0"},
				"west": {"uv": [11.68421, 4.42105, 11.63158, 4.47368], "texture": "#0"},
				"up": {"uv": [11.68421, 4.42105, 9.84211, 4.47368], "texture": "#0"},
				"down": {"uv": [11.68421, 4.42105, 9.84211, 4.47368], "texture": "#0"}
			}
		},
		{
			"name": "question_mark_58",
			"from": [11.78947, 14.84211, 5],
			"to": [11.89474, 14.94737, 11],
			"rotation": {"angle": 0, "axis": "y", "origin": [8, 8, 8]},
			"faces": {
				"north": {"uv": [6.05263, 4.47368, 6.10526, 4.52632], "texture": "#0"},
				"east": {"uv": [6.10526, 4.47368, 6.05263, 4.52632], "texture": "#0"},
				"south": {"uv": [6.10526, 4.47368, 6.05263, 4.52632], "texture": "#0"},
				"west": {"uv": [6.10526, 4.47368, 6.05263, 4.52632], "texture": "#0"},
				"up": {"uv": [6.10526, 4.47368, 6.05263, 4.52632], "texture": "#0"},
				"down": {"uv": [6.10526, 4.47368, 6.05263, 4.52632], "texture": "#0"}
			}
		},
		{
			"name": "question_mark_59",
			"from": [0.63158, 14.84211, 5],
			"to": [4.21053, 14.94737, 11],
			"rotation": {"angle": 0, "axis": "y", "origin": [8, 8, 8]},
			"faces": {
				"north": {"uv": [9.89474, 4.47368, 11.68421, 4.52632], "texture": "#0"},
				"east": {"uv": [9.94737, 4.47368, 9.89474, 4.52632], "texture": "#0"},
				"south": {"uv": [11.68421, 4.47368, 9.89474, 4.52632], "texture": "#0"},
				"west": {"uv": [11.68421, 4.47368, 11.63158, 4.52632], "texture": "#0"},
				"up": {"uv": [11.68421, 4.47368, 9.89474, 4.52632], "texture": "#0"},
				"down": {"uv": [11.68421, 4.47368, 9.89474, 4.52632], "texture": "#0"}
			}
		},
		{
			"name": "question_mark_60",
			"from": [0.63158, 6.42105, 5],
			"to": [4.10526, 14.84211, 11],
			"rotation": {"angle": 0, "axis": "y", "origin": [8, 8, 8]},
			"faces": {
				"north": {"uv": [9.94737, 4.52632, 11.68421, 8.73684], "texture": "#0"},
				"east": {"uv": [10, 4.52632, 9.94737, 8.73684], "texture": "#0"},
				"south": {"uv": [11.68421, 4.52632, 9.94737, 8.73684], "texture": "#0"},
				"west": {"uv": [11.68421, 4.52632, 11.63158, 8.73684], "texture": "#0"},
				"up": {"uv": [11.68421, 4.52632, 9.94737, 4.57895], "texture": "#0"},
				"down": {"uv": [11.68421, 8.68421, 9.94737, 8.73684], "texture": "#0"}
			}
		},
		{
			"name": "question_mark_61",
			"from": [12.10526, 10.63158, 5],
			"to": [15.36842, 10.84211, 11],
			"rotation": {"angle": 0, "axis": "y", "origin": [8, 8, 8]},
			"faces": {
				"north": {"uv": [4.31579, 6.52632, 5.94737, 6.63158], "texture": "#0"},
				"east": {"uv": [4.36842, 6.52632, 4.31579, 6.63158], "texture": "#0"},
				"south": {"uv": [5.94737, 6.52632, 4.31579, 6.63158], "texture": "#0"},
				"west": {"uv": [5.94737, 6.52632, 5.89474, 6.63158], "texture": "#0"},
				"up": {"uv": [5.94737, 6.52632, 4.31579, 6.57895], "texture": "#0"},
				"down": {"uv": [5.94737, 6.57895, 4.31579, 6.63158], "texture": "#0"}
			}
		},
		{
			"name": "question_mark_62",
			"from": [12, 10.73684, 5],
			"to": [12.10526, 10.84211, 11],
			"rotation": {"angle": 0, "axis": "y", "origin": [8, 8, 8]},
			"faces": {
				"north": {"uv": [5.94737, 6.52632, 6, 6.57895], "texture": "#0"},
				"east": {"uv": [6, 6.52632, 5.94737, 6.57895], "texture": "#0"},
				"south": {"uv": [6, 6.52632, 5.94737, 6.57895], "texture": "#0"},
				"west": {"uv": [6, 6.52632, 5.94737, 6.57895], "texture": "#0"},
				"up": {"uv": [6, 6.52632, 5.94737, 6.57895], "texture": "#0"},
				"down": {"uv": [6, 6.52632, 5.94737, 6.57895], "texture": "#0"}
			}
		},
		{
			"name": "question_mark_63",
			"from": [4.10526, 6.42105, 5],
			"to": [4.21053, 10.73684, 11],
			"rotation": {"angle": 0, "axis": "y", "origin": [8, 8, 8]},
			"faces": {
				"north": {"uv": [9.89474, 6.57895, 9.94737, 8.73684], "texture": "#0"},
				"east": {"uv": [9.94737, 6.57895, 9.89474, 8.73684], "texture": "#0"},
				"south": {"uv": [9.94737, 6.57895, 9.89474, 8.73684], "texture": "#0"},
				"west": {"uv": [9.94737, 6.57895, 9.89474, 8.73684], "texture": "#0"},
				"up": {"uv": [9.94737, 6.57895, 9.89474, 6.63158], "texture": "#0"},
				"down": {"uv": [9.94737, 8.68421, 9.89474, 8.73684], "texture": "#0"}
			}
		},
		{
			"name": "question_mark_64",
			"from": [4.21053, 6.42105, 5],
			"to": [4.31579, 10.63158, 11],
			"rotation": {"angle": 0, "axis": "y", "origin": [8, 8, 8]},
			"faces": {
				"north": {"uv": [9.84211, 6.63158, 9.89474, 8.73684], "texture": "#0"},
				"east": {"uv": [9.89474, 6.63158, 9.84211, 8.73684], "texture": "#0"},
				"south": {"uv": [9.89474, 6.63158, 9.84211, 8.73684], "texture": "#0"},
				"west": {"uv": [9.89474, 6.63158, 9.84211, 8.73684], "texture": "#0"},
				"up": {"uv": [9.89474, 6.63158, 9.84211, 6.68421], "texture": "#0"},
				"down": {"uv": [9.89474, 8.68421, 9.84211, 8.73684], "texture": "#0"}
			}
		},
		{
			"name": "question_mark_65",
			"from": [4.31579, 6.42105, 5],
			"to": [4.42105, 10.52632, 11],
			"rotation": {"angle": 0, "axis": "y", "origin": [8, 8, 8]},
			"faces": {
				"north": {"uv": [9.78947, 6.68421, 9.84211, 8.73684], "texture": "#0"},
				"east": {"uv": [9.84211, 6.68421, 9.78947, 8.73684], "texture": "#0"},
				"south": {"uv": [9.84211, 6.68421, 9.78947, 8.73684], "texture": "#0"},
				"west": {"uv": [9.84211, 6.68421, 9.78947, 8.73684], "texture": "#0"},
				"up": {"uv": [9.84211, 6.68421, 9.78947, 6.73684], "texture": "#0"},
				"down": {"uv": [9.84211, 8.68421, 9.78947, 8.73684], "texture": "#0"}
			}
		},
		{
			"name": "question_mark_66",
			"from": [4.42105, 6.42105, 5],
			"to": [8.42105, 10.42105, 11],
			"rotation": {"angle": 0, "axis": "y", "origin": [8, 8, 8]},
			"faces": {
				"north": {"uv": [7.78947, 6.73684, 9.78947, 8.73684], "texture": "#0"},
				"east": {"uv": [7.84211, 6.73684, 7.78947, 8.73684], "texture": "#0"},
				"south": {"uv": [9.78947, 6.73684, 7.78947, 8.73684], "texture": "#0"},
				"west": {"uv": [9.78947, 6.73684, 9.73684, 8.73684], "texture": "#0"},
				"up": {"uv": [9.78947, 6.73684, 7.78947, 6.78947], "texture": "#0"},
				"down": {"uv": [9.78947, 8.68421, 7.78947, 8.73684], "texture": "#0"}
			}
		},
		{
			"name": "question_mark_67",
			"from": [8.42105, 2.31579, 5],
			"to": [8.52632, 10.31579, 11],
			"rotation": {"angle": 0, "axis": "y", "origin": [8, 8, 8]},
			"faces": {
				"north": {"uv": [7.73684, 6.78947, 7.78947, 10.78947], "texture": "#0"},
				"east": {"uv": [7.78947, 6.78947, 7.73684, 10.78947], "texture": "#0"},
				"south": {"uv": [7.78947, 6.78947, 7.73684, 10.78947], "texture": "#0"},
				"west": {"uv": [7.78947, 6.78947, 7.73684, 10.78947], "texture": "#0"},
				"up": {"uv": [7.78947, 6.78947, 7.73684, 6.84211], "texture": "#0"},
				"down": {"uv": [7.78947, 10.73684, 7.73684, 10.78947], "texture": "#0"}
			}
		},
		{
			"name": "question_mark_68",
			"from": [8.52632, 2.31579, 5],
			"to": [8.63158, 10.21053, 11],
			"rotation": {"angle": 0, "axis": "y", "origin": [8, 8, 8]},
			"faces": {
				"north": {"uv": [7.68421, 6.84211, 7.73684, 10.78947], "texture": "#0"},
				"east": {"uv": [7.73684, 6.84211, 7.68421, 10.78947], "texture": "#0"},
				"south": {"uv": [7.73684, 6.84211, 7.68421, 10.78947], "texture": "#0"},
				"west": {"uv": [7.73684, 6.84211, 7.68421, 10.78947], "texture": "#0"},
				"up": {"uv": [7.73684, 6.84211, 7.68421, 6.89474], "texture": "#0"},
				"down": {"uv": [7.73684, 10.73684, 7.68421, 10.78947], "texture": "#0"}
			}
		},
		{
			"name": "question_mark_69",
			"from": [8.63158, 2.31579, 5],
			"to": [8.73684, 10.10526, 11],
			"rotation": {"angle": 0, "axis": "y", "origin": [8, 8, 8]},
			"faces": {
				"north": {"uv": [7.63158, 6.89474, 7.68421, 10.78947], "texture": "#0"},
				"east": {"uv": [7.68421, 6.89474, 7.63158, 10.78947], "texture": "#0"},
				"south": {"uv": [7.68421, 6.89474, 7.63158, 10.78947], "texture": "#0"},
				"west": {"uv": [7.68421, 6.89474, 7.63158, 10.78947], "texture": "#0"},
				"up": {"uv": [7.68421, 6.89474, 7.63158, 6.94737], "texture": "#0"},
				"down": {"uv": [7.68421, 10.73684, 7.63158, 10.78947], "texture": "#0"}
			}
		},
		{
			"name": "question_mark_70",
			"from": [8.73684, 2.31579, 5],
			"to": [8.84211, 10, 11],
			"rotation": {"angle": 0, "axis": "y", "origin": [8, 8, 8]},
			"faces": {
				"north": {"uv": [7.57895, 6.94737, 7.63158, 10.78947], "texture": "#0"},
				"east": {"uv": [7.63158, 6.94737, 7.57895, 10.78947], "texture": "#0"},
				"south": {"uv": [7.63158, 6.94737, 7.57895, 10.78947], "texture": "#0"},
				"west": {"uv": [7.63158, 6.94737, 7.57895, 10.78947], "texture": "#0"},
				"up": {"uv": [7.63158, 6.94737, 7.57895, 7], "texture": "#0"},
				"down": {"uv": [7.63158, 10.73684, 7.57895, 10.78947], "texture": "#0"}
			}
		},
		{
			"name": "question_mark_71",
			"from": [8.84211, 2.31579, 5],
			"to": [8.94737, 9.89474, 11],
			"rotation": {"angle": 0, "axis": "y", "origin": [8, 8, 8]},
			"faces": {
				"north": {"uv": [7.52632, 7, 7.57895, 10.78947], "texture": "#0"},
				"east": {"uv": [7.57895, 7, 7.52632, 10.78947], "texture": "#0"},
				"south": {"uv": [7.57895, 7, 7.52632, 10.78947], "texture": "#0"},
				"west": {"uv": [7.57895, 7, 7.52632, 10.78947], "texture": "#0"},
				"up": {"uv": [7.57895, 7, 7.52632, 7.05263], "texture": "#0"},
				"down": {"uv": [7.57895, 10.73684, 7.52632, 10.78947], "texture": "#0"}
			}
		},
		{
			"name": "question_mark_72",
			"from": [8.94737, 2.31579, 5],
			"to": [9.05263, 9.78948, 11],
			"rotation": {"angle": 0, "axis": "y", "origin": [8, 8, 8]},
			"faces": {
				"north": {"uv": [7.47368, 7.05263, 7.52632, 10.78947], "texture": "#0"},
				"east": {"uv": [7.52632, 7.05263, 7.47368, 10.78947], "texture": "#0"},
				"south": {"uv": [7.52632, 7.05263, 7.47368, 10.78947], "texture": "#0"},
				"west": {"uv": [7.52632, 7.05263, 7.47368, 10.78947], "texture": "#0"},
				"up": {"uv": [7.52632, 7.05263, 7.47368, 7.10526], "texture": "#0"},
				"down": {"uv": [7.52632, 10.73684, 7.47368, 10.78947], "texture": "#0"}
			}
		},
		{
			"name": "question_mark_73",
			"from": [9.05263, 2.31579, 5],
			"to": [9.15789, 9.68421, 11],
			"rotation": {"angle": 0, "axis": "y", "origin": [8, 8, 8]},
			"faces": {
				"north": {"uv": [7.42105, 7.10526, 7.47368, 10.78947], "texture": "#0"},
				"east": {"uv": [7.47368, 7.10526, 7.42105, 10.78947], "texture": "#0"},
				"south": {"uv": [7.47368, 7.10526, 7.42105, 10.78947], "texture": "#0"},
				"west": {"uv": [7.47368, 7.10526, 7.42105, 10.78947], "texture": "#0"},
				"up": {"uv": [7.47368, 7.10526, 7.42105, 7.15789], "texture": "#0"},
				"down": {"uv": [7.47368, 10.73684, 7.42105, 10.78947], "texture": "#0"}
			}
		},
		{
			"name": "question_mark_74",
			"from": [9.15789, 2.31579, 5],
			"to": [9.26316, 9.57895, 11],
			"rotation": {"angle": 0, "axis": "y", "origin": [8, 8, 8]},
			"faces": {
				"north": {"uv": [7.36842, 7.15789, 7.42105, 10.78947], "texture": "#0"},
				"east": {"uv": [7.42105, 7.15789, 7.36842, 10.78947], "texture": "#0"},
				"south": {"uv": [7.42105, 7.15789, 7.36842, 10.78947], "texture": "#0"},
				"west": {"uv": [7.42105, 7.15789, 7.36842, 10.78947], "texture": "#0"},
				"up": {"uv": [7.42105, 7.15789, 7.36842, 7.21053], "texture": "#0"},
				"down": {"uv": [7.42105, 10.73684, 7.36842, 10.78947], "texture": "#0"}
			}
		},
		{
			"name": "question_mark_75",
			"from": [9.26316, 2.31579, 5],
			"to": [9.36842, 9.47369, 11],
			"rotation": {"angle": 0, "axis": "y", "origin": [8, 8, 8]},
			"faces": {
				"north": {"uv": [7.31579, 7.21053, 7.36842, 10.78947], "texture": "#0"},
				"east": {"uv": [7.36842, 7.21053, 7.31579, 10.78947], "texture": "#0"},
				"south": {"uv": [7.36842, 7.21053, 7.31579, 10.78947], "texture": "#0"},
				"west": {"uv": [7.36842, 7.21053, 7.31579, 10.78947], "texture": "#0"},
				"up": {"uv": [7.36842, 7.21053, 7.31579, 7.26316], "texture": "#0"},
				"down": {"uv": [7.36842, 10.73684, 7.31579, 10.78947], "texture": "#0"}
			}
		},
		{
			"name": "question_mark_76",
			"from": [9.36842, 2.31579, 5],
			"to": [9.47368, 9.36842, 11],
			"rotation": {"angle": 0, "axis": "y", "origin": [8, 8, 8]},
			"faces": {
				"north": {"uv": [7.26316, 7.26316, 7.31579, 10.78947], "texture": "#0"},
				"east": {"uv": [7.31579, 7.26316, 7.26316, 10.78947], "texture": "#0"},
				"south": {"uv": [7.31579, 7.26316, 7.26316, 10.78947], "texture": "#0"},
				"west": {"uv": [7.31579, 7.26316, 7.26316, 10.78947], "texture": "#0"},
				"up": {"uv": [7.31579, 7.26316, 7.26316, 7.31579], "texture": "#0"},
				"down": {"uv": [7.31579, 10.73684, 7.26316, 10.78947], "texture": "#0"}
			}
		},
		{
			"name": "question_mark_77",
			"from": [9.47368, 2.31579, 5],
			"to": [9.57895, 9.26316, 11],
			"rotation": {"angle": 0, "axis": "y", "origin": [8, 8, 8]},
			"faces": {
				"north": {"uv": [7.21053, 7.31579, 7.26316, 10.78947], "texture": "#0"},
				"east": {"uv": [7.26316, 7.31579, 7.21053, 10.78947], "texture": "#0"},
				"south": {"uv": [7.26316, 7.31579, 7.21053, 10.78947], "texture": "#0"},
				"west": {"uv": [7.26316, 7.31579, 7.21053, 10.78947], "texture": "#0"},
				"up": {"uv": [7.26316, 7.31579, 7.21053, 7.36842], "texture": "#0"},
				"down": {"uv": [7.26316, 10.73684, 7.21053, 10.78947], "texture": "#0"}
			}
		},
		{
			"name": "question_mark_78",
			"from": [9.57895, 2.31579, 5],
			"to": [9.68421, 9.1579, 11],
			"rotation": {"angle": 0, "axis": "y", "origin": [8, 8, 8]},
			"faces": {
				"north": {"uv": [7.15789, 7.36842, 7.21053, 10.78947], "texture": "#0"},
				"east": {"uv": [7.21053, 7.36842, 7.15789, 10.78947], "texture": "#0"},
				"south": {"uv": [7.21053, 7.36842, 7.15789, 10.78947], "texture": "#0"},
				"west": {"uv": [7.21053, 7.36842, 7.15789, 10.78947], "texture": "#0"},
				"up": {"uv": [7.21053, 7.36842, 7.15789, 7.42105], "texture": "#0"},
				"down": {"uv": [7.21053, 10.73684, 7.15789, 10.78947], "texture": "#0"}
			}
		},
		{
			"name": "question_mark_79",
			"from": [9.68421, 2.31579, 5],
			"to": [9.78947, 9.05263, 11],
			"rotation": {"angle": 0, "axis": "y", "origin": [8, 8, 8]},
			"faces": {
				"north": {"uv": [7.10526, 7.42105, 7.15789, 10.78947], "texture": "#0"},
				"east": {"uv": [7.15789, 7.42105, 7.10526, 10.78947], "texture": "#0"},
				"south": {"uv": [7.15789, 7.42105, 7.10526, 10.78947], "texture": "#0"},
				"west": {"uv": [7.15789, 7.42105, 7.10526, 10.78947], "texture": "#0"},
				"up": {"uv": [7.15789, 7.42105, 7.10526, 7.47368], "texture": "#0"},
				"down": {"uv": [7.15789, 10.73684, 7.10526, 10.78947], "texture": "#0"}
			}
		},
		{
			"name": "question_mark_80",
			"from": [9.78947, 2.31579, 5],
			"to": [9.89474, 8.94737, 11],
			"rotation": {"angle": 0, "axis": "y", "origin": [8, 8, 8]},
			"faces": {
				"north": {"uv": [7.05263, 7.47368, 7.10526, 10.78947], "texture": "#0"},
				"east": {"uv": [7.10526, 7.47368, 7.05263, 10.78947], "texture": "#0"},
				"south": {"uv": [7.10526, 7.47368, 7.05263, 10.78947], "texture": "#0"},
				"west": {"uv": [7.10526, 7.47368, 7.05263, 10.78947], "texture": "#0"},
				"up": {"uv": [7.10526, 7.47368, 7.05263, 7.52632], "texture": "#0"},
				"down": {"uv": [7.10526, 10.73684, 7.05263, 10.78947], "texture": "#0"}
			}
		},
		{
			"name": "question_mark_81",
			"from": [9.89474, 2.31579, 5],
			"to": [10, 8.84211, 11],
			"rotation": {"angle": 0, "axis": "y", "origin": [8, 8, 8]},
			"faces": {
				"north": {"uv": [7, 7.52632, 7.05263, 10.78947], "texture": "#0"},
				"east": {"uv": [7.05263, 7.52632, 7, 10.78947], "texture": "#0"},
				"south": {"uv": [7.05263, 7.52632, 7, 10.78947], "texture": "#0"},
				"west": {"uv": [7.05263, 7.52632, 7, 10.78947], "texture": "#0"},
				"up": {"uv": [7.05263, 7.52632, 7, 7.57895], "texture": "#0"},
				"down": {"uv": [7.05263, 10.73684, 7, 10.78947], "texture": "#0"}
			}
		},
		{
			"name": "question_mark_82",
			"from": [10, 2.31579, 5],
			"to": [10.10526, 8.73684, 11],
			"rotation": {"angle": 0, "axis": "y", "origin": [8, 8, 8]},
			"faces": {
				"north": {"uv": [6.94737, 7.57895, 7, 10.78947], "texture": "#0"},
				"east": {"uv": [7, 7.57895, 6.94737, 10.78947], "texture": "#0"},
				"south": {"uv": [7, 7.57895, 6.94737, 10.78947], "texture": "#0"},
				"west": {"uv": [7, 7.57895, 6.94737, 10.78947], "texture": "#0"},
				"up": {"uv": [7, 7.57895, 6.94737, 7.63158], "texture": "#0"},
				"down": {"uv": [7, 10.73684, 6.94737, 10.78947], "texture": "#0"}
			}
		},
		{
			"name": "question_mark_83",
			"from": [10.10526, 2.31579, 5],
			"to": [10.21053, 8.63158, 11],
			"rotation": {"angle": 0, "axis": "y", "origin": [8, 8, 8]},
			"faces": {
				"north": {"uv": [6.89474, 7.63158, 6.94737, 10.78947], "texture": "#0"},
				"east": {"uv": [6.94737, 7.63158, 6.89474, 10.78947], "texture": "#0"},
				"south": {"uv": [6.94737, 7.63158, 6.89474, 10.78947], "texture": "#0"},
				"west": {"uv": [6.94737, 7.63158, 6.89474, 10.78947], "texture": "#0"},
				"up": {"uv": [6.94737, 7.63158, 6.89474, 7.68421], "texture": "#0"},
				"down": {"uv": [6.94737, 10.73684, 6.89474, 10.78947], "texture": "#0"}
			}
		},
		{
			"name": "question_mark_84",
			"from": [10.21053, 2.31579, 5],
			"to": [10.31579, 8.52632, 11],
			"rotation": {"angle": 0, "axis": "y", "origin": [8, 8, 8]},
			"faces": {
				"north": {"uv": [6.84211, 7.68421, 6.89474, 10.78947], "texture": "#0"},
				"east": {"uv": [6.89474, 7.68421, 6.84211, 10.78947], "texture": "#0"},
				"south": {"uv": [6.89474, 7.68421, 6.84211, 10.78947], "texture": "#0"},
				"west": {"uv": [6.89474, 7.68421, 6.84211, 10.78947], "texture": "#0"},
				"up": {"uv": [6.89474, 7.68421, 6.84211, 7.73684], "texture": "#0"},
				"down": {"uv": [6.89474, 10.73684, 6.84211, 10.78947], "texture": "#0"}
			}
		},
		{
			"name": "question_mark_85",
			"from": [10.31579, 2.31579, 5],
			"to": [10.42105, 8.42105, 11],
			"rotation": {"angle": 0, "axis": "y", "origin": [8, 8, 8]},
			"faces": {
				"north": {"uv": [6.78947, 7.73684, 6.84211, 10.78947], "texture": "#0"},
				"east": {"uv": [6.84211, 7.73684, 6.78947, 10.78947], "texture": "#0"},
				"south": {"uv": [6.84211, 7.73684, 6.78947, 10.78947], "texture": "#0"},
				"west": {"uv": [6.84211, 7.73684, 6.78947, 10.78947], "texture": "#0"},
				"up": {"uv": [6.84211, 7.73684, 6.78947, 7.78947], "texture": "#0"},
				"down": {"uv": [6.84211, 10.73684, 6.78947, 10.78947], "texture": "#0"}
			}
		},
		{
			"name": "question_mark_86",
			"from": [10.42105, 2.31579, 5],
			"to": [10.52632, 8.31579, 11],
			"rotation": {"angle": 0, "axis": "y", "origin": [8, 8, 8]},
			"faces": {
				"north": {"uv": [6.73684, 7.78947, 6.78947, 10.78947], "texture": "#0"},
				"east": {"uv": [6.78947, 7.78947, 6.73684, 10.78947], "texture": "#0"},
				"south": {"uv": [6.78947, 7.78947, 6.73684, 10.78947], "texture": "#0"},
				"west": {"uv": [6.78947, 7.78947, 6.73684, 10.78947], "texture": "#0"},
				"up": {"uv": [6.78947, 7.78947, 6.73684, 7.84211], "texture": "#0"},
				"down": {"uv": [6.78947, 10.73684, 6.73684, 10.78947], "texture": "#0"}
			}
		},
		{
			"name": "question_mark_87",
			"from": [10.52632, 2.31579, 5],
			"to": [10.63158, 8.21053, 11],
			"rotation": {"angle": 0, "axis": "y", "origin": [8, 8, 8]},
			"faces": {
				"north": {"uv": [6.68421, 7.84211, 6.73684, 10.78947], "texture": "#0"},
				"east": {"uv": [6.73684, 7.84211, 6.68421, 10.78947], "texture": "#0"},
				"south": {"uv": [6.73684, 7.84211, 6.68421, 10.78947], "texture": "#0"},
				"west": {"uv": [6.73684, 7.84211, 6.68421, 10.78947], "texture": "#0"},
				"up": {"uv": [6.73684, 7.84211, 6.68421, 7.89474], "texture": "#0"},
				"down": {"uv": [6.73684, 10.73684, 6.68421, 10.78947], "texture": "#0"}
			}
		},
		{
			"name": "question_mark_88",
			"from": [10.63158, 2.31579, 5],
			"to": [10.73684, 8.10526, 11],
			"rotation": {"angle": 0, "axis": "y", "origin": [8, 8, 8]},
			"faces": {
				"north": {"uv": [6.63158, 7.89474, 6.68421, 10.78947], "texture": "#0"},
				"east": {"uv": [6.68421, 7.89474, 6.63158, 10.78947], "texture": "#0"},
				"south": {"uv": [6.68421, 7.89474, 6.63158, 10.78947], "texture": "#0"},
				"west": {"uv": [6.68421, 7.89474, 6.63158, 10.78947], "texture": "#0"},
				"up": {"uv": [6.68421, 7.89474, 6.63158, 7.94737], "texture": "#0"},
				"down": {"uv": [6.68421, 10.73684, 6.63158, 10.78947], "texture": "#0"}
			}
		},
		{
			"name": "question_mark_89",
			"from": [10.73684, 2.31579, 5],
			"to": [10.84211, 8, 11],
			"rotation": {"angle": 0, "axis": "y", "origin": [8, 8, 8]},
			"faces": {
				"north": {"uv": [6.57895, 7.94737, 6.63158, 10.78947], "texture": "#0"},
				"east": {"uv": [6.63158, 7.94737, 6.57895, 10.78947], "texture": "#0"},
				"south": {"uv": [6.63158, 7.94737, 6.57895, 10.78947], "texture": "#0"},
				"west": {"uv": [6.63158, 7.94737, 6.57895, 10.78947], "texture": "#0"},
				"up": {"uv": [6.63158, 7.94737, 6.57895, 8], "texture": "#0"},
				"down": {"uv": [6.63158, 10.73684, 6.57895, 10.78947], "texture": "#0"}
			}
		},
		{
			"name": "question_mark_90",
			"from": [10.84211, 2.42105, 5],
			"to": [10.94737, 7.89474, 11],
			"rotation": {"angle": 0, "axis": "y", "origin": [8, 8, 8]},
			"faces": {
				"north": {"uv": [6.52632, 8, 6.57895, 10.73684], "texture": "#0"},
				"east": {"uv": [6.57895, 8, 6.52632, 10.73684], "texture": "#0"},
				"south": {"uv": [6.57895, 8, 6.52632, 10.73684], "texture": "#0"},
				"west": {"uv": [6.57895, 8, 6.52632, 10.73684], "texture": "#0"},
				"up": {"uv": [6.57895, 8, 6.52632, 8.05263], "texture": "#0"},
				"down": {"uv": [6.57895, 10.68421, 6.52632, 10.73684], "texture": "#0"}
			}
		},
		{
			"name": "question_mark_91",
			"from": [10.94737, 2.52632, 5],
			"to": [11.05263, 7.78948, 11],
			"rotation": {"angle": 0, "axis": "y", "origin": [8, 8, 8]},
			"faces": {
				"north": {"uv": [6.47368, 8.05263, 6.52632, 10.68421], "texture": "#0"},
				"east": {"uv": [6.52632, 8.05263, 6.47368, 10.68421], "texture": "#0"},
				"south": {"uv": [6.52632, 8.05263, 6.47368, 10.68421], "texture": "#0"},
				"west": {"uv": [6.52632, 8.05263, 6.47368, 10.68421], "texture": "#0"},
				"up": {"uv": [6.52632, 8.05263, 6.47368, 8.10526], "texture": "#0"},
				"down": {"uv": [6.52632, 10.63158, 6.47368, 10.68421], "texture": "#0"}
			}
		},
		{
			"name": "question_mark_92",
			"from": [4.94737, 2.52632, 5],
			"to": [8.42105, 6.42105, 11],
			"rotation": {"angle": 0, "axis": "y", "origin": [8, 8, 8]},
			"faces": {
				"north": {"uv": [7.78947, 8.73684, 9.52632, 10.68421], "texture": "#0"},
				"east": {"uv": [7.84211, 8.73684, 7.78947, 10.68421], "texture": "#0"},
				"south": {"uv": [9.52632, 8.73684, 7.78947, 10.68421], "texture": "#0"},
				"west": {"uv": [9.52632, 8.73684, 9.47368, 10.68421], "texture": "#0"},
				"up": {"uv": [9.52632, 8.73684, 7.78947, 8.78947], "texture": "#0"},
				"down": {"uv": [9.52632, 10.63158, 7.78947, 10.68421], "texture": "#0"}
			}
		},
		{
			"name": "question_mark_93",
			"from": [4.63158, 6.21053, 5],
			"to": [4.94737, 6.42105, 11],
			"rotation": {"angle": 0, "axis": "y", "origin": [8, 8, 8]},
			"faces": {
				"north": {"uv": [9.52632, 8.73684, 9.68421, 8.84211], "texture": "#0"},
				"east": {"uv": [9.57895, 8.73684, 9.52632, 8.84211], "texture": "#0"},
				"south": {"uv": [9.68421, 8.73684, 9.52632, 8.84211], "texture": "#0"},
				"west": {"uv": [9.68421, 8.73684, 9.63158, 8.84211], "texture": "#0"},
				"up": {"uv": [9.68421, 8.73684, 9.52632, 8.78947], "texture": "#0"},
				"down": {"uv": [9.68421, 8.78947, 9.52632, 8.84211], "texture": "#0"}
			}
		},
		{
			"name": "question_mark_94",
			"from": [4.52632, 6.31579, 5],
			"to": [4.63158, 6.42105, 11],
			"rotation": {"angle": 0, "axis": "y", "origin": [8, 8, 8]},
			"faces": {
				"north": {"uv": [9.68421, 8.73684, 9.73684, 8.78947], "texture": "#0"},
				"east": {"uv": [9.73684, 8.73684, 9.68421, 8.78947], "texture": "#0"},
				"south": {"uv": [9.73684, 8.73684, 9.68421, 8.78947], "texture": "#0"},
				"west": {"uv": [9.73684, 8.73684, 9.68421, 8.78947], "texture": "#0"},
				"up": {"uv": [9.73684, 8.73684, 9.68421, 8.78947], "texture": "#0"},
				"down": {"uv": [9.73684, 8.73684, 9.68421, 8.78947], "texture": "#0"}
			}
		},
		{
			"name": "question_mark_95",
			"from": [4.73684, 6.10526, 5],
			"to": [4.94737, 6.21053, 11],
			"rotation": {"angle": 0, "axis": "y", "origin": [8, 8, 8]},
			"faces": {
				"north": {"uv": [9.52632, 8.84211, 9.63158, 8.89474], "texture": "#0"},
				"east": {"uv": [9.57895, 8.84211, 9.52632, 8.89474], "texture": "#0"},
				"south": {"uv": [9.63158, 8.84211, 9.52632, 8.89474], "texture": "#0"},
				"west": {"uv": [9.63158, 8.84211, 9.57895, 8.89474], "texture": "#0"},
				"up": {"uv": [9.63158, 8.84211, 9.52632, 8.89474], "texture": "#0"},
				"down": {"uv": [9.63158, 8.84211, 9.52632, 8.89474], "texture": "#0"}
			}
		},
		{
			"name": "question_mark_96",
			"from": [4.84211, 6, 5],
			"to": [4.94737, 6.10526, 11],
			"rotation": {"angle": 0, "axis": "y", "origin": [8, 8, 8]},
			"faces": {
				"north": {"uv": [9.52632, 8.89474, 9.57895, 8.94737], "texture": "#0"},
				"east": {"uv": [9.57895, 8.89474, 9.52632, 8.94737], "texture": "#0"},
				"south": {"uv": [9.57895, 8.89474, 9.52632, 8.94737], "texture": "#0"},
				"west": {"uv": [9.57895, 8.89474, 9.52632, 8.94737], "texture": "#0"},
				"up": {"uv": [9.57895, 8.89474, 9.52632, 8.94737], "texture": "#0"},
				"down": {"uv": [9.57895, 8.89474, 9.52632, 8.94737], "texture": "#0"}
			}
		},
		{
			"name": "question_mark_97",
			"from": [5.15789, 2.31579, 5],
			"to": [8.42105, 2.52632, 11],
			"rotation": {"angle": 0, "axis": "y", "origin": [8, 8, 8]},
			"faces": {
				"north": {"uv": [7.78947, 10.68421, 9.42105, 10.78947], "texture": "#0"},
				"east": {"uv": [7.84211, 10.68421, 7.78947, 10.78947], "texture": "#0"},
				"south": {"uv": [9.42105, 10.68421, 7.78947, 10.78947], "texture": "#0"},
				"west": {"uv": [9.42105, 10.68421, 9.36842, 10.78947], "texture": "#0"},
				"up": {"uv": [9.42105, 10.68421, 7.78947, 10.73684], "texture": "#0"},
				"down": {"uv": [9.42105, 10.73684, 7.78947, 10.78947], "texture": "#0"}
			}
		},
		{
			"name": "question_mark_98",
			"from": [5.05263, 2.42105, 5],
			"to": [5.15789, 2.52632, 11],
			"rotation": {"angle": 0, "axis": "y", "origin": [8, 8, 8]},
			"faces": {
				"north": {"uv": [9.42105, 10.68421, 9.47368, 10.73684], "texture": "#0"},
				"east": {"uv": [9.47368, 10.68421, 9.42105, 10.73684], "texture": "#0"},
				"south": {"uv": [9.47368, 10.68421, 9.42105, 10.73684], "texture": "#0"},
				"west": {"uv": [9.47368, 10.68421, 9.42105, 10.73684], "texture": "#0"},
				"up": {"uv": [9.47368, 10.68421, 9.42105, 10.73684], "texture": "#0"},
				"down": {"uv": [9.47368, 10.68421, 9.42105, 10.73684], "texture": "#0"}
			}
		},
		{
			"name": "question_mark_99",
			"from": [5.15789, -3.26316, 5],
			"to": [10.84211, 0.84211, 11],
			"rotation": {"angle": 0, "axis": "y", "origin": [8, 8, 8]},
			"faces": {
				"north": {"uv": [6.57895, 11.52632, 9.42105, 13.57895], "texture": "#0"},
				"east": {"uv": [6.63158, 11.52632, 6.57895, 13.57895], "texture": "#0"},
				"south": {"uv": [9.42105, 11.52632, 6.57895, 13.57895], "texture": "#0"},
				"west": {"uv": [9.42105, 11.52632, 9.36842, 13.57895], "texture": "#0"},
				"up": {"uv": [9.42105, 11.52632, 6.57895, 11.57895], "texture": "#0"},
				"down": {"uv": [9.42105, 13.52632, 6.57895, 13.57895], "texture": "#0"}
			}
		},
		{
			"name": "question_mark_100",
			"from": [10.84211, -3.15789, 5],
			"to": [10.94737, 0.73684, 11],
			"rotation": {"angle": 0, "axis": "y", "origin": [8, 8, 8]},
			"faces": {
				"north": {"uv": [6.52632, 11.57895, 6.57895, 13.52632], "texture": "#0"},
				"east": {"uv": [6.57895, 11.57895, 6.52632, 13.52632], "texture": "#0"},
				"south": {"uv": [6.57895, 11.57895, 6.52632, 13.52632], "texture": "#0"},
				"west": {"uv": [6.57895, 11.57895, 6.52632, 13.52632], "texture": "#0"},
				"up": {"uv": [6.57895, 11.57895, 6.52632, 11.63158], "texture": "#0"},
				"down": {"uv": [6.57895, 13.47368, 6.52632, 13.52632], "texture": "#0"}
			}
		},
		{
			"name": "question_mark_101",
			"from": [5.05263, -3.15789, 5],
			"to": [5.15789, 0.73684, 11],
			"rotation": {"angle": 0, "axis": "y", "origin": [8, 8, 8]},
			"faces": {
				"north": {"uv": [9.42105, 11.57895, 9.47368, 13.52632], "texture": "#0"},
				"east": {"uv": [9.47368, 11.57895, 9.42105, 13.52632], "texture": "#0"},
				"south": {"uv": [9.47368, 11.57895, 9.42105, 13.52632], "texture": "#0"},
				"west": {"uv": [9.47368, 11.57895, 9.42105, 13.52632], "texture": "#0"},
				"up": {"uv": [9.47368, 11.57895, 9.42105, 11.63158], "texture": "#0"},
				"down": {"uv": [9.47368, 13.47368, 9.42105, 13.52632], "texture": "#0"}
			}
		},
		{
			"name": "question_mark_102",
			"from": [10.94737, -3.05263, 5],
			"to": [11.05263, 0.63158, 11],
			"rotation": {"angle": 0, "axis": "y", "origin": [8, 8, 8]},
			"faces": {
				"north": {"uv": [6.47368, 11.63158, 6.52632, 13.47368], "texture": "#0"},
				"east": {"uv": [6.52632, 11.63158, 6.47368, 13.47368], "texture": "#0"},
				"south": {"uv": [6.52632, 11.63158, 6.47368, 13.47368], "texture": "#0"},
				"west": {"uv": [6.52632, 11.63158, 6.47368, 13.47368], "texture": "#0"},
				"up": {"uv": [6.52632, 11.63158, 6.47368, 11.68421], "texture": "#0"},
				"down": {"uv": [6.52632, 13.42105, 6.47368, 13.47368], "texture": "#0"}
			}
		},
		{
			"name": "question_mark_103",
			"from": [4.94737, -3.05263, 5],
			"to": [5.05263, 0.63158, 11],
			"rotation": {"angle": 0, "axis": "y", "origin": [8, 8, 8]},
			"faces": {
				"north": {"uv": [9.47368, 11.63158, 9.52632, 13.47368], "texture": "#0"},
				"east": {"uv": [9.52632, 11.63158, 9.47368, 13.47368], "texture": "#0"},
				"south": {"uv": [9.52632, 11.63158, 9.47368, 13.47368], "texture": "#0"},
				"west": {"uv": [9.52632, 11.63158, 9.47368, 13.47368], "texture": "#0"},
				"up": {"uv": [9.52632, 11.63158, 9.47368, 11.68421], "texture": "#0"},
				"down": {"uv": [9.52632, 13.42105, 9.47368, 13.47368], "texture": "#0"}
			}
		}
	],
	"groups": [
		{
			"name": "question_mark",
			"origin": [8, 7.89474, 15],
			"color": 0,
			"nbt": "{}",
			"children": [
				0,
				1,
				2,
				3,
				4,
				5,
				6,
				7,
				8,
				9,
				10,
				11,
				12,
				13,
				14,
				15,
				16,
				17,
				18,
				19,
				20,
				21,
				22,
				23,
				24,
				25,
				26,
				27,
				28,
				29,
				30,
				31,
				32,
				33,
				34,
				35,
				36,
				37,
				38,
				39,
				40,
				41,
				42,
				43,
				44,
				45,
				46,
				47,
				48,
				49,
				50,
				51,
				52,
				53,
				54,
				55,
				56,
				57,
				58,
				59,
				60,
				61,
				62,
				63,
				64,
				65,
				66,
				67,
				68,
				69,
				70,
				71,
				72,
				73,
				74,
				75,
				76,
				77,
				78,
				79,
				80,
				81,
				82,
				83,
				84,
				85,
				86,
				87,
				88,
				89,
				90,
				91,
				92,
				93,
				94,
				95,
				96,
				97,
				98,
				99,
				100,
				101,
				102,
				103
			]
		}
	]
}
