{
	"parent": "item/handheld",
	"textures": {
		"layer0": "ssbrc:fighters/joker/items/rebels_knife/gold"
	},
	"display": {
		"thirdperson_righthand": {
			"rotation": [135, -90, 0],
			"translation": [0, -9, 1.5],
			"scale": [0.85, 0.85, 0.85]
		},
		"thirdperson_lefthand": {
			"rotation": [135, 90, 0],
			"translation": [0, -9, 1.5],
			"scale": [0.85, 0.85, 0.85]
		},
		"firstperson_righthand": {
			"rotation": [0, -90, 25],
			"translation": [1.13, 3.2, 1.13],
			"scale": [0.68, 0.68, 0.68]
		},
		"firstperson_lefthand": {
			"rotation": [0, 90, -25],
			"translation": [1.13, 3.2, 1.13],
			"scale": [0.68, 0.68, 0.68]
		}
	}
}
