{
	"parent": "item/handheld",
	"textures": {
		"layer0": "ssbrc:fighters/fox/items/blaster/default"
	},
	"display": {
		"thirdperson_righthand": {
			"rotation": [-45, -90, 0],
			"translation": [0, 0.25, -1],
			"scale": [0.75, 0.75, 1]
		},
		"thirdperson_lefthand": {
			"rotation": [-45, 90, 0],
			"translation": [0, 0.25, -1],
			"scale": [0.75, 0.75, 1]
		},
		"firstperson_righthand": {
			"rotation": [-45, -90, 0],
			"translation": [6, 0, 0]
		},
		"firstperson_lefthand": {
			"rotation": [-45, 90, 0],
			"translation": [6, 0, 0]
		},
		"ground": {
			"translation": [0, 5, 0]
		}
	}
}
