{
	"texture_size": [64, 64],
	"textures": {
		"0": "ssbrc:fighters/kingkrool/skins/default"
	},
	"elements": [
		{
			"name": "Head",
			"from": [4, 0.5, 4],
			"to": [12, 8.5, 12],
			"rotation": {"angle": 0, "axis": "y", "origin": [8, 4.5, 8]},
			"faces": {
				"north": {"uv": [2, 2, 4, 4], "texture": "#0"},
				"east": {"uv": [0, 2, 2, 4], "texture": "#0"},
				"south": {"uv": [6, 2, 8, 4], "texture": "#0"},
				"west": {"uv": [4, 2, 6, 4], "texture": "#0"},
				"up": {"uv": [4, 2, 2, 0], "texture": "#0"},
				"down": {"uv": [6, 0, 4, 2], "texture": "#0"}
			}
		},
		{
			"name": "Hat Layer",
			"from": [3.5, 0, 3.5],
			"to": [12.5, 9, 12.5],
			"rotation": {"angle": 0, "axis": "y", "origin": [8, 4.5, 8]},
			"faces": {
				"north": {"uv": [10, 2, 12, 4], "texture": "#0"},
				"east": {"uv": [8, 2, 10, 4], "texture": "#0"},
				"south": {"uv": [14, 2, 16, 4], "texture": "#0"},
				"west": {"uv": [12, 2, 14, 4], "texture": "#0"},
				"up": {"uv": [12, 2, 10, 0], "texture": "#0"},
				"down": {"uv": [14, 0, 12, 2], "texture": "#0"}
			}
		},
		{
			"from": [7.5, 9.5, 10.5],
			"to": [8.5, 10, 11.5],
			"faces": {
				"north": {"uv": [6.75, 0, 7, 0.125], "texture": "#0"},
				"east": {"uv": [6.75, 0, 7, 0.125], "texture": "#0"},
				"south": {"uv": [6.75, 0, 7, 0.125], "texture": "#0"},
				"west": {"uv": [6.75, 0, 7, 0.125], "texture": "#0"},
				"up": {"uv": [6.75, 0, 7, 0.25], "texture": "#0"}
			}
		},
		{
			"from": [7.5, 9.5, 6.5],
			"to": [8.5, 10, 7.5],
			"faces": {
				"north": {"uv": [6.75, 0, 7, 0.125], "texture": "#0"},
				"east": {"uv": [6.75, 0, 7, 0.125], "texture": "#0"},
				"south": {"uv": [6.75, 0, 7, 0.125], "texture": "#0"},
				"west": {"uv": [6.75, 0, 7, 0.125], "texture": "#0"},
				"up": {"uv": [6.75, 0, 7, 0.25], "texture": "#0"}
			}
		},
		{
			"from": [5.5, 9.5, 8.5],
			"to": [6.5, 10, 9.5],
			"faces": {
				"north": {"uv": [6.75, 0, 7, 0.125], "texture": "#0"},
				"east": {"uv": [6.75, 0, 7, 0.125], "texture": "#0"},
				"south": {"uv": [6.75, 0, 7, 0.125], "texture": "#0"},
				"west": {"uv": [6.75, 0, 7, 0.125], "texture": "#0"},
				"up": {"uv": [6.75, 0, 7, 0.25], "texture": "#0"}
			}
		},
		{
			"from": [9.5, 9.5, 10.5],
			"to": [10.5, 10.5, 11.5],
			"faces": {
				"north": {"uv": [0, 0, 0.25, 0.25], "texture": "#0"},
				"east": {"uv": [0, 0, 0.25, 0.25], "texture": "#0"},
				"south": {"uv": [0, 0, 0.25, 0.25], "texture": "#0"},
				"west": {"uv": [0, 0, 0.25, 0.25], "texture": "#0"},
				"up": {"uv": [0, 0, 0.25, 0.25], "texture": "#0"}
			}
		},
		{
			"from": [9.5, 9.5, 8.5],
			"to": [10.5, 10, 9.5],
			"faces": {
				"north": {"uv": [6.75, 0, 7, 0.125], "texture": "#0"},
				"east": {"uv": [6.75, 0, 7, 0.125], "texture": "#0"},
				"south": {"uv": [6.75, 0, 7, 0.125], "texture": "#0"},
				"west": {"uv": [6.75, 0, 7, 0.125], "texture": "#0"},
				"up": {"uv": [6.75, 0, 7, 0.25], "texture": "#0"}
			}
		},
		{
			"from": [5.5, 9.5, 6.5],
			"to": [6.5, 10.5, 7.5],
			"faces": {
				"north": {"uv": [7.25, 0, 7.5, 0.25], "texture": "#0"},
				"east": {"uv": [7.25, 0, 7.5, 0.25], "texture": "#0"},
				"south": {"uv": [7.25, 0, 7.5, 0.25], "texture": "#0"},
				"west": {"uv": [7.25, 0, 7.5, 0.25], "texture": "#0"},
				"up": {"uv": [7.25, 0, 7.5, 0.25], "texture": "#0"}
			}
		},
		{
			"from": [9.5, 9.5, 6.5],
			"to": [10.5, 10.5, 7.5],
			"faces": {
				"north": {"uv": [7.25, 0, 7.5, 0.25], "texture": "#0"},
				"east": {"uv": [7.25, 0, 7.5, 0.25], "texture": "#0"},
				"south": {"uv": [7.25, 0, 7.5, 0.25], "texture": "#0"},
				"west": {"uv": [7.25, 0, 7.5, 0.25], "texture": "#0"},
				"up": {"uv": [7.25, 0, 7.5, 0.25], "texture": "#0"}
			}
		},
		{
			"from": [9.5, 9.5, 10.5],
			"to": [10.5, 10.5, 11.5],
			"faces": {
				"north": {"uv": [6.25, 0, 6.5, 0.25], "texture": "#0"},
				"east": {"uv": [6.25, 0, 6.5, 0.25], "texture": "#0"},
				"south": {"uv": [6.25, 0, 6.5, 0.25], "texture": "#0"},
				"west": {"uv": [6.25, 0, 6.5, 0.25], "texture": "#0"},
				"up": {"uv": [6.25, 0, 6.5, 0.25], "texture": "#0"}
			}
		},
		{
			"from": [5.5, 9.5, 10.5],
			"to": [6.5, 10.5, 11.5],
			"faces": {
				"north": {"uv": [6.25, 0, 6.5, 0.25], "texture": "#0"},
				"east": {"uv": [6.25, 0, 6.5, 0.25], "texture": "#0"},
				"south": {"uv": [6.25, 0, 6.5, 0.25], "texture": "#0"},
				"west": {"uv": [6.25, 0, 6.5, 0.25], "texture": "#0"},
				"up": {"uv": [6.25, 0, 6.5, 0.25], "texture": "#0"}
			}
		},
		{
			"from": [9.5, 8.5, 7.5],
			"to": [10.5, 9.5, 10.5],
			"faces": {
				"east": {"uv": [6.5, 0.25, 7.25, 0.5], "texture": "#0"},
				"west": {"uv": [6.5, 0.25, 7.25, 0.5], "texture": "#0"},
				"up": {"uv": [6.5, 0.25, 7.25, 0.5], "rotation": 90, "texture": "#0"}
			}
		},
		{
			"from": [5.5, 8.5, 7.5],
			"to": [6.5, 9.5, 10.5],
			"faces": {
				"east": {"uv": [6.5, 0.25, 7.25, 0.5], "texture": "#0"},
				"west": {"uv": [6.5, 0.25, 7.25, 0.5], "texture": "#0"},
				"up": {"uv": [6.5, 0.25, 7.25, 0.5], "rotation": 90, "texture": "#0"}
			}
		},
		{
			"from": [5.5, 8.5, 6.5],
			"to": [10.5, 9.5, 7.5],
			"faces": {
				"north": {"uv": [6.25, 0.25, 7.5, 0.5], "texture": "#0"},
				"east": {"uv": [7.25, 0.25, 7.5, 0.5], "texture": "#0"},
				"south": {"uv": [6.25, 0.25, 7.5, 0.5], "texture": "#0"},
				"west": {"uv": [6.25, 0.25, 6.5, 0.5], "texture": "#0"},
				"up": {"uv": [6.25, 0.25, 7.5, 0.5], "texture": "#0"}
			}
		},
		{
			"from": [5.5, 8.5, 10.5],
			"to": [10.5, 9.5, 11.5],
			"faces": {
				"north": {"uv": [6.25, 0.25, 7.5, 0.5], "texture": "#0"},
				"east": {"uv": [7.25, 0.25, 7.5, 0.5], "texture": "#0"},
				"south": {"uv": [6.25, 0.25, 7.5, 0.5], "texture": "#0"},
				"west": {"uv": [6.25, 0.25, 6.5, 0.5], "texture": "#0"},
				"up": {"uv": [6.25, 0.25, 7.5, 0.5], "texture": "#0"}
			}
		},
		{
			"from": [6, 8.5, 7],
			"to": [10, 8.5, 11],
			"faces": {
				"north": {"uv": [0, 0, 0, 0], "texture": "#0"},
				"east": {"uv": [0, 0, 0, 0], "texture": "#0"},
				"south": {"uv": [0, 0, 0, 0], "texture": "#0"},
				"west": {"uv": [0, 0, 0, 0], "texture": "#0"},
				"up": {"uv": [6.25, 0.5, 7.25, 1.5], "texture": "#0"},
				"down": {"uv": [0, 0, 0, 0], "texture": "#0"}
			}
		}
	],
	"display": {},
	"groups": [
		0,
		1,
		{
			"name": "crown",
			"origin": [0, 0, 0],
			"color": 0,
			"nbt": "{}",
			"children": [2, 3, 4, 5, 6, 7, 8, 9, 10, 11, 12, 13, 14, 15]
		}
	]
}
