{
	"texture_size": [64, 64],
	"textures": {
		"0": "ssbrc:fighters/kingkrool/skins/default",
		"1": "ssbrc:fighters/kingkrool/skins/pirate_hat"
	},
	"elements": [
		{
			"name": "Head",
			"from": [4, 0.5, 4],
			"to": [12, 8.5, 12],
			"rotation": {"angle": 0, "axis": "y", "origin": [8, 4.5, 8]},
			"faces": {
				"north": {"uv": [2, 2, 4, 4], "texture": "#0"},
				"east": {"uv": [0, 2, 2, 4], "texture": "#0"},
				"south": {"uv": [6, 2, 8, 4], "texture": "#0"},
				"west": {"uv": [4, 2, 6, 4], "texture": "#0"},
				"up": {"uv": [4, 2, 2, 0], "texture": "#0"},
				"down": {"uv": [6, 0, 4, 2], "texture": "#0"}
			}
		},
		{
			"name": "Hat Layer",
			"from": [3.5, 0, 3.5],
			"to": [12.5, 9, 12.5],
			"rotation": {"angle": 0, "axis": "y", "origin": [8, 4.5, 8]},
			"faces": {
				"north": {"uv": [10, 2, 12, 4], "texture": "#0"},
				"east": {"uv": [8, 2, 10, 4], "texture": "#0"},
				"south": {"uv": [14, 2, 16, 4], "texture": "#0"},
				"west": {"uv": [12, 2, 14, 4], "texture": "#0"},
				"up": {"uv": [12, 2, 10, 0], "texture": "#0"},
				"down": {"uv": [14, 0, 12, 2], "texture": "#0"}
			}
		},
		{
			"from": [3.5, 7, 3],
			"to": [12.5, 14, 3],
			"rotation": {"angle": 0, "axis": "x", "origin": [8, 9.75, 8]},
			"faces": {
				"north": {"uv": [0, 0, 2.25, 1.75], "texture": "#1"},
				"south": {"uv": [0, 0, 2.25, 1.75], "texture": "#1"}
			}
		},
		{
			"from": [3.5, 7, 13],
			"to": [12.5, 13, 13],
			"rotation": {"angle": 0, "axis": "x", "origin": [8, 9.75, 8]},
			"faces": {
				"north": {"uv": [2.25, 0.25, 4.5, 1.75], "texture": "#1"},
				"south": {"uv": [2.25, 0.25, 4.5, 1.75], "texture": "#1"}
			}
		},
		{
			"from": [3.5, 7, 3],
			"to": [3.5, 11, 13],
			"rotation": {"angle": 0, "axis": "y", "origin": [8, 9.75, 8]},
			"faces": {
				"east": {"uv": [4.5, 0.75, 7, 1.75], "texture": "#1"},
				"west": {"uv": [4.5, 0.75, 7, 1.75], "texture": "#1"}
			}
		},
		{
			"from": [12.5, 7, 3],
			"to": [12.5, 11, 13],
			"rotation": {"angle": 0, "axis": "y", "origin": [8, 9.75, 8]},
			"faces": {
				"east": {"uv": [4.5, 0.75, 7, 1.75], "texture": "#1"},
				"west": {"uv": [4.5, 0.75, 7, 1.75], "texture": "#1"}
			}
		},
		{
			"from": [3.5, 7, 3],
			"to": [12.5, 7, 13],
			"rotation": {"angle": 0, "axis": "x", "origin": [8, 9.75, 8]},
			"faces": {
				"up": {"uv": [0, 1.75, 2.25, 4.25], "texture": "#1"},
				"down": {"uv": [0, 1.75, 2.25, 4.25], "texture": "#1"}
			}
		}
	],
	"display": {},
	"groups": [
		0,
		1,
		{
			"name": "pirate_hat",
			"origin": [8, 9.75, 8],
			"color": 0,
			"nbt": "{}",
			"children": [2, 3, 4, 5, 6]
		}
	]
}
