{
	"elements": [
		{
			"from": [5.25, 0, 5.25],
			"to": [10.75, 1.1, 10.75],
			"rotation": {"angle": 0, "axis": "y", "origin": [8, 0, 8]},
			"faces": {
				"north": {"uv": [5, 3.9, 10, 5], "texture": "#glove"},
				"east": {"uv": [5, 3.9, 10, 5], "texture": "#glove"},
				"south": {"uv": [5, 3.9, 10, 5], "texture": "#glove"},
				"west": {"uv": [5, 3.9, 10, 5], "texture": "#glove"},
				"up": {"uv": [0, 0, 5, 5], "texture": "#glove"},
				"down": {"uv": [0, 0, 5, 5], "texture": "#glove"}
			}
		},
		{
			"from": [5.5, 0, 5.5],
			"to": [10.5, 4, 10.5],
			"rotation": {"angle": 0, "axis": "y", "origin": [8, 0, 7.5]},
			"faces": {
				"north": {"uv": [5, 0, 10, 4], "texture": "#glove"},
				"east": {"uv": [5, 0, 10, 4], "texture": "#glove"},
				"south": {"uv": [5, 0, 10, 4], "texture": "#glove"},
				"west": {"uv": [5, 0, 10, 4], "texture": "#glove"},
				"up": {"uv": [5, 0, 10, 5], "texture": "#glove"}
			}
		},
		{
			"from": [5.4, 3.4, 5.4],
			"to": [10.6, 7.6, 10.6],
			"rotation": {"angle": 0, "axis": "y", "origin": [8, 0, 8]},
			"faces": {
				"north": {"uv": [10, 0, 15, 4], "texture": "#glove"},
				"east": {"uv": [10, 0, 15, 4], "texture": "#glove"},
				"south": {"uv": [10, 0, 15, 4], "texture": "#glove"},
				"west": {"uv": [10, 0, 15, 4], "texture": "#glove"},
				"up": {"uv": [10, 0, 15, 5], "texture": "#glove"},
				"down": {"uv": [10, 0, 15, 5], "texture": "#glove"}
			}
		},
		{
			"from": [5.5, 4.5, 4.5],
			"to": [10.5, 7.5, 5.5],
			"rotation": {"angle": 0, "axis": "y", "origin": [8, 0, 8]},
			"faces": {
				"north": {"uv": [0, 5, 5, 8], "texture": "#glove"},
				"east": {"uv": [0, 5, 1, 8], "texture": "#glove"},
				"south": {"uv": [0, 5, 5, 8], "texture": "#glove"},
				"west": {"uv": [0, 5, 1, 8], "texture": "#glove"},
				"up": {"uv": [0, 5, 5, 6], "texture": "#glove"},
				"down": {"uv": [0, 5, 5, 6], "texture": "#glove"}
			}
		},
		{
			"from": [7, 2.625, 5.375],
			"to": [9, 3.125, 5.5],
			"faces": {
				"north": {"uv": [15.375, 0.5, 15.625, 2.5], "rotation": 270, "texture": "#glove"},
				"east": {"uv": [15.5, 0.5, 15.625, 0.75], "texture": "#glove"},
				"west": {"uv": [15.5, 2.25, 15.625, 2.5], "texture": "#glove"},
				"up": {"uv": [15.5, 2.5, 15.625, 0.5], "rotation": 270, "texture": "#glove"},
				"down": {"uv": [15.5, 2.5, 15.625, 0.5], "rotation": 270, "texture": "#glove"}
			}
		},
		{
			"from": [7, 1.375, 5.375],
			"to": [9, 1.875, 5.5],
			"faces": {
				"north": {"uv": [15.375, 2.5, 15.625, 0.5], "rotation": 270, "texture": "#glove"},
				"east": {"uv": [15.5, 2.5, 15.625, 2.25], "texture": "#glove"},
				"west": {"uv": [15.5, 0.75, 15.625, 0.5], "texture": "#glove"},
				"up": {"uv": [15.5, 0.5, 15.625, 2.5], "rotation": 270, "texture": "#glove"},
				"down": {"uv": [15.5, 0.5, 15.625, 2.5], "rotation": 270, "texture": "#glove"}
			}
		},
		{
			"from": [6.5, 1.5, 10.5],
			"to": [9.5, 3, 10.5625],
			"faces": {
				"east": {"uv": [15.5, 2.5, 15.625, 2.25], "texture": "#glove"},
				"south": {"uv": [15.375, 0.5, 15.625, 2.5], "rotation": 270, "texture": "#glove"},
				"west": {"uv": [15.5, 0.75, 15.625, 0.5], "texture": "#glove"},
				"up": {"uv": [15.5, 0.5, 15.625, 2.5], "rotation": 270, "texture": "#glove"},
				"down": {"uv": [15.5, 0.5, 15.625, 2.5], "rotation": 270, "texture": "#glove"}
			}
		},
		{
			"from": [3.65, 4.32388, 4.95482],
			"to": [5.85, 6.52388, 7.21732],
			"rotation": {"angle": -45, "axis": "x", "origin": [4.75, 4.42388, 6.11732]},
			"faces": {
				"north": {"uv": [7, 5, 9, 7], "texture": "#glove"},
				"east": {"uv": [7, 5, 9.0625, 7], "texture": "#glove"},
				"south": {"uv": [7, 5, 9, 7], "texture": "#glove"},
				"west": {"uv": [7, 5, 9.0625, 7], "texture": "#glove"},
				"up": {"uv": [7, 5, 9, 7.0625], "texture": "#glove"},
				"down": {"uv": [7, 5, 9, 7.0625], "texture": "#glove"}
			}
		},
		{
			"from": [3.75, 2.5, 5.5],
			"to": [5.75, 4.9375, 7.5],
			"rotation": {"angle": -22.5, "axis": "x", "origin": [5.75, 3.5, 6.5]},
			"faces": {
				"north": {"uv": [5, 5, 7, 7.4375], "texture": "#glove"},
				"east": {"uv": [5, 5, 7, 7.4375], "texture": "#glove"},
				"south": {"uv": [5, 5, 7, 7.4375], "texture": "#glove"},
				"west": {"uv": [5, 5, 7, 7.4375], "texture": "#glove"},
				"up": {"uv": [5, 5, 7, 7], "texture": "#glove"},
				"down": {"uv": [5, 5, 7, 7], "texture": "#glove"}
			}
		},
		{
			"from": [10.15, 4.32388, 4.95482],
			"to": [12.35, 6.52388, 7.21732],
			"rotation": {"angle": -45, "axis": "x", "origin": [11.25, 4.42388, 6.11732]},
			"faces": {
				"north": {"uv": [14, 5, 12, 7], "texture": "#glove"},
				"east": {"uv": [14.0625, 5, 12, 7], "texture": "#glove"},
				"south": {"uv": [14, 5, 12, 7], "texture": "#glove"},
				"west": {"uv": [14.0625, 5, 12, 7], "texture": "#glove"},
				"up": {"uv": [14, 5, 12, 7.0625], "texture": "#glove"},
				"down": {"uv": [14, 5, 12, 7.0625], "texture": "#glove"}
			}
		},
		{
			"from": [10.25, 2.5, 5.5],
			"to": [12.25, 4.9375, 7.5],
			"rotation": {"angle": -22.5, "axis": "x", "origin": [10.25, 3.5, 6.5]},
			"faces": {
				"north": {"uv": [12, 5, 10, 7.4375], "texture": "#glove"},
				"east": {"uv": [12, 5, 10, 7.4375], "texture": "#glove"},
				"south": {"uv": [12, 5, 10, 7.4375], "texture": "#glove"},
				"west": {"uv": [12, 5, 10, 7.4375], "texture": "#glove"},
				"up": {"uv": [12, 5, 10, 7], "texture": "#glove"},
				"down": {"uv": [12, 5, 10, 7], "texture": "#glove"}
			}
		}
	],
	"display": {
		"thirdperson_righthand": {
			"rotation": [-90, 90, 0],
			"translation": [0, -2, -4.75],
			"scale": [1.1, 1.1, 1.1]
		},
		"thirdperson_lefthand": {
			"rotation": [-90, 90, 0],
			"translation": [0, -2, -4.75],
			"scale": [1.1, 1.1, 1.1]
		},
		"firstperson_righthand": {
			"rotation": [-15, 135, 0],
			"translation": [0.25, 7.75, 0],
			"scale": [1.1, 1.1, 1.1]
		},
		"firstperson_lefthand": {
			"rotation": [-15, 135, 0],
			"translation": [0.25, 7.75, 0],
			"scale": [1.1, 1.1, 1.1]
		},
		"ground": {
			"translation": [0, 4, 0],
			"scale": [0.9, 0.9, 0.9]
		},
		"gui": {
			"rotation": [10, 145, 0],
			"translation": [0.5, 6, 0],
			"scale": [1.5, 1.5, 1.5]
		},
		"head": {
			"translation": [0, 13.5, 0],
			"scale": [2.6, 2.6, 2.6]
		},
		"fixed": {
			"translation": [0, 6.25, 0],
			"scale": [1.5, 1.5, 1.5]
		}
	},
	"groups": [
		0,
		1,
		2,
		3,
		4,
		5,
		6,
		{
			"name": "fingersR",
			"origin": [5.75, 3.5, 6.5],
			"color": 0,
			"children": [7, 8]
		},
		{
			"name": "fingersL",
			"origin": [5.75, 3.5, 6.5],
			"color": 0,
			"children": [9, 10]
		}
	]
}
