{
	"parent": "item/handheld",
	"textures": {
		"layer0": "ssbrc:fighters/hero/items/sword/sword_of_light/default"
	},
	"display": {
		"thirdperson_righthand": {
			"rotation": [0, 90, 45],
			"translation": [0, 7, 2],
			"scale": [1.25, 1.25, 1.25]
		},
		"thirdperson_lefthand": {
			"rotation": [90, -90, 45],
			"translation": [0, 7, 2],
			"scale": [1.25, 1.25, 1.25]
		},
		"firstperson_righthand": {
			"rotation": [0, -90, 25],
			"translation": [1, 3, 1]
		},
		"firstperson_lefthand": {
			"rotation": [-25, 90, 0],
			"translation": [1, 3, 1]
		}
	}
}
