{
	"parent": "item/handheld",
	"textures": {
		"layer0": "ssbrc:fighters/cloud/items/sword/gold"
	},
	"display": {
		"thirdperson_righthand": {
			"rotation": [-45, -90, 0],
			"translation": [0, 12.5, 2.5],
			"scale": [1.8, 1.8, 1]
		},
		"thirdperson_lefthand": {
			"rotation": [-45, 90, 0],
			"translation": [0, 12.5, 2.5],
			"scale": [1.8, 1.8, 1]
		},
		"firstperson_righthand": {
			"rotation": [-125.5, -90, 0],
			"translation": [3.25, 13, -5],
			"scale": [1.5, 1.5, 1]
		},
		"firstperson_lefthand": {
			"rotation": [-125.5, 90, 0],
			"translation": [3.25, 13, -5],
			"scale": [1.5, 1.5, 1]
		}
	}
}
