{
	"parent": "item/handheld",
	"textures": {
		"layer0": "ssbrc:fighters/kirby/items/katana/gold"
	},
	"display": {
		"thirdperson_righthand": {
			"rotation": [45, -90, 0],
			"translation": [0, 5.5, 2.5]
		},
		"thirdperson_lefthand": {
			"rotation": [45, 90, 0],
			"translation": [0, 5.5, 2.5]
		},
		"firstperson_righthand": {
			"rotation": [35, -90, 0],
			"translation": [1.13, 3.2, 1.13],
			"scale": [0.68, 0.68, 0.68]
		},
		"firstperson_lefthand": {
			"rotation": [35, 90, 0],
			"translation": [1.13, 3.2, 1.13],
			"scale": [0.68, 0.68, 0.68]
		}
	}
}
