{
	"textures": {
		"layer0": "ssbrc:fighters/link/items/boomerang"
	},
	"elements": [
		{
			"from": [0, 7.5, 13],
			"to": [1, 8.5, 14],
			"rotation": {"angle": 0, "axis": "y", "origin": [8, 8, 8]},
			"faces": {
				"north": {"uv": [0, 2, 1, 3], "rotation": 180, "texture": "#layer0"},
				"east": {"uv": [0, 2, 1, 3], "rotation": 270, "texture": "#layer0"},
				"south": {"uv": [0, 2, 1, 3], "texture": "#layer0"},
				"west": {"uv": [0, 2, 1, 3], "rotation": 90, "texture": "#layer0"},
				"up": {"uv": [0, 2, 1, 3], "rotation": 180, "texture": "#layer0"},
				"down": {"uv": [0, 2, 1, 3], "texture": "#layer0"}
			}
		},
		{
			"from": [1, 7.5, 12],
			"to": [2, 8.5, 13],
			"rotation": {"angle": 0, "axis": "y", "origin": [8, 8, 8]},
			"faces": {
				"north": {"uv": [1, 3, 2, 4], "rotation": 180, "texture": "#layer0"},
				"east": {"uv": [1, 3, 2, 4], "rotation": 270, "texture": "#layer0"},
				"south": {"uv": [1, 3, 2, 4], "texture": "#layer0"},
				"west": {"uv": [1, 3, 2, 4], "rotation": 90, "texture": "#layer0"},
				"up": {"uv": [1, 3, 2, 4], "rotation": 180, "texture": "#layer0"},
				"down": {"uv": [1, 3, 2, 4], "texture": "#layer0"}
			}
		},
		{
			"from": [15, 7.5, 3],
			"to": [16, 8.5, 15],
			"rotation": {"angle": 0, "axis": "y", "origin": [8, 8, 8]},
			"faces": {
				"north": {"uv": [16, 12, 15, 13], "rotation": 180, "texture": "#layer0"},
				"east": {"uv": [16, 1, 15, 13], "rotation": 270, "texture": "#layer0"},
				"south": {"uv": [16, 1, 15, 2], "texture": "#layer0"},
				"west": {"uv": [16, 1, 15, 13], "rotation": 90, "texture": "#layer0"},
				"up": {"uv": [16, 1, 15, 13], "rotation": 180, "texture": "#layer0"},
				"down": {"uv": [15, 1, 16, 13], "texture": "#layer0"}
			}
		},
		{
			"from": [1, 7.5, 14],
			"to": [3, 8.5, 15],
			"rotation": {"angle": 0, "axis": "y", "origin": [8, 8, 8]},
			"faces": {
				"north": {"uv": [2, 3, 1, 4], "rotation": 180, "texture": "#layer0"},
				"east": {"uv": [3, 1, 2, 2], "rotation": 270, "texture": "#layer0"},
				"south": {"uv": [3, 1, 1, 2], "texture": "#layer0"},
				"west": {"uv": [2, 1, 1, 2], "rotation": 90, "texture": "#layer0"},
				"up": {"uv": [3, 1, 1, 2], "rotation": 180, "texture": "#layer0"},
				"down": {"uv": [1, 1, 3, 2], "texture": "#layer0"}
			}
		},
		{
			"from": [3, 7.25, 14],
			"to": [12, 8.75, 15],
			"rotation": {"angle": 0, "axis": "y", "origin": [8, 8, 8]},
			"faces": {
				"north": {"uv": [12, 1, 3, 2], "rotation": 180, "texture": "#layer0"},
				"east": {"uv": [12, 1, 3, 2], "rotation": 270, "texture": "#layer0"},
				"south": {"uv": [3, 1, 12, 2], "texture": "#layer0"},
				"west": {"uv": [4, 1, 3, 2], "rotation": 90, "texture": "#layer0"},
				"up": {"uv": [12, 1, 3, 2], "rotation": 180, "texture": "#layer0"},
				"down": {"uv": [3, 1, 12, 2], "texture": "#layer0"}
			}
		},
		{
			"from": [1, 7.25, 13],
			"to": [3, 8.75, 14],
			"rotation": {"angle": 0, "axis": "y", "origin": [8, 8, 8]},
			"faces": {
				"north": {"uv": [1, 2, 3, 3], "rotation": 180, "texture": "#layer0"},
				"east": {"uv": [2, 2, 3, 3], "rotation": 270, "texture": "#layer0"},
				"south": {"uv": [1, 2, 3, 3], "texture": "#layer0"},
				"west": {"uv": [1, 2, 2, 3], "rotation": 90, "texture": "#layer0"},
				"up": {"uv": [1, 2, 3, 3], "rotation": 180, "texture": "#layer0"},
				"down": {"uv": [1, 2, 3, 3], "texture": "#layer0"}
			}
		},
		{
			"from": [3, 7, 13],
			"to": [12, 9, 14],
			"rotation": {"angle": 0, "axis": "y", "origin": [8, 8, 8]},
			"faces": {
				"north": {"uv": [3, 2, 12, 3], "rotation": 180, "texture": "#layer0"},
				"east": {"uv": [11, 2, 12, 3], "rotation": 270, "texture": "#layer0"},
				"south": {"uv": [3, 2, 12, 3], "texture": "#layer0"},
				"west": {"uv": [3, 2, 4, 3], "rotation": 90, "texture": "#layer0"},
				"up": {"uv": [12, 2, 3, 3], "rotation": 180, "texture": "#layer0"},
				"down": {"uv": [3, 2, 12, 3], "texture": "#layer0"}
			}
		},
		{
			"from": [11, 7, 12],
			"to": [12, 9, 13],
			"rotation": {"angle": 0, "axis": "y", "origin": [8, 8, 8]},
			"faces": {
				"north": {"uv": [12, 3, 11, 4], "rotation": 180, "texture": "#layer0"},
				"east": {"uv": [12, 3, 11, 4], "rotation": 270, "texture": "#layer0"},
				"south": {"uv": [12, 3, 11, 4], "texture": "#layer0"},
				"west": {"uv": [12, 3, 11, 4], "rotation": 90, "texture": "#layer0"},
				"up": {"uv": [12, 3, 11, 4], "rotation": 180, "texture": "#layer0"},
				"down": {"uv": [12, 3, 11, 4], "texture": "#layer0"}
			}
		},
		{
			"from": [2, 7.25, 12],
			"to": [11, 8.75, 13],
			"rotation": {"angle": 0, "axis": "y", "origin": [8, 8, 8]},
			"faces": {
				"north": {"uv": [2, 3, 11, 4], "rotation": 180, "texture": "#layer0"},
				"east": {"uv": [11, 3, 10, 4], "rotation": 270, "texture": "#layer0"},
				"south": {"uv": [11, 3, 2, 4], "texture": "#layer0"},
				"west": {"uv": [3, 3, 2, 4], "rotation": 90, "texture": "#layer0"},
				"up": {"uv": [11, 3, 2, 4], "rotation": 180, "texture": "#layer0"},
				"down": {"uv": [2, 3, 11, 4], "texture": "#layer0"}
			}
		},
		{
			"from": [12, 6.75, 12],
			"to": [13, 9.25, 13],
			"rotation": {"angle": 0, "axis": "y", "origin": [8, 8, 8]},
			"faces": {
				"north": {"uv": [12, 3, 13, 4], "rotation": 180, "texture": "#layer0"},
				"east": {"uv": [12, 3, 13, 4], "rotation": 270, "texture": "#layer0"},
				"south": {"uv": [12, 3, 13, 4], "texture": "#layer0"},
				"west": {"uv": [12, 3, 13, 4], "rotation": 90, "texture": "#layer0"},
				"up": {"uv": [12, 3, 13, 4], "rotation": 180, "texture": "#layer0"},
				"down": {"uv": [12, 3, 13, 4], "texture": "#layer0"}
			}
		},
		{
			"from": [12, 7, 13],
			"to": [13, 9, 14],
			"rotation": {"angle": 0, "axis": "y", "origin": [8, 8, 8]},
			"faces": {
				"north": {"uv": [12, 2, 13, 3], "rotation": 180, "texture": "#layer0"},
				"east": {"uv": [12, 2, 13, 3], "rotation": 270, "texture": "#layer0"},
				"south": {"uv": [12, 2, 13, 3], "texture": "#layer0"},
				"west": {"uv": [12, 2, 13, 3], "rotation": 90, "texture": "#layer0"},
				"up": {"uv": [12, 2, 13, 3], "rotation": 180, "texture": "#layer0"},
				"down": {"uv": [12, 2, 13, 3], "texture": "#layer0"}
			}
		},
		{
			"from": [12, 7.25, 14],
			"to": [13, 8.75, 15],
			"rotation": {"angle": 0, "axis": "y", "origin": [8, 8, 8]},
			"faces": {
				"north": {"uv": [12, 1, 13, 2], "rotation": 180, "texture": "#layer0"},
				"east": {"uv": [12, 1, 13, 2], "rotation": 270, "texture": "#layer0"},
				"south": {"uv": [12, 1, 13, 2], "texture": "#layer0"},
				"west": {"uv": [12, 1, 13, 2], "rotation": 90, "texture": "#layer0"},
				"up": {"uv": [12, 1, 13, 2], "rotation": 180, "texture": "#layer0"},
				"down": {"uv": [12, 1, 13, 2], "texture": "#layer0"}
			}
		},
		{
			"from": [13, 7, 14],
			"to": [14, 9, 15],
			"rotation": {"angle": 0, "axis": "y", "origin": [8, 8, 8]},
			"faces": {
				"north": {"uv": [13, 1, 14, 2], "rotation": 180, "texture": "#layer0"},
				"east": {"uv": [13, 1, 14, 2], "rotation": 270, "texture": "#layer0"},
				"south": {"uv": [13, 1, 14, 2], "texture": "#layer0"},
				"west": {"uv": [13, 1, 14, 2], "rotation": 90, "texture": "#layer0"},
				"up": {"uv": [13, 1, 14, 2], "rotation": 180, "texture": "#layer0"},
				"down": {"uv": [13, 1, 14, 2], "texture": "#layer0"}
			}
		},
		{
			"from": [14, 7.25, 14],
			"to": [15, 8.75, 15],
			"rotation": {"angle": 0, "axis": "y", "origin": [8, 8, 8]},
			"faces": {
				"north": {"uv": [14, 1, 15, 2], "rotation": 180, "texture": "#layer0"},
				"east": {"uv": [14, 1, 15, 2], "rotation": 270, "texture": "#layer0"},
				"south": {"uv": [14, 1, 15, 2], "texture": "#layer0"},
				"west": {"uv": [14, 1, 15, 2], "rotation": 90, "texture": "#layer0"},
				"up": {"uv": [14, 1, 15, 2], "rotation": 180, "texture": "#layer0"},
				"down": {"uv": [14, 1, 15, 2], "texture": "#layer0"}
			}
		},
		{
			"from": [14, 7, 13],
			"to": [15, 9, 14],
			"rotation": {"angle": 0, "axis": "y", "origin": [8, 8, 8]},
			"faces": {
				"north": {"uv": [14, 2, 15, 3], "rotation": 180, "texture": "#layer0"},
				"east": {"uv": [14, 2, 15, 3], "rotation": 270, "texture": "#layer0"},
				"south": {"uv": [14, 2, 15, 3], "texture": "#layer0"},
				"west": {"uv": [14, 2, 15, 3], "rotation": 90, "texture": "#layer0"},
				"up": {"uv": [14, 2, 15, 3], "rotation": 180, "texture": "#layer0"},
				"down": {"uv": [14, 2, 15, 3], "texture": "#layer0"}
			}
		},
		{
			"from": [13, 6.75, 13],
			"to": [14, 9.25, 14],
			"rotation": {"angle": 0, "axis": "y", "origin": [8, 8, 8]},
			"faces": {
				"north": {"uv": [13, 2, 14, 3], "rotation": 180, "texture": "#layer0"},
				"east": {"uv": [13, 2, 14, 3], "rotation": 270, "texture": "#layer0"},
				"south": {"uv": [13, 2, 14, 3], "texture": "#layer0"},
				"west": {"uv": [13, 2, 14, 3], "rotation": 90, "texture": "#layer0"},
				"up": {"uv": [13, 2, 14, 3], "rotation": 180, "texture": "#layer0"},
				"down": {"uv": [13, 2, 14, 3], "texture": "#layer0"}
			}
		},
		{
			"from": [13, 7, 12],
			"to": [14, 9, 13],
			"rotation": {"angle": 0, "axis": "y", "origin": [8, 8, 8]},
			"faces": {
				"north": {"uv": [13, 3, 14, 4], "rotation": 180, "texture": "#layer0"},
				"east": {"uv": [13, 3, 14, 4], "rotation": 270, "texture": "#layer0"},
				"south": {"uv": [13, 3, 14, 4], "texture": "#layer0"},
				"west": {"uv": [13, 3, 14, 4], "rotation": 90, "texture": "#layer0"},
				"up": {"uv": [13, 3, 14, 4], "rotation": 180, "texture": "#layer0"},
				"down": {"uv": [13, 3, 14, 4], "texture": "#layer0"}
			}
		},
		{
			"from": [14, 7.25, 12],
			"to": [15, 8.75, 13],
			"rotation": {"angle": 0, "axis": "y", "origin": [8, 8, 8]},
			"faces": {
				"north": {"uv": [14, 3, 15, 4], "rotation": 180, "texture": "#layer0"},
				"east": {"uv": [14, 3, 15, 4], "rotation": 270, "texture": "#layer0"},
				"south": {"uv": [14, 3, 15, 4], "texture": "#layer0"},
				"west": {"uv": [14, 3, 15, 4], "rotation": 90, "texture": "#layer0"},
				"up": {"uv": [14, 3, 15, 4], "rotation": 180, "texture": "#layer0"},
				"down": {"uv": [14, 3, 15, 4], "texture": "#layer0"}
			}
		},
		{
			"from": [3, 7.5, 15],
			"to": [16, 8.5, 16],
			"rotation": {"angle": 0, "axis": "y", "origin": [8, 8, 8]},
			"faces": {
				"north": {"uv": [16, 0, 3, 1], "rotation": 180, "texture": "#layer0"},
				"east": {"uv": [16, 0, 15, 1], "rotation": 270, "texture": "#layer0"},
				"south": {"uv": [3, 0, 16, 1], "texture": "#layer0"},
				"west": {"uv": [4, 0, 3, 1], "rotation": 90, "texture": "#layer0"},
				"up": {"uv": [16, 0, 3, 1], "rotation": 180, "texture": "#layer0"},
				"down": {"uv": [3, 0, 16, 1], "texture": "#layer0"}
			}
		},
		{
			"from": [14, 7.25, 3],
			"to": [15, 8.75, 12],
			"rotation": {"angle": 0, "axis": "y", "origin": [8, 8, 8]},
			"faces": {
				"north": {"uv": [15, 12, 14, 13], "rotation": 180, "texture": "#layer0"},
				"east": {"uv": [15, 4, 14, 13], "rotation": 270, "texture": "#layer0"},
				"south": {"uv": [15, 4, 14, 5], "texture": "#layer0"},
				"west": {"uv": [15, 4, 14, 13], "rotation": 90, "texture": "#layer0"},
				"up": {"uv": [15, 4, 14, 13], "rotation": 180, "texture": "#layer0"},
				"down": {"uv": [15, 4, 14, 13], "texture": "#layer0"}
			}
		},
		{
			"from": [12, 7, 11],
			"to": [13, 9, 12],
			"rotation": {"angle": 0, "axis": "y", "origin": [8, 8, 8]},
			"faces": {
				"north": {"uv": [13, 4, 12, 5], "rotation": 180, "texture": "#layer0"},
				"east": {"uv": [13, 4, 12, 5], "rotation": 270, "texture": "#layer0"},
				"south": {"uv": [13, 4, 12, 5], "texture": "#layer0"},
				"west": {"uv": [13, 4, 12, 5], "rotation": 90, "texture": "#layer0"},
				"up": {"uv": [13, 4, 12, 5], "rotation": 180, "texture": "#layer0"},
				"down": {"uv": [13, 4, 12, 5], "texture": "#layer0"}
			}
		},
		{
			"from": [11, 7.25, 11],
			"to": [12, 8.75, 12],
			"rotation": {"angle": 0, "axis": "y", "origin": [8, 8, 8]},
			"faces": {
				"north": {"uv": [12, 4, 11, 5], "rotation": 180, "texture": "#layer0"},
				"east": {"uv": [12, 4, 11, 5], "rotation": 270, "texture": "#layer0"},
				"south": {"uv": [12, 4, 11, 5], "texture": "#layer0"},
				"west": {"uv": [12, 4, 11, 5], "rotation": 90, "texture": "#layer0"},
				"up": {"uv": [12, 4, 11, 5], "rotation": 180, "texture": "#layer0"},
				"down": {"uv": [12, 4, 11, 5], "texture": "#layer0"}
			}
		},
		{
			"from": [12, 7.25, 2],
			"to": [13, 8.75, 11],
			"rotation": {"angle": 0, "axis": "y", "origin": [8, 8, 8]},
			"faces": {
				"north": {"uv": [13, 13, 12, 14], "rotation": 180, "texture": "#layer0"},
				"east": {"uv": [13, 5, 12, 14], "rotation": 270, "texture": "#layer0"},
				"south": {"uv": [13, 5, 12, 6], "texture": "#layer0"},
				"west": {"uv": [13, 5, 12, 14], "rotation": 90, "texture": "#layer0"},
				"up": {"uv": [13, 5, 12, 14], "rotation": 180, "texture": "#layer0"},
				"down": {"uv": [13, 5, 12, 14], "texture": "#layer0"}
			}
		},
		{
			"from": [2, 7.5, 11],
			"to": [8, 8.5, 12],
			"rotation": {"angle": 0, "axis": "y", "origin": [8, 8, 8]},
			"faces": {
				"north": {"uv": [8, 4, 2, 5], "rotation": 180, "texture": "#layer0"},
				"east": {"uv": [8, 4, 7, 5], "rotation": 270, "texture": "#layer0"},
				"south": {"uv": [8, 4, 2, 5], "texture": "#layer0"},
				"west": {"uv": [3, 4, 2, 5], "rotation": 90, "texture": "#layer0"},
				"up": {"uv": [8, 4, 2, 5], "rotation": 180, "texture": "#layer0"},
				"down": {"uv": [2, 4, 8, 5], "texture": "#layer0"}
			}
		},
		{
			"from": [13, 7, 3],
			"to": [14, 9, 12],
			"rotation": {"angle": 0, "axis": "y", "origin": [8, 8, 8]},
			"faces": {
				"north": {"uv": [14, 12, 13, 13], "rotation": 180, "texture": "#layer0"},
				"east": {"uv": [14, 4, 13, 13], "rotation": 270, "texture": "#layer0"},
				"south": {"uv": [14, 4, 13, 5], "texture": "#layer0"},
				"west": {"uv": [14, 4, 13, 13], "rotation": 90, "texture": "#layer0"},
				"up": {"uv": [14, 4, 13, 13], "rotation": 180, "texture": "#layer0"},
				"down": {"uv": [14, 4, 13, 13], "texture": "#layer0"}
			}
		},
		{
			"from": [10, 7.5, 8],
			"to": [11, 8.5, 10],
			"rotation": {"angle": 0, "axis": "y", "origin": [8, 8, 8]},
			"faces": {
				"north": {"uv": [11, 7, 10, 8], "rotation": 180, "texture": "#layer0"},
				"east": {"uv": [11, 6, 10, 8], "rotation": 270, "texture": "#layer0"},
				"south": {"uv": [11, 6, 10, 7], "texture": "#layer0"},
				"west": {"uv": [11, 6, 10, 8], "rotation": 90, "texture": "#layer0"},
				"up": {"uv": [11, 6, 10, 8], "rotation": 180, "texture": "#layer0"},
				"down": {"uv": [11, 6, 10, 8], "texture": "#layer0"}
			}
		},
		{
			"from": [11, 7.5, 8],
			"to": [12, 8.5, 11],
			"rotation": {"angle": 0, "axis": "y", "origin": [8, 8, 8]},
			"faces": {
				"north": {"uv": [12, 7, 11, 8], "rotation": 180, "texture": "#layer0"},
				"east": {"uv": [12, 5, 11, 8], "rotation": 270, "texture": "#layer0"},
				"south": {"uv": [12, 5, 11, 6], "texture": "#layer0"},
				"west": {"uv": [12, 5, 11, 8], "rotation": 90, "texture": "#layer0"},
				"up": {"uv": [12, 5, 11, 8], "rotation": 180, "texture": "#layer0"},
				"down": {"uv": [12, 5, 11, 8], "texture": "#layer0"}
			}
		},
		{
			"from": [8, 7.5, 10],
			"to": [10, 8.5, 11],
			"rotation": {"angle": 0, "axis": "y", "origin": [8, 8, 8]},
			"faces": {
				"north": {"uv": [10, 5, 8, 6], "rotation": 180, "texture": "#layer0"},
				"east": {"uv": [10, 5, 9, 6], "rotation": 270, "texture": "#layer0"},
				"south": {"uv": [10, 5, 8, 6], "texture": "#layer0"},
				"west": {"uv": [9, 5, 8, 6], "rotation": 90, "texture": "#layer0"},
				"up": {"uv": [10, 5, 8, 6], "rotation": 180, "texture": "#layer0"},
				"down": {"uv": [10, 5, 8, 6], "texture": "#layer0"}
			}
		},
		{
			"from": [8, 7.5, 11],
			"to": [11, 8.5, 12],
			"rotation": {"angle": 0, "axis": "y", "origin": [8, 8, 8]},
			"faces": {
				"north": {"uv": [11, 4, 8, 5], "rotation": 180, "texture": "#layer0"},
				"east": {"uv": [11, 4, 10, 5], "rotation": 270, "texture": "#layer0"},
				"south": {"uv": [11, 4, 8, 5], "texture": "#layer0"},
				"west": {"uv": [9, 4, 8, 5], "rotation": 90, "texture": "#layer0"},
				"up": {"uv": [11, 4, 8, 5], "rotation": 180, "texture": "#layer0"},
				"down": {"uv": [11, 4, 8, 5], "texture": "#layer0"}
			}
		},
		{
			"from": [10, 7.5, 10],
			"to": [11, 8.5, 11],
			"rotation": {"angle": 0, "axis": "y", "origin": [8, 8, 8]},
			"faces": {
				"north": {"uv": [11, 5, 10, 6], "rotation": 180, "texture": "#layer0"},
				"east": {"uv": [11, 5, 10, 6], "rotation": 270, "texture": "#layer0"},
				"south": {"uv": [11, 5, 10, 6], "texture": "#layer0"},
				"west": {"uv": [11, 5, 10, 6], "rotation": 90, "texture": "#layer0"},
				"up": {"uv": [11, 5, 10, 6], "rotation": 180, "texture": "#layer0"},
				"down": {"uv": [11, 5, 10, 6], "texture": "#layer0"}
			}
		},
		{
			"from": [11, 7.5, 2],
			"to": [12, 8.5, 8],
			"rotation": {"angle": 0, "axis": "y", "origin": [8, 8, 8]},
			"faces": {
				"north": {"uv": [12, 13, 11, 14], "rotation": 180, "texture": "#layer0"},
				"east": {"uv": [12, 8, 11, 14], "rotation": 270, "texture": "#layer0"},
				"south": {"uv": [12, 8, 11, 9], "texture": "#layer0"},
				"west": {"uv": [12, 8, 11, 14], "rotation": 90, "texture": "#layer0"},
				"up": {"uv": [12, 8, 11, 14], "rotation": 180, "texture": "#layer0"},
				"down": {"uv": [12, 8, 11, 14], "texture": "#layer0"}
			}
		},
		{
			"from": [14, 7.5, 1],
			"to": [15, 8.5, 3],
			"rotation": {"angle": 0, "axis": "y", "origin": [8, 8, 8]},
			"faces": {
				"north": {"uv": [15, 14, 14, 15], "rotation": 180, "texture": "#layer0"},
				"east": {"uv": [15, 13, 14, 15], "rotation": 270, "texture": "#layer0"},
				"south": {"uv": [15, 13, 14, 14], "texture": "#layer0"},
				"west": {"uv": [15, 13, 14, 15], "rotation": 90, "texture": "#layer0"},
				"up": {"uv": [15, 13, 14, 15], "rotation": 180, "texture": "#layer0"},
				"down": {"uv": [15, 13, 14, 15], "texture": "#layer0"}
			}
		},
		{
			"from": [13, 7.25, 1],
			"to": [14, 8.75, 3],
			"rotation": {"angle": 0, "axis": "y", "origin": [8, 8, 8]},
			"faces": {
				"north": {"uv": [14, 14, 13, 15], "rotation": 180, "texture": "#layer0"},
				"east": {"uv": [14, 13, 13, 15], "rotation": 270, "texture": "#layer0"},
				"south": {"uv": [14, 13, 13, 14], "texture": "#layer0"},
				"west": {"uv": [14, 13, 13, 15], "rotation": 90, "texture": "#layer0"},
				"up": {"uv": [14, 13, 13, 15], "rotation": 180, "texture": "#layer0"},
				"down": {"uv": [14, 13, 13, 15], "texture": "#layer0"}
			}
		},
		{
			"from": [12, 7.5, 1],
			"to": [13, 8.5, 2],
			"rotation": {"angle": 0, "axis": "y", "origin": [8, 8, 8]},
			"faces": {
				"north": {"uv": [13, 14, 12, 15], "rotation": 180, "texture": "#layer0"},
				"east": {"uv": [13, 14, 12, 15], "rotation": 270, "texture": "#layer0"},
				"south": {"uv": [13, 14, 12, 15], "texture": "#layer0"},
				"west": {"uv": [13, 14, 12, 15], "rotation": 90, "texture": "#layer0"},
				"up": {"uv": [13, 14, 12, 15], "rotation": 180, "texture": "#layer0"},
				"down": {"uv": [13, 14, 12, 15], "texture": "#layer0"}
			}
		},
		{
			"from": [13, 7.5, 0],
			"to": [14, 8.5, 1],
			"rotation": {"angle": 0, "axis": "y", "origin": [8, 8, 8]},
			"faces": {
				"north": {"uv": [14, 15, 13, 16], "rotation": 180, "texture": "#layer0"},
				"east": {"uv": [14, 15, 13, 16], "rotation": 270, "texture": "#layer0"},
				"south": {"uv": [14, 15, 13, 16], "texture": "#layer0"},
				"west": {"uv": [14, 15, 13, 16], "rotation": 90, "texture": "#layer0"},
				"up": {"uv": [14, 15, 13, 16], "rotation": 180, "texture": "#layer0"},
				"down": {"uv": [14, 15, 13, 16], "texture": "#layer0"}
			}
		}
	],
	"display": {
		"thirdperson_righthand": {
			"rotation": [-180, 0, -90],
			"translation": [0, 1, 5],
			"scale": [0.5, 0.5, 0.5]
		},
		"thirdperson_lefthand": {
			"rotation": [-180, 0, 90],
			"translation": [0, 1, 5],
			"scale": [0.5, 0.5, 0.5]
		},
		"firstperson_righthand": {
			"rotation": [-135, 0, 90],
			"translation": [8, 0, 0]
		},
		"firstperson_lefthand": {
			"rotation": [-135, 0, 90],
			"translation": [8, 0, 0]
		},
		"gui": {
			"rotation": [160, -60, -80]
		}
	}
}
