{
	"parent": "item/handheld",
	"textures": {
		"layer0": "ssbrc:fighters/byleth/items/steel_sword/default"
	},
	"display": {
		"thirdperson_righthand": {
			"rotation": [45, 90, 0],
			"translation": [0, 7.25, 1.75],
			"scale": [1.2, 1.2, 1]
		},
		"thirdperson_lefthand": {
			"rotation": [45, -90, 0],
			"translation": [0, 7.25, 1.75],
			"scale": [1.2, 1.2, 1]
		},
		"firstperson_righthand": {
			"rotation": [60, 90, 0],
			"translation": [3, 1.5, 1]
		},
		"firstperson_lefthand": {
			"rotation": [60, -90, 0],
			"translation": [3, 1.5, 1]
		},
		"ground": {
			"translation": [0, 4.5, 0]
		}
	}
}
