{
	"texture_size": [64, 64],
	"textures": {
		"0": "ssbrc:fighters/peach/skins/default"
	},
	"elements": [
		{
			"name": "Head",
			"from": [4, 0.5, 4],
			"to": [12, 8.5, 12],
			"rotation": {"angle": 0, "axis": "y", "origin": [8, 4.5, 8]},
			"faces": {
				"north": {"uv": [2, 2, 4, 4], "texture": "#0"},
				"east": {"uv": [0, 2, 2, 4], "texture": "#0"},
				"south": {"uv": [6, 2, 8, 4], "texture": "#0"},
				"west": {"uv": [4, 2, 6, 4], "texture": "#0"},
				"up": {"uv": [4, 2, 2, 0], "texture": "#0"},
				"down": {"uv": [6, 0, 4, 2], "texture": "#0"}
			}
		},
		{
			"name": "Hat Layer",
			"from": [3.5, 0, 3.5],
			"to": [12.5, 9, 12.5],
			"rotation": {"angle": 0, "axis": "y", "origin": [8, 4.5, 8]},
			"faces": {
				"north": {"uv": [10, 2, 12, 4], "texture": "#0"},
				"east": {"uv": [8, 2, 10, 4], "texture": "#0"},
				"south": {"uv": [14, 2, 16, 4], "texture": "#0"},
				"west": {"uv": [12, 2, 14, 4], "texture": "#0"},
				"up": {"uv": [12, 2, 10, 0], "texture": "#0"},
				"down": {"uv": [14, 0, 12, 2], "texture": "#0"}
			}
		},
		{
			"from": [9.8125, 8.5, 7],
			"to": [10.25, 10, 11],
			"faces": {
				"north": {"uv": [6.625, 1.125, 6.875, 1.375], "texture": "#0"},
				"east": {"uv": [6.625, 1.125, 6.875, 1.375], "texture": "#0"},
				"south": {"uv": [6.625, 1.125, 6.875, 1.375], "texture": "#0"},
				"west": {"uv": [6.625, 1.125, 6.875, 1.375], "texture": "#0"},
				"up": {"uv": [6.625, 1.125, 6.875, 1.375], "texture": "#0"},
				"down": {"uv": [6.625, 1.125, 6.875, 1.375], "texture": "#0"}
			}
		},
		{
			"from": [6, 8.5, 10.8125],
			"to": [10, 10, 11.25],
			"faces": {
				"north": {"uv": [6.625, 1.125, 6.875, 1.375], "texture": "#0"},
				"east": {"uv": [6.625, 1.125, 6.875, 1.375], "texture": "#0"},
				"south": {"uv": [6.625, 1.125, 6.875, 1.375], "texture": "#0"},
				"west": {"uv": [6.625, 1.125, 6.875, 1.375], "texture": "#0"},
				"up": {"uv": [6.625, 1.125, 6.875, 1.375], "texture": "#0"},
				"down": {"uv": [6.625, 1.125, 6.875, 1.375], "texture": "#0"}
			}
		},
		{
			"from": [6, 8.5, 6.75],
			"to": [10, 10, 7.1875],
			"faces": {
				"north": {"uv": [6.625, 1.125, 6.875, 1.375], "texture": "#0"},
				"east": {"uv": [6.625, 1.125, 6.875, 1.375], "texture": "#0"},
				"south": {"uv": [6.625, 1.125, 6.875, 1.375], "texture": "#0"},
				"west": {"uv": [6.625, 1.125, 6.875, 1.375], "texture": "#0"},
				"up": {"uv": [6.625, 1.125, 6.875, 1.375], "texture": "#0"},
				"down": {"uv": [6.625, 1.125, 6.875, 1.375], "texture": "#0"}
			}
		},
		{
			"from": [7.25, 9.25, 6.625],
			"to": [8.75, 11.25, 6.9375],
			"faces": {
				"north": {"uv": [6.625, 0.125, 6.875, 0.375], "texture": "#0"},
				"east": {"uv": [6.625, 0.125, 6.875, 0.375], "texture": "#0"},
				"south": {"uv": [6.625, 0.125, 6.875, 0.375], "texture": "#0"},
				"west": {"uv": [6.625, 0.125, 6.875, 0.375], "texture": "#0"},
				"up": {"uv": [6.625, 0.125, 6.875, 0.375], "texture": "#0"},
				"down": {"uv": [6.625, 0.125, 6.875, 0.375], "texture": "#0"}
			}
		},
		{
			"from": [7.5, 9.5, 6.375],
			"to": [8.5, 11, 6.9375],
			"faces": {
				"north": {"uv": [6, 0.5, 6.5, 1], "texture": "#0"},
				"east": {"uv": [6.5, 0.5, 6, 1], "texture": "#0"},
				"west": {"uv": [6.5, 0.5, 6, 1], "texture": "#0"},
				"up": {"uv": [6.5, 0.5, 6, 0.76563], "texture": "#0"},
				"down": {"uv": [6, 0.79688, 6.5, 1], "texture": "#0"}
			}
		},
		{
			"from": [7.5, 9.5, 11.0625],
			"to": [8.5, 11, 11.625],
			"rotation": {"angle": 0, "axis": "y", "origin": [0, 0, 16]},
			"faces": {
				"east": {"uv": [6, 0.5, 6.5, 1], "texture": "#0"},
				"south": {"uv": [6.5, 0.5, 6, 1], "texture": "#0"},
				"west": {"uv": [6, 0.5, 6.5, 1], "texture": "#0"},
				"up": {"uv": [6.5, 0.76563, 6, 0.5], "texture": "#0"},
				"down": {"uv": [6, 1, 6.5, 0.79688], "texture": "#0"}
			}
		},
		{
			"from": [7.25, 9.25, 11.0625],
			"to": [8.75, 11.25, 11.375],
			"rotation": {"angle": 0, "axis": "y", "origin": [0, 0, 16]},
			"faces": {
				"north": {"uv": [6.875, 0.125, 6.625, 0.375], "texture": "#0"},
				"east": {"uv": [6.875, 0.125, 6.625, 0.375], "texture": "#0"},
				"south": {"uv": [6.875, 0.125, 6.625, 0.375], "texture": "#0"},
				"west": {"uv": [6.875, 0.125, 6.625, 0.375], "texture": "#0"},
				"up": {"uv": [6.625, 0.375, 6.875, 0.125], "texture": "#0"},
				"down": {"uv": [6.625, 0.375, 6.875, 0.125], "texture": "#0"}
			}
		},
		{
			"from": [5.375, 9.5, 8.5],
			"to": [5.9375, 11, 9.5],
			"rotation": {"angle": 0, "axis": "y", "origin": [8, 10.25, 9]},
			"faces": {
				"north": {"uv": [6, 0, 6.5, 0.5], "texture": "#0"},
				"south": {"uv": [6, 0, 6.5, 0.5], "texture": "#0"},
				"west": {"uv": [6.5, 0, 6, 0.5], "texture": "#0"},
				"up": {"uv": [6.5, 0.26563, 6, 0], "rotation": 90, "texture": "#0"},
				"down": {"uv": [6, 0.5, 6.5, 0.29688], "rotation": 270, "texture": "#0"}
			}
		},
		{
			"from": [5.625, 9.25, 8.25],
			"to": [5.9375, 11.25, 9.75],
			"rotation": {"angle": 0, "axis": "y", "origin": [8, 10.25, 9]},
			"faces": {
				"north": {"uv": [6.875, 0.125, 6.625, 0.375], "texture": "#0"},
				"east": {"uv": [6.875, 0.125, 6.625, 0.375], "texture": "#0"},
				"south": {"uv": [6.875, 0.125, 6.625, 0.375], "texture": "#0"},
				"west": {"uv": [6.875, 0.125, 6.625, 0.375], "texture": "#0"},
				"up": {"uv": [6.625, 0.375, 6.875, 0.125], "rotation": 90, "texture": "#0"},
				"down": {"uv": [6.625, 0.375, 6.875, 0.125], "rotation": 270, "texture": "#0"}
			}
		},
		{
			"from": [10.0625, 9.25, 8.25],
			"to": [10.375, 11.25, 9.75],
			"rotation": {"angle": 0, "axis": "y", "origin": [8, 10.25, 9]},
			"faces": {
				"north": {"uv": [6.625, 0.125, 6.875, 0.375], "texture": "#0"},
				"east": {"uv": [6.625, 0.125, 6.875, 0.375], "texture": "#0"},
				"south": {"uv": [6.625, 0.125, 6.875, 0.375], "texture": "#0"},
				"west": {"uv": [6.625, 0.125, 6.875, 0.375], "texture": "#0"},
				"up": {"uv": [6.625, 0.125, 6.875, 0.375], "rotation": 90, "texture": "#0"},
				"down": {"uv": [6.625, 0.125, 6.875, 0.375], "rotation": 270, "texture": "#0"}
			}
		},
		{
			"from": [10.0625, 9.5, 8.5],
			"to": [10.625, 11, 9.5],
			"rotation": {"angle": 0, "axis": "y", "origin": [8, 10.25, 9]},
			"faces": {
				"north": {"uv": [6.5, 0, 6, 0.5], "texture": "#0"},
				"east": {"uv": [6, 0, 6.5, 0.5], "texture": "#0"},
				"south": {"uv": [6.5, 0, 6, 0.5], "texture": "#0"},
				"up": {"uv": [6.5, 0, 6, 0.26563], "rotation": 90, "texture": "#0"},
				"down": {"uv": [6, 0.29688, 6.5, 0.5], "rotation": 270, "texture": "#0"}
			}
		},
		{
			"from": [5.75, 8.5, 7],
			"to": [6.1875, 10, 11],
			"faces": {
				"north": {"uv": [6.625, 1.125, 6.875, 1.375], "texture": "#0"},
				"east": {"uv": [6.625, 1.125, 6.875, 1.375], "texture": "#0"},
				"south": {"uv": [6.625, 1.125, 6.875, 1.375], "texture": "#0"},
				"west": {"uv": [6.625, 1.125, 6.875, 1.375], "texture": "#0"},
				"up": {"uv": [6.625, 1.125, 6.875, 1.375], "texture": "#0"},
				"down": {"uv": [6.625, 1.125, 6.875, 1.375], "texture": "#0"}
			}
		},
		{
			"from": [5.9375, 8, 6.9375],
			"to": [9.75, 10.5, 7.25],
			"faces": {
				"north": {"uv": [6.625, 0.625, 6.875, 0.875], "texture": "#0"},
				"east": {"uv": [6.625, 0.625, 6.875, 0.875], "texture": "#0"},
				"south": {"uv": [6.625, 0.625, 6.875, 0.875], "texture": "#0"},
				"west": {"uv": [6.625, 0.625, 6.875, 0.875], "texture": "#0"},
				"up": {"uv": [6.625, 0.625, 6.875, 0.875], "texture": "#0"},
				"down": {"uv": [6.625, 0.625, 6.875, 0.875], "texture": "#0"}
			}
		},
		{
			"from": [6.60133, 9.09375, 6.9375],
			"to": [9.41383, 11.90625, 7.1875],
			"rotation": {"angle": 45, "axis": "z", "origin": [8.00758, 10.5, 9]},
			"faces": {
				"north": {"uv": [6.625, 0.625, 6.875, 0.875], "texture": "#0"},
				"east": {"uv": [6.625, 0.625, 6.875, 0.875], "texture": "#0"},
				"south": {"uv": [6.625, 0.625, 6.875, 0.875], "texture": "#0"},
				"west": {"uv": [6.625, 0.625, 6.875, 0.875], "texture": "#0"},
				"up": {"uv": [6.625, 0.625, 6.875, 0.875], "texture": "#0"},
				"down": {"uv": [6.625, 0.625, 6.875, 0.875], "texture": "#0"}
			}
		},
		{
			"from": [6.60133, 9.09375, 10.8125],
			"to": [9.41383, 11.90625, 11.0625],
			"rotation": {"angle": 45, "axis": "z", "origin": [8.00758, 10.5, 9]},
			"faces": {
				"north": {"uv": [6.625, 0.625, 6.875, 0.875], "texture": "#0"},
				"east": {"uv": [6.625, 0.625, 6.875, 0.875], "texture": "#0"},
				"south": {"uv": [6.625, 0.625, 6.875, 0.875], "texture": "#0"},
				"west": {"uv": [6.625, 0.625, 6.875, 0.875], "texture": "#0"},
				"up": {"uv": [6.625, 0.625, 6.875, 0.875], "texture": "#0"},
				"down": {"uv": [6.625, 0.625, 6.875, 0.875], "texture": "#0"}
			}
		},
		{
			"from": [5.94508, 9.09375, 7.59375],
			"to": [6.19508, 11.90625, 10.40625],
			"rotation": {"angle": -45, "axis": "x", "origin": [8.00758, 10.5, 9]},
			"faces": {
				"north": {"uv": [6.625, 0.625, 6.875, 0.875], "texture": "#0"},
				"east": {"uv": [6.625, 0.625, 6.875, 0.875], "texture": "#0"},
				"south": {"uv": [6.625, 0.625, 6.875, 0.875], "texture": "#0"},
				"west": {"uv": [6.625, 0.625, 6.875, 0.875], "texture": "#0"},
				"up": {"uv": [6.625, 0.625, 6.875, 0.875], "rotation": 90, "texture": "#0"},
				"down": {"uv": [6.625, 0.625, 6.875, 0.875], "rotation": 270, "texture": "#0"}
			}
		},
		{
			"from": [9.82008, 9.09375, 7.59375],
			"to": [10.07008, 11.90625, 10.40625],
			"rotation": {"angle": -45, "axis": "x", "origin": [8.00758, 10.5, 9]},
			"faces": {
				"north": {"uv": [6.625, 0.625, 6.875, 0.875], "texture": "#0"},
				"east": {"uv": [6.625, 0.625, 6.875, 0.875], "texture": "#0"},
				"south": {"uv": [6.625, 0.625, 6.875, 0.875], "texture": "#0"},
				"west": {"uv": [6.625, 0.625, 6.875, 0.875], "texture": "#0"},
				"up": {"uv": [6.625, 0.625, 6.875, 0.875], "rotation": 90, "texture": "#0"},
				"down": {"uv": [6.625, 0.625, 6.875, 0.875], "rotation": 270, "texture": "#0"}
			}
		},
		{
			"from": [9.75, 8, 6.9375],
			"to": [10.0625, 10.5, 10.75],
			"faces": {
				"north": {"uv": [6.625, 0.625, 6.875, 0.875], "texture": "#0"},
				"east": {"uv": [6.625, 0.625, 6.875, 0.875], "texture": "#0"},
				"south": {"uv": [6.625, 0.625, 6.875, 0.875], "texture": "#0"},
				"west": {"uv": [6.625, 0.625, 6.875, 0.875], "texture": "#0"},
				"up": {"uv": [6.625, 0.625, 6.875, 0.875], "texture": "#0"},
				"down": {"uv": [6.625, 0.625, 6.875, 0.875], "texture": "#0"}
			}
		},
		{
			"from": [5.9375, 8, 7.25],
			"to": [6.25, 10.5, 11.0625],
			"faces": {
				"north": {"uv": [6.625, 0.625, 6.875, 0.875], "texture": "#0"},
				"east": {"uv": [6.625, 0.625, 6.875, 0.875], "texture": "#0"},
				"south": {"uv": [6.625, 0.625, 6.875, 0.875], "texture": "#0"},
				"west": {"uv": [6.625, 0.625, 6.875, 0.875], "texture": "#0"},
				"up": {"uv": [6.625, 0.625, 6.875, 0.875], "texture": "#0"},
				"down": {"uv": [6.625, 0.625, 6.875, 0.875], "texture": "#0"}
			}
		},
		{
			"from": [6.25, 8, 10.75],
			"to": [10.0625, 10.5, 11.0625],
			"faces": {
				"north": {"uv": [6.625, 0.625, 6.875, 0.875], "texture": "#0"},
				"east": {"uv": [6.625, 0.625, 6.875, 0.875], "texture": "#0"},
				"south": {"uv": [6.625, 0.625, 6.875, 0.875], "texture": "#0"},
				"west": {"uv": [6.625, 0.625, 6.875, 0.875], "texture": "#0"},
				"up": {"uv": [6.625, 0.625, 6.875, 0.875], "texture": "#0"},
				"down": {"uv": [6.625, 0.625, 6.875, 0.875], "texture": "#0"}
			}
		}
	],
	"display": {
		"head": {
			"translation": [0, 6.5, 0],
			"scale": [1.85, 1.85, 1.85]
		}
	},
	"groups": [
		{
			"name": "Head",
			"origin": [8, 4.5, 8],
			"color": 0,
			"children": [0, 1]
		},
		2,
		3,
		4,
		5,
		6,
		7,
		8,
		9,
		10,
		11,
		12,
		13,
		14,
		15,
		16,
		17,
		18,
		19,
		20,
		21
	]
}
