{
	"texture_size": [64, 64],
	"elements": [
		{
			"name": "Head",
			"from": [4, 15, 4],
			"to": [12, 23, 12],
			"rotation": {"angle": 0, "axis": "y", "origin": [8, 18.75, 8]},
			"faces": {
				"north": {"uv": [2, 2, 4, 4], "texture": "#base"},
				"east": {"uv": [0, 2, 2, 4], "texture": "#base"},
				"south": {"uv": [6, 2, 8, 4], "texture": "#base"},
				"west": {"uv": [4, 2, 6, 4], "texture": "#base"},
				"up": {"uv": [4, 2, 2, 0], "texture": "#base"},
				"down": {"uv": [6, 0, 4, 2], "texture": "#base"}
			}
		},
		{
			"name": "Hat Layer",
			"from": [3.5, 14.5, 3.5],
			"to": [12.5, 23.5, 12.5],
			"rotation": {"angle": 0, "axis": "y", "origin": [8, 18.75, 8]},
			"faces": {
				"north": {"uv": [10, 2, 12, 4], "texture": "#base"},
				"east": {"uv": [8, 2, 10, 4], "texture": "#base"},
				"south": {"uv": [14, 2, 16, 4], "texture": "#base"},
				"west": {"uv": [12, 2, 14, 4], "texture": "#base"},
				"up": {"uv": [12, 2, 10, 0], "texture": "#base"},
				"down": {"uv": [14, 0, 12, 2], "texture": "#base"}
			}
		},
		{
			"name": "Body",
			"from": [4, 3, 6],
			"to": [12, 15, 10],
			"rotation": {"angle": 0, "axis": "y", "origin": [8, 9, 8]},
			"faces": {
				"north": {"uv": [5, 5, 7, 8], "texture": "#base"},
				"east": {"uv": [4, 5, 5, 8], "texture": "#base"},
				"south": {"uv": [8, 5, 10, 8], "texture": "#base"},
				"west": {"uv": [7, 5, 8, 8], "texture": "#base"},
				"up": {"uv": [7, 5, 5, 4], "texture": "#base"},
				"down": {"uv": [9, 4, 7, 5], "texture": "#base"}
			}
		},
		{
			"name": "Body Layer",
			"from": [3.75, 2.75, 5.75],
			"to": [12.25, 15.25, 10.25],
			"rotation": {"angle": 0, "axis": "y", "origin": [8, 9, 8]},
			"faces": {
				"north": {"uv": [5, 9, 7, 12], "texture": "#base"},
				"east": {"uv": [4, 9, 5, 12], "texture": "#base"},
				"south": {"uv": [8, 9, 10, 12], "texture": "#base"},
				"west": {"uv": [7, 9, 8, 12], "texture": "#base"},
				"up": {"uv": [7, 9, 5, 8], "texture": "#base"},
				"down": {"uv": [9, 8, 7, 9], "texture": "#base"}
			}
		},
		{
			"name": "Right Arm",
			"from": [12, 3, 6],
			"to": [16, 15, 10],
			"rotation": {"angle": 0, "axis": "y", "origin": [14, 13, 8]},
			"faces": {
				"north": {"uv": [11, 5, 12, 8], "texture": "#base"},
				"east": {"uv": [10, 5, 11, 8], "texture": "#base"},
				"south": {"uv": [13, 5, 14, 8], "texture": "#base"},
				"west": {"uv": [12, 5, 13, 8], "texture": "#base"},
				"up": {"uv": [12, 5, 11, 4], "texture": "#base"},
				"down": {"uv": [13, 4, 12, 5], "texture": "#base"}
			}
		},
		{
			"name": "Right Arm Layer",
			"from": [11.75, 2.75, 5.75],
			"to": [16.25, 15.25, 10.25],
			"rotation": {"angle": 0, "axis": "y", "origin": [14, 13, 8]},
			"faces": {
				"north": {"uv": [11, 9, 12, 12], "texture": "#base"},
				"east": {"uv": [10, 9, 11, 12], "texture": "#base"},
				"south": {"uv": [13, 9, 14, 12], "texture": "#base"},
				"west": {"uv": [12, 9, 13, 12], "texture": "#base"},
				"up": {"uv": [12, 9, 11, 8], "texture": "#base"},
				"down": {"uv": [13, 8, 12, 9], "texture": "#base"}
			}
		},
		{
			"name": "Left Arm",
			"from": [0, 3, 6],
			"to": [4, 15, 10],
			"rotation": {"angle": 0, "axis": "y", "origin": [2, 13, 8]},
			"faces": {
				"north": {"uv": [9, 13, 10, 16], "texture": "#base"},
				"east": {"uv": [8, 13, 9, 16], "texture": "#base"},
				"south": {"uv": [11, 13, 12, 16], "texture": "#base"},
				"west": {"uv": [10, 13, 11, 16], "texture": "#base"},
				"up": {"uv": [10, 13, 9, 12], "texture": "#base"},
				"down": {"uv": [11, 12, 10, 13], "texture": "#base"}
			}
		},
		{
			"name": "Left Arm Layer",
			"from": [-0.25, 2.75, 5.75],
			"to": [4.25, 15.25, 10.25],
			"rotation": {"angle": 0, "axis": "y", "origin": [2, 13, 8]},
			"faces": {
				"north": {"uv": [13, 13, 14, 16], "texture": "#base"},
				"east": {"uv": [12, 13, 13, 16], "texture": "#base"},
				"south": {"uv": [15, 13, 16, 16], "texture": "#base"},
				"west": {"uv": [14, 13, 15, 16], "texture": "#base"},
				"up": {"uv": [14, 13, 13, 12], "texture": "#base"},
				"down": {"uv": [15, 12, 14, 13], "texture": "#base"}
			}
		},
		{
			"name": "Right Leg",
			"from": [7.9, -9, 6],
			"to": [11.9, 3, 10],
			"rotation": {"angle": 0, "axis": "y", "origin": [9.9, 1, 8]},
			"faces": {
				"north": {"uv": [1, 5, 2, 8], "texture": "#base"},
				"east": {"uv": [0, 5, 1, 8], "texture": "#base"},
				"south": {"uv": [3, 5, 4, 8], "texture": "#base"},
				"west": {"uv": [2, 5, 3, 8], "texture": "#base"},
				"up": {"uv": [2, 5, 1, 4], "texture": "#base"},
				"down": {"uv": [3, 4, 2, 5], "texture": "#base"}
			}
		},
		{
			"name": "Right Leg Layer",
			"from": [7.65, -9.25, 5.75],
			"to": [12.15, 3.25, 10.25],
			"rotation": {"angle": 0, "axis": "y", "origin": [9.9, 1, 8]},
			"faces": {
				"north": {"uv": [1, 9, 2, 12], "texture": "#base"},
				"east": {"uv": [0, 9, 1, 12], "texture": "#base"},
				"south": {"uv": [3, 9, 4, 12], "texture": "#base"},
				"west": {"uv": [2, 9, 3, 12], "texture": "#base"},
				"up": {"uv": [2, 9, 1, 8], "texture": "#base"},
				"down": {"uv": [3, 8, 2, 9], "texture": "#base"}
			}
		},
		{
			"name": "Left Leg",
			"from": [4.1, -9, 6],
			"to": [8.1, 3, 10],
			"rotation": {"angle": 0, "axis": "y", "origin": [6.1, 0, 8]},
			"faces": {
				"north": {"uv": [5, 13, 6, 16], "texture": "#base"},
				"east": {"uv": [4, 13, 5, 16], "texture": "#base"},
				"south": {"uv": [7, 13, 8, 16], "texture": "#base"},
				"west": {"uv": [6, 13, 7, 16], "texture": "#base"},
				"up": {"uv": [6, 13, 5, 12], "texture": "#base"},
				"down": {"uv": [7, 12, 6, 13], "texture": "#base"}
			}
		},
		{
			"name": "Left Leg Layer",
			"from": [3.85, -9.25, 5.75],
			"to": [8.35, 3.25, 10.25],
			"rotation": {"angle": 0, "axis": "y", "origin": [6.1, 0, 8]},
			"faces": {
				"north": {"uv": [1, 13, 2, 16], "texture": "#base"},
				"east": {"uv": [0, 13, 1, 16], "texture": "#base"},
				"south": {"uv": [3, 13, 4, 16], "texture": "#base"},
				"west": {"uv": [2, 13, 3, 16], "texture": "#base"},
				"up": {"uv": [2, 13, 1, 12], "texture": "#base"},
				"down": {"uv": [3, 12, 2, 13], "texture": "#base"}
			}
		},
		{
			"from": [9.8125, 23, 7],
			"to": [10.25, 24.5, 11],
			"rotation": {"angle": 0, "axis": "y", "origin": [0, 14.5, 0]},
			"faces": {
				"north": {"uv": [6.625, 1.125, 6.875, 1.375], "texture": "#base"},
				"east": {"uv": [6.625, 1.125, 6.875, 1.375], "texture": "#base"},
				"south": {"uv": [6.625, 1.125, 6.875, 1.375], "texture": "#base"},
				"west": {"uv": [6.625, 1.125, 6.875, 1.375], "texture": "#base"},
				"up": {"uv": [6.625, 1.125, 6.875, 1.375], "texture": "#base"},
				"down": {"uv": [6.625, 1.125, 6.875, 1.375], "texture": "#base"}
			}
		},
		{
			"from": [6, 23, 10.8125],
			"to": [10, 24.5, 11.25],
			"rotation": {"angle": 0, "axis": "y", "origin": [0, 14.5, 0]},
			"faces": {
				"north": {"uv": [6.625, 1.125, 6.875, 1.375], "texture": "#base"},
				"east": {"uv": [6.625, 1.125, 6.875, 1.375], "texture": "#base"},
				"south": {"uv": [6.625, 1.125, 6.875, 1.375], "texture": "#base"},
				"west": {"uv": [6.625, 1.125, 6.875, 1.375], "texture": "#base"},
				"up": {"uv": [6.625, 1.125, 6.875, 1.375], "texture": "#base"},
				"down": {"uv": [6.625, 1.125, 6.875, 1.375], "texture": "#base"}
			}
		},
		{
			"from": [6, 23, 6.75],
			"to": [10, 24.5, 7.1875],
			"rotation": {"angle": 0, "axis": "y", "origin": [0, 14.5, 0]},
			"faces": {
				"north": {"uv": [6.625, 1.125, 6.875, 1.375], "texture": "#base"},
				"east": {"uv": [6.625, 1.125, 6.875, 1.375], "texture": "#base"},
				"south": {"uv": [6.625, 1.125, 6.875, 1.375], "texture": "#base"},
				"west": {"uv": [6.625, 1.125, 6.875, 1.375], "texture": "#base"},
				"up": {"uv": [6.625, 1.125, 6.875, 1.375], "texture": "#base"},
				"down": {"uv": [6.625, 1.125, 6.875, 1.375], "texture": "#base"}
			}
		},
		{
			"from": [7.25, 23.75, 6.625],
			"to": [8.75, 25.75, 6.9375],
			"rotation": {"angle": 0, "axis": "y", "origin": [0, 14.5, 0]},
			"faces": {
				"north": {"uv": [6.625, 0.125, 6.875, 0.375], "texture": "#base"},
				"east": {"uv": [6.625, 0.125, 6.875, 0.375], "texture": "#base"},
				"south": {"uv": [6.625, 0.125, 6.875, 0.375], "texture": "#base"},
				"west": {"uv": [6.625, 0.125, 6.875, 0.375], "texture": "#base"},
				"up": {"uv": [6.625, 0.125, 6.875, 0.375], "texture": "#base"},
				"down": {"uv": [6.625, 0.125, 6.875, 0.375], "texture": "#base"}
			}
		},
		{
			"from": [7.5, 24, 6.375],
			"to": [8.5, 25.5, 6.9375],
			"rotation": {"angle": 0, "axis": "y", "origin": [0, 14.5, 0]},
			"faces": {
				"north": {"uv": [6, 0.5, 6.5, 1], "texture": "#base"},
				"east": {"uv": [6.5, 0.5, 6, 1], "texture": "#base"},
				"south": {"uv": [0, 0, 0, 0], "texture": "#base"},
				"west": {"uv": [6.5, 0.5, 6, 1], "texture": "#base"},
				"up": {"uv": [6.5, 0.5, 6, 0.76563], "texture": "#base"},
				"down": {"uv": [6, 0.79688, 6.5, 1], "texture": "#base"}
			}
		},
		{
			"from": [7.5, 24, 11.0625],
			"to": [8.5, 25.5, 11.625],
			"rotation": {"angle": 0, "axis": "y", "origin": [0, 14.5, 16]},
			"faces": {
				"north": {"uv": [0, 0, 0, 0], "texture": "#base"},
				"east": {"uv": [6, 0.5, 6.5, 1], "texture": "#base"},
				"south": {"uv": [6.5, 0.5, 6, 1], "texture": "#base"},
				"west": {"uv": [6, 0.5, 6.5, 1], "texture": "#base"},
				"up": {"uv": [6.5, 0.76563, 6, 0.5], "texture": "#base"},
				"down": {"uv": [6, 1, 6.5, 0.79688], "texture": "#base"}
			}
		},
		{
			"from": [7.25, 23.75, 11.0625],
			"to": [8.75, 25.75, 11.375],
			"rotation": {"angle": 0, "axis": "y", "origin": [0, 14.5, 16]},
			"faces": {
				"north": {"uv": [6.875, 0.125, 6.625, 0.375], "texture": "#base"},
				"east": {"uv": [6.875, 0.125, 6.625, 0.375], "texture": "#base"},
				"south": {"uv": [6.875, 0.125, 6.625, 0.375], "texture": "#base"},
				"west": {"uv": [6.875, 0.125, 6.625, 0.375], "texture": "#base"},
				"up": {"uv": [6.625, 0.375, 6.875, 0.125], "texture": "#base"},
				"down": {"uv": [6.625, 0.375, 6.875, 0.125], "texture": "#base"}
			}
		},
		{
			"from": [5.375, 24, 8.5],
			"to": [5.9375, 25.5, 9.5],
			"rotation": {"angle": 0, "axis": "y", "origin": [8, 24.75, 9]},
			"faces": {
				"north": {"uv": [6, 0, 6.5, 0.5], "texture": "#base"},
				"east": {"uv": [0, 0, 0, 0], "texture": "#base"},
				"south": {"uv": [6, 0, 6.5, 0.5], "texture": "#base"},
				"west": {"uv": [6.5, 0, 6, 0.5], "texture": "#base"},
				"up": {"uv": [6.5, 0.26563, 6, 0], "rotation": 90, "texture": "#base"},
				"down": {"uv": [6, 0.5, 6.5, 0.29688], "rotation": 270, "texture": "#base"}
			}
		},
		{
			"from": [5.625, 23.75, 8.25],
			"to": [5.9375, 25.75, 9.75],
			"rotation": {"angle": 0, "axis": "y", "origin": [8, 24.75, 9]},
			"faces": {
				"north": {"uv": [6.875, 0.125, 6.625, 0.375], "texture": "#base"},
				"east": {"uv": [6.875, 0.125, 6.625, 0.375], "texture": "#base"},
				"south": {"uv": [6.875, 0.125, 6.625, 0.375], "texture": "#base"},
				"west": {"uv": [6.875, 0.125, 6.625, 0.375], "texture": "#base"},
				"up": {"uv": [6.625, 0.375, 6.875, 0.125], "rotation": 90, "texture": "#base"},
				"down": {"uv": [6.625, 0.375, 6.875, 0.125], "rotation": 270, "texture": "#base"}
			}
		},
		{
			"from": [10.0625, 23.75, 8.25],
			"to": [10.375, 25.75, 9.75],
			"rotation": {"angle": 0, "axis": "y", "origin": [8, 24.75, 9]},
			"faces": {
				"north": {"uv": [6.625, 0.125, 6.875, 0.375], "texture": "#base"},
				"east": {"uv": [6.625, 0.125, 6.875, 0.375], "texture": "#base"},
				"south": {"uv": [6.625, 0.125, 6.875, 0.375], "texture": "#base"},
				"west": {"uv": [6.625, 0.125, 6.875, 0.375], "texture": "#base"},
				"up": {"uv": [6.625, 0.125, 6.875, 0.375], "rotation": 90, "texture": "#base"},
				"down": {"uv": [6.625, 0.125, 6.875, 0.375], "rotation": 270, "texture": "#base"}
			}
		},
		{
			"from": [10.0625, 24, 8.5],
			"to": [10.625, 25.5, 9.5],
			"rotation": {"angle": 0, "axis": "y", "origin": [8, 24.75, 9]},
			"faces": {
				"north": {"uv": [6.5, 0, 6, 0.5], "texture": "#base"},
				"east": {"uv": [6, 0, 6.5, 0.5], "texture": "#base"},
				"south": {"uv": [6.5, 0, 6, 0.5], "texture": "#base"},
				"west": {"uv": [0, 0, 0, 0], "texture": "#base"},
				"up": {"uv": [6.5, 0, 6, 0.26563], "rotation": 90, "texture": "#base"},
				"down": {"uv": [6, 0.29688, 6.5, 0.5], "rotation": 270, "texture": "#base"}
			}
		},
		{
			"from": [5.75, 23, 7],
			"to": [6.1875, 24.5, 11],
			"rotation": {"angle": 0, "axis": "y", "origin": [0, 14.5, 0]},
			"faces": {
				"north": {"uv": [6.625, 1.125, 6.875, 1.375], "texture": "#base"},
				"east": {"uv": [6.625, 1.125, 6.875, 1.375], "texture": "#base"},
				"south": {"uv": [6.625, 1.125, 6.875, 1.375], "texture": "#base"},
				"west": {"uv": [6.625, 1.125, 6.875, 1.375], "texture": "#base"},
				"up": {"uv": [6.625, 1.125, 6.875, 1.375], "texture": "#base"},
				"down": {"uv": [6.625, 1.125, 6.875, 1.375], "texture": "#base"}
			}
		},
		{
			"from": [5.9375, 22.5, 6.9375],
			"to": [9.75, 25, 7.25],
			"rotation": {"angle": 0, "axis": "y", "origin": [0, 14.5, 0]},
			"faces": {
				"north": {"uv": [6.625, 0.625, 6.875, 0.875], "texture": "#base"},
				"east": {"uv": [6.625, 0.625, 6.875, 0.875], "texture": "#base"},
				"south": {"uv": [6.625, 0.625, 6.875, 0.875], "texture": "#base"},
				"west": {"uv": [6.625, 0.625, 6.875, 0.875], "texture": "#base"},
				"up": {"uv": [6.625, 0.625, 6.875, 0.875], "texture": "#base"},
				"down": {"uv": [6.625, 0.625, 6.875, 0.875], "texture": "#base"}
			}
		},
		{
			"from": [6.60133, 23.59375, 6.9375],
			"to": [9.41383, 26.40625, 7.1875],
			"rotation": {"angle": 45, "axis": "z", "origin": [8.00758, 25, 9]},
			"faces": {
				"north": {"uv": [6.625, 0.625, 6.875, 0.875], "texture": "#base"},
				"east": {"uv": [6.625, 0.625, 6.875, 0.875], "texture": "#base"},
				"south": {"uv": [6.625, 0.625, 6.875, 0.875], "texture": "#base"},
				"west": {"uv": [6.625, 0.625, 6.875, 0.875], "texture": "#base"},
				"up": {"uv": [6.625, 0.625, 6.875, 0.875], "texture": "#base"},
				"down": {"uv": [6.625, 0.625, 6.875, 0.875], "texture": "#base"}
			}
		},
		{
			"from": [6.60133, 23.59375, 10.8125],
			"to": [9.41383, 26.40625, 11.0625],
			"rotation": {"angle": 45, "axis": "z", "origin": [8.00758, 25, 9]},
			"faces": {
				"north": {"uv": [6.625, 0.625, 6.875, 0.875], "texture": "#base"},
				"east": {"uv": [6.625, 0.625, 6.875, 0.875], "texture": "#base"},
				"south": {"uv": [6.625, 0.625, 6.875, 0.875], "texture": "#base"},
				"west": {"uv": [6.625, 0.625, 6.875, 0.875], "texture": "#base"},
				"up": {"uv": [6.625, 0.625, 6.875, 0.875], "texture": "#base"},
				"down": {"uv": [6.625, 0.625, 6.875, 0.875], "texture": "#base"}
			}
		},
		{
			"from": [5.94508, 23.59375, 7.59375],
			"to": [6.19508, 26.40625, 10.40625],
			"rotation": {"angle": -45, "axis": "x", "origin": [8.00758, 25, 9]},
			"faces": {
				"north": {"uv": [6.625, 0.625, 6.875, 0.875], "texture": "#base"},
				"east": {"uv": [6.625, 0.625, 6.875, 0.875], "texture": "#base"},
				"south": {"uv": [6.625, 0.625, 6.875, 0.875], "texture": "#base"},
				"west": {"uv": [6.625, 0.625, 6.875, 0.875], "texture": "#base"},
				"up": {"uv": [6.625, 0.625, 6.875, 0.875], "rotation": 90, "texture": "#base"},
				"down": {"uv": [6.625, 0.625, 6.875, 0.875], "rotation": 270, "texture": "#base"}
			}
		},
		{
			"from": [9.82008, 23.59375, 7.59375],
			"to": [10.07008, 26.40625, 10.40625],
			"rotation": {"angle": -45, "axis": "x", "origin": [8.00758, 25, 9]},
			"faces": {
				"north": {"uv": [6.625, 0.625, 6.875, 0.875], "texture": "#base"},
				"east": {"uv": [6.625, 0.625, 6.875, 0.875], "texture": "#base"},
				"south": {"uv": [6.625, 0.625, 6.875, 0.875], "texture": "#base"},
				"west": {"uv": [6.625, 0.625, 6.875, 0.875], "texture": "#base"},
				"up": {"uv": [6.625, 0.625, 6.875, 0.875], "rotation": 90, "texture": "#base"},
				"down": {"uv": [6.625, 0.625, 6.875, 0.875], "rotation": 270, "texture": "#base"}
			}
		},
		{
			"from": [9.75, 22.5, 6.9375],
			"to": [10.0625, 25, 10.75],
			"rotation": {"angle": 0, "axis": "y", "origin": [0, 14.5, 0]},
			"faces": {
				"north": {"uv": [6.625, 0.625, 6.875, 0.875], "texture": "#base"},
				"east": {"uv": [6.625, 0.625, 6.875, 0.875], "texture": "#base"},
				"south": {"uv": [6.625, 0.625, 6.875, 0.875], "texture": "#base"},
				"west": {"uv": [6.625, 0.625, 6.875, 0.875], "texture": "#base"},
				"up": {"uv": [6.625, 0.625, 6.875, 0.875], "texture": "#base"},
				"down": {"uv": [6.625, 0.625, 6.875, 0.875], "texture": "#base"}
			}
		},
		{
			"from": [5.9375, 22.5, 7.25],
			"to": [6.25, 25, 11.0625],
			"rotation": {"angle": 0, "axis": "y", "origin": [0, 14.5, 0]},
			"faces": {
				"north": {"uv": [6.625, 0.625, 6.875, 0.875], "texture": "#base"},
				"east": {"uv": [6.625, 0.625, 6.875, 0.875], "texture": "#base"},
				"south": {"uv": [6.625, 0.625, 6.875, 0.875], "texture": "#base"},
				"west": {"uv": [6.625, 0.625, 6.875, 0.875], "texture": "#base"},
				"up": {"uv": [6.625, 0.625, 6.875, 0.875], "texture": "#base"},
				"down": {"uv": [6.625, 0.625, 6.875, 0.875], "texture": "#base"}
			}
		},
		{
			"from": [6.25, 22.5, 10.75],
			"to": [10.0625, 25, 11.0625],
			"rotation": {"angle": 0, "axis": "y", "origin": [0, 14.5, 0]},
			"faces": {
				"north": {"uv": [6.625, 0.625, 6.875, 0.875], "texture": "#base"},
				"east": {"uv": [6.625, 0.625, 6.875, 0.875], "texture": "#base"},
				"south": {"uv": [6.625, 0.625, 6.875, 0.875], "texture": "#base"},
				"west": {"uv": [6.625, 0.625, 6.875, 0.875], "texture": "#base"},
				"up": {"uv": [6.625, 0.625, 6.875, 0.875], "texture": "#base"},
				"down": {"uv": [6.625, 0.625, 6.875, 0.875], "texture": "#base"}
			}
		}
	],
	"groups": [
		{
			"name": "Head",
			"origin": [0, 24, 0],
			"rotation": [6, -5, 0],
			"color": 0,
			"children": [0, 1]
		},
		{
			"name": "Body",
			"origin": [0, 24, 0],
			"color": 0,
			"children": [2, 3]
		},
		{
			"name": "RightArm",
			"origin": [5, 22, 0],
			"rotation": [10, 0, 0],
			"color": 0,
			"children": [4, 5]
		},
		{
			"name": "LeftArm",
			"origin": [-5, 22, 0],
			"rotation": [-12, 0, 0],
			"color": 0,
			"children": [6, 7]
		},
		{
			"name": "RightLeg",
			"origin": [1.9, 12, 0],
			"rotation": [-11, 0, 2],
			"color": 0,
			"children": [8, 9]
		},
		{
			"name": "LeftLeg",
			"origin": [-1.9, 12, 0],
			"rotation": [10, 0, -2],
			"color": 0,
			"children": [10, 11]
		},
		{
			"name": "crown",
			"origin": [0, 0, 0],
			"color": 0,
			"children": [12, 13, 14, 15, 16, 17, 18, 19, 20, 21, 22, 23, 24, 25, 26, 27, 28, 29, 30, 31]
		}
	]
}
