{
	"textures": {
		"0": "ssbrc:fighters/alucard/items/holy_water/gold"
	},
	"elements": [
		{
			"from": [5.5, 3.3875, 5.5],
			"to": [10.5, 8.3875, 10.5],
			"rotation": {"angle": 0, "axis": "y", "origin": [8, 8, 8]},
			"faces": {
				"north": {"uv": [1, 8, 8, 15], "texture": "#0"},
				"east": {"uv": [1, 8, 8, 15], "texture": "#0"},
				"south": {"uv": [1, 8, 8, 15], "texture": "#0"},
				"west": {"uv": [1, 8, 8, 15], "texture": "#0"},
				"up": {"uv": [8, 8, 15, 15], "texture": "#0"},
				"down": {"uv": [8, 8, 15, 15], "texture": "#0"}
			}
		},
		{
			"from": [7.5, 8.4375, 7.5],
			"to": [8.5, 12.5375, 8.5],
			"rotation": {"angle": 0, "axis": "y", "origin": [8, 8, 8]},
			"faces": {
				"north": {"uv": [4, 2, 5, 6], "texture": "#0"},
				"east": {"uv": [4, 2, 5, 6], "texture": "#0"},
				"south": {"uv": [4, 2, 5, 6], "texture": "#0"},
				"west": {"uv": [4, 2, 5, 6], "texture": "#0"},
				"up": {"uv": [4, 3, 5, 4], "texture": "#0"},
				"down": {"uv": [4, 2, 5, 6], "texture": "#0"}
			}
		},
		{
			"from": [8.5, 10.4875, 7.5],
			"to": [9.5, 11.4875, 8.5],
			"rotation": {"angle": 0, "axis": "y", "origin": [8, 8, 8]},
			"faces": {
				"north": {"uv": [5, 3, 6, 4], "texture": "#0"},
				"east": {"uv": [5, 3, 6, 4], "texture": "#0"},
				"south": {"uv": [5, 3, 6, 4], "texture": "#0"},
				"west": {"uv": [5, 3, 6, 4], "texture": "#0"},
				"up": {"uv": [5, 3, 6, 4], "texture": "#0"},
				"down": {"uv": [5, 3, 6, 4], "texture": "#0"}
			}
		},
		{
			"from": [6.5, 10.4875, 7.5],
			"to": [7.5, 11.4875, 8.5],
			"rotation": {"angle": 0, "axis": "y", "origin": [8, 8, 8]},
			"faces": {
				"north": {"uv": [5, 3, 6, 4], "texture": "#0"},
				"east": {"uv": [5, 3, 6, 4], "texture": "#0"},
				"south": {"uv": [5, 3, 6, 4], "texture": "#0"},
				"west": {"uv": [5, 3, 6, 4], "texture": "#0"},
				"up": {"uv": [5, 3, 6, 4], "texture": "#0"},
				"down": {"uv": [5, 3, 6, 4], "texture": "#0"}
			}
		},
		{
			"from": [6.15, 8.1375, 6.15],
			"to": [9.85, 9.3875, 9.85],
			"rotation": {"angle": 0, "axis": "y", "origin": [8, 8, 8]},
			"faces": {
				"north": {"uv": [2, 6, 7, 8], "texture": "#0"},
				"east": {"uv": [2, 6, 7, 8], "texture": "#0"},
				"south": {"uv": [2, 6, 7, 8], "texture": "#0"},
				"west": {"uv": [2, 6, 7, 8], "texture": "#0"},
				"up": {"uv": [2, 6, 3, 7], "texture": "#0"},
				"down": {"uv": [2, 6, 7, 8], "texture": "#0"}
			}
		},
		{
			"from": [5.75, 3.4875, 5.75],
			"to": [10.25, 6.5375, 10.25],
			"rotation": {"angle": 0, "axis": "y", "origin": [8, 8, 8]},
			"faces": {
				"north": {"uv": [12, 3, 13, 4], "texture": "#0"},
				"east": {"uv": [12, 3, 13, 4], "texture": "#0"},
				"south": {"uv": [12, 3, 13, 4], "texture": "#0"},
				"west": {"uv": [12, 3, 13, 4], "texture": "#0"},
				"up": {"uv": [12, 3, 13, 4], "texture": "#0"},
				"down": {"uv": [12, 3, 13, 4], "texture": "#0"}
			}
		}
	],
	"display": {
		"thirdperson_righthand": {
			"scale": [0.75, 0.75, 0.75]
		},
		"thirdperson_lefthand": {
			"scale": [0.75, 0.75, 0.75]
		},
		"gui": {
			"rotation": [-160, 20, -180],
			"translation": [0, 0.75, 0],
			"scale": [1.5, 1.5, 1.5]
		},
		"head": {
			"translation": [0, -25.5, 0],
			"scale": [1.2, 1.2, 1.2]
		}
	}
}
