{
	"parent": "item/handheld",
	"textures": {
		"layer0": "ssbrc:fighters/jigglypuff/items/hyper_voice/default"
	},
	"display": {
		"thirdperson_righthand": {
			"rotation": [-45, -90, 0],
			"translation": [0, 0.5, 2],
			"scale": [0.5, 0.5, 0.5]
		},
		"thirdperson_lefthand": {
			"rotation": [-45, 90, 0],
			"translation": [0, 0.5, 2],
			"scale": [0.5, 0.5, 0.5]
		},
		"firstperson_righthand": {
			"rotation": [0, 0, 45],
			"translation": [-9, 13, 2],
			"scale": [0.5, 0.5, 0.5]
		},
		"firstperson_lefthand": {
			"rotation": [0, 0, -45],
			"translation": [-9, 1, 2],
			"scale": [0.5, 0.5, 0.5]
		}
	}
}
