{
	"parent": "item/handheld",
	"textures": {
		"layer0": "ssbrc:fighters/byleth/items/blue_lions/areadbhar/default"
	},
	"display": {
		"thirdperson_righthand": {
			"rotation": [45, 90, 0],
			"translation": [0, 7.5, 1.75],
			"scale": [2, 2, 1]
		},
		"thirdperson_lefthand": {
			"rotation": [45, -90, 0],
			"translation": [0, 7.5, 1.75],
			"scale": [2, 2, 1]
		},
		"firstperson_righthand": {
			"rotation": [0, 90, 0],
			"translation": [3, 1.5, 0],
			"scale": [2, 2, 1]
		},
		"firstperson_lefthand": {
			"rotation": [0, -90, 0],
			"translation": [3, 1.5, 0],
			"scale": [2, 2, 1]
		},
		"ground": {
			"translation": [0, 4.5, 0]
		}
	}
}
