{
	"parent": "item/handheld",
	"textures": {
		"layer0": "ssbrc:fighters/joker/items/tt33/default"
	},
	"display": {
		"thirdperson_righthand": {
			"rotation": [-45, -90, 0],
			"translation": [0, 0.5, -0.25],
			"scale": [0.7, 0.7, 0.7]
		},
		"thirdperson_lefthand": {
			"rotation": [-45, 90, 0],
			"translation": [0, 0.5, -0.25],
			"scale": [0.7, 0.7, 0.7]
		},
		"firstperson_righthand": {
			"rotation": [-45, -90, 0],
			"translation": [3, 0, 0.5]
		},
		"firstperson_lefthand": {
			"rotation": [-45, 90, 0],
			"translation": [3, 0, 0.5]
		},
		"ground": {
			"translation": [0, 4.5, 0]
		},
		"gui": {
			"rotation": [0, -180, 0]
		}
	}
}
