{
	"parent": "item/generated",
	"textures": {
		"layer0": "item/apple"
	},
	"overrides": [
		{ "predicate": { "custom_model_data": 1 }, "model": "ssbrc:stages/pac_maze/fruit/cherry" },
		{ "predicate": { "custom_model_data": 2 }, "model": "ssbrc:stages/pac_maze/fruit/strawberry" },
		{ "predicate": { "custom_model_data": 3 }, "model": "ssbrc:stages/pac_maze/fruit/orange" },
		{ "predicate": { "custom_model_data": 4 }, "model": "ssbrc:stages/pac_maze/fruit/apple" },
		{ "predicate": { "custom_model_data": 5 }, "model": "ssbrc:stages/pac_maze/fruit/melon" },
		{ "predicate": { "custom_model_data": 6 }, "model": "ssbrc:stages/pac_maze/fruit/galaxian_flagship" },
		{ "predicate": { "custom_model_data": 7 }, "model": "ssbrc:stages/pac_maze/fruit/bell" },
		{ "predicate": { "custom_model_data": 8 }, "model": "ssbrc:stages/pac_maze/fruit/key" },
		{ "predicate": { "custom_model_data": 9 }, "model": "ssbrc:stages/pac_maze/fruit/cherry" },
		{ "predicate": { "custom_model_data": 10 }, "model": "ssbrc:stages/pac_maze/fruit/strawberry" },
		{ "predicate": { "custom_model_data": 11 }, "model": "ssbrc:stages/pac_maze/fruit/orange" },
		{ "predicate": { "custom_model_data": 12 }, "model": "ssbrc:stages/pac_maze/fruit/salted_pretzel" },
		{ "predicate": { "custom_model_data": 13 }, "model": "ssbrc:stages/pac_maze/fruit/apple" },
		{ "predicate": { "custom_model_data": 14 }, "model": "ssbrc:stages/pac_maze/fruit/pear" },
		{ "predicate": { "custom_model_data": 15 }, "model": "ssbrc:stages/pac_maze/fruit/banana" }
	]
}
