{
	"parent": "item/generated",
	"textures": {
		"layer0": "item/barrier"
	},
	"overrides": [
		{ "predicate": { "custom_model_data": 1 }, "model": "ssbrc:fighters/rob/skins/default/depleted" },
		{ "predicate": { "custom_model_data": 2 }, "model": "ssbrc:fighters/rob/skins/default/ready" },
		{ "predicate": { "custom_model_data": 3 }, "model": "ssbrc:fighters/rob/skins/default/charged" },
		{ "predicate": { "custom_model_data": 4 }, "model": "ssbrc:fighters/rob/skins/gold/depleted" },
		{ "predicate": { "custom_model_data": 5 }, "model": "ssbrc:fighters/rob/skins/gold/ready" },
		{ "predicate": { "custom_model_data": 6 }, "model": "ssbrc:fighters/rob/skins/gold/charged" },
		{ "predicate": { "custom_model_data": 7 }, "model": "ssbrc:fighters/rob/skins/famicom/depleted" },
		{ "predicate": { "custom_model_data": 8 }, "model": "ssbrc:fighters/rob/skins/famicom/ready" },
		{ "predicate": { "custom_model_data": 9 }, "model": "ssbrc:fighters/rob/skins/famicom/charged" },
		{ "predicate": { "custom_model_data": 10 }, "model": "ssbrc:fighters/rob/skins/ancient_minister" },
		{ "predicate": { "custom_model_data": 60 }, "model": "ssbrc:fighters/bowser/skins/default" },
		{ "predicate": { "custom_model_data": 61 }, "model": "ssbrc:fighters/bowser/skins/gold" },
		{ "predicate": { "custom_model_data": 62 }, "model": "ssbrc:fighters/bowser/skins/bowsette" },
		{ "predicate": { "custom_model_data": 100 }, "model": "ssbrc:fighters/byleth/skins/default/female" },
		{ "predicate": { "custom_model_data": 101 }, "model": "ssbrc:fighters/byleth/skins/default/male" },
		{ "predicate": { "custom_model_data": 102 }, "model": "ssbrc:fighters/byleth/skins/gold/female" },
		{ "predicate": { "custom_model_data": 103 }, "model": "ssbrc:fighters/byleth/skins/gold/male" },
		{ "predicate": { "custom_model_data": 104 }, "model": "ssbrc:fighters/byleth/skins/awakened/female" },
		{ "predicate": { "custom_model_data": 105 }, "model": "ssbrc:fighters/byleth/skins/awakened/male" },
		{ "predicate": { "custom_model_data": 120 }, "model": "ssbrc:fighters/captain_falcon/skins/default" },
		{ "predicate": { "custom_model_data": 121 }, "model": "ssbrc:fighters/captain_falcon/skins/gold" },
		{ "predicate": { "custom_model_data": 122 }, "model": "ssbrc:fighters/captain_falcon/skins/rick_wheeler" },
		{ "predicate": { "custom_model_data": 123 }, "model": "ssbrc:fighters/captain_falcon/skins/blood_falcon" },
		{ "predicate": { "custom_model_data": 180 }, "model": "ssbrc:fighters/cloud/skins/default" },
		{ "predicate": { "custom_model_data": 181 }, "model": "ssbrc:fighters/cloud/skins/gold" },
		{ "predicate": { "custom_model_data": 260 }, "model": "ssbrc:fighters/dark_samus/skins/default" },
		{ "predicate": { "custom_model_data": 261 }, "model": "ssbrc:fighters/dark_samus/skins/gold" },
		{ "predicate": { "custom_model_data": 300 }, "model": "ssbrc:fighters/donkey_kong/skins/default" },
		{ "predicate": { "custom_model_data": 301 }, "model": "ssbrc:fighters/donkey_kong/skins/gold" },
		{ "predicate": { "custom_model_data": 302 }, "model": "ssbrc:fighters/donkey_kong/skins/super_kong" },
		{ "predicate": { "custom_model_data": 303 }, "model": "ssbrc:fighters/donkey_kong/skins/flower_power" },
		{ "predicate": { "custom_model_data": 380 }, "model": "ssbrc:fighters/fox/skins/default" },
		{ "predicate": { "custom_model_data": 381 }, "model": "ssbrc:fighters/fox/skins/gold" },
		{ "predicate": { "custom_model_data": 382 }, "model": "ssbrc:fighters/fox/skins/adventures" },
		{ "predicate": { "custom_model_data": 400 }, "model": "ssbrc:fighters/ganondorf/skins/default" },
		{ "predicate": { "custom_model_data": 401 }, "model": "ssbrc:fighters/ganondorf/skins/gold" },
		{ "predicate": { "custom_model_data": 402 }, "model": "ssbrc:fighters/ganondorf/skins/ocarina_of_time" },
		{ "predicate": { "custom_model_data": 403 }, "model": "ssbrc:fighters/ganondorf/skins/tears_of_the_kingdom" },
		{ "predicate": { "custom_model_data": 404 }, "model": "ssbrc:fighters/ganondorf/skins/wind_waker" },
		{ "predicate": { "custom_model_data": 420 }, "model": "ssbrc:fighters/greninja/skins/default" },
		{ "predicate": { "custom_model_data": 421 }, "model": "ssbrc:fighters/greninja/skins/gold" },
		{ "predicate": { "custom_model_data": 422 }, "model": "ssbrc:fighters/greninja/skins/shiny" },
		{ "predicate": { "custom_model_data": 423 }, "model": "ssbrc:fighters/greninja/skins/shadow" },
		{ "predicate": { "custom_model_data": 424 }, "model": "ssbrc:fighters/greninja/skins/hero_style" },
		{ "predicate": { "custom_model_data": 440 }, "model": "ssbrc:fighters/hero/skins/default/default" },
		{ "predicate": { "custom_model_data": 441 }, "model": "ssbrc:fighters/hero/skins/default/kaclang" },
		{ "predicate": { "custom_model_data": 442 }, "model": "ssbrc:fighters/hero/skins/gold/default" },
		{ "predicate": { "custom_model_data": 444 }, "model": "ssbrc:fighters/hero/skins/erdrick/default" },
		{ "predicate": { "custom_model_data": 445 }, "model": "ssbrc:fighters/hero/skins/erdrick/kaclang" },
		{ "predicate": { "custom_model_data": 446 }, "model": "ssbrc:fighters/hero/skins/rek/default" },
		{ "predicate": { "custom_model_data": 447 }, "model": "ssbrc:fighters/hero/skins/rek/kaclang" },
		{ "predicate": { "custom_model_data": 448 }, "model": "ssbrc:fighters/hero/skins/sofia/default" },
		{ "predicate": { "custom_model_data": 449 }, "model": "ssbrc:fighters/hero/skins/sofia/kaclang" },
		{ "predicate": { "custom_model_data": 580 }, "model": "ssbrc:fighters/jigglypuff/skins/default/default" },
		{ "predicate": { "custom_model_data": 581 }, "model": "ssbrc:fighters/jigglypuff/skins/default/asleep" },
		{ "predicate": { "custom_model_data": 582 }, "model": "ssbrc:fighters/jigglypuff/skins/gold/default" },
		{ "predicate": { "custom_model_data": 583 }, "model": "ssbrc:fighters/jigglypuff/skins/gold/asleep" },
		{ "predicate": { "custom_model_data": 584 }, "model": "ssbrc:fighters/jigglypuff/skins/shiny/default" },
		{ "predicate": { "custom_model_data": 585 }, "model": "ssbrc:fighters/jigglypuff/skins/shiny/asleep" },
		{ "predicate": { "custom_model_data": 600 }, "model": "ssbrc:fighters/joker/skins/default/default" },
		{ "predicate": { "custom_model_data": 601 }, "model": "ssbrc:fighters/joker/skins/default/maskless" },
		{ "predicate": { "custom_model_data": 602 }, "model": "ssbrc:fighters/joker/skins/gold/default" },
		{ "predicate": { "custom_model_data": 603 }, "model": "ssbrc:fighters/joker/skins/gold/maskless" },
		{ "predicate": { "custom_model_data": 604 }, "model": "ssbrc:fighters/joker/skins/shujin_academy/default" },
		{ "predicate": { "custom_model_data": 605 }, "model": "ssbrc:fighters/joker/skins/shujin_academy/maskless" },
		{ "predicate": { "custom_model_data": 606 }, "model": "ssbrc:fighters/joker/skins/christmas_outfit/default" },
		{ "predicate": { "custom_model_data": 607 }, "model": "ssbrc:fighters/joker/skins/christmas_outfit/maskless" },
		{ "predicate": { "custom_model_data": 680 }, "model": "ssbrc:fighters/king_k_rool/skins/default" },
		{ "predicate": { "custom_model_data": 681 }, "model": "ssbrc:fighters/king_k_rool/skins/gold" },
		{ "predicate": { "custom_model_data": 700 }, "model": "ssbrc:fighters/kirby/skins/default/default" },
		{ "predicate": { "custom_model_data": 701 }, "model": "ssbrc:fighters/kirby/skins/gold/default" },
		{ "predicate": { "custom_model_data": 720 }, "model": "ssbrc:fighters/link/skins/default" },
		{ "predicate": { "custom_model_data": 721 }, "model": "ssbrc:fighters/link/skins/gold" },
		{ "predicate": { "custom_model_data": 722 }, "model": "ssbrc:fighters/link/skins/archaic_tunic" },
		{ "predicate": { "custom_model_data": 723 }, "model": "ssbrc:fighters/link/skins/dark_tunic" },
		{ "predicate": { "custom_model_data": 724 }, "model": "ssbrc:fighters/link/skins/tunic_of_time" },
		{ "predicate": { "custom_model_data": 820 }, "model": "ssbrc:fighters/luigi/skins/default" },
		{ "predicate": { "custom_model_data": 821 }, "model": "ssbrc:fighters/luigi/skins/gold" },
		{ "predicate": { "custom_model_data": 822 }, "model": "ssbrc:fighters/luigi/skins/flower_power" },
		{ "predicate": { "custom_model_data": 823 }, "model": "ssbrc:fighters/luigi/skins/gooigi" },
		{ "predicate": { "custom_model_data": 824 }, "model": "ssbrc:fighters/luigi/skins/penguin" },
		{ "predicate": { "custom_model_data": 840 }, "model": "ssbrc:fighters/mario/skins/default" },
		{ "predicate": { "custom_model_data": 841 }, "model": "ssbrc:fighters/mario/skins/gold" },
		{ "predicate": { "custom_model_data": 842 }, "model": "ssbrc:fighters/mario/skins/flower_power" },
		{ "predicate": { "custom_model_data": 843 }, "model": "ssbrc:fighters/mario/skins/penguin" },
		{ "predicate": { "custom_model_data": 844 }, "model": "ssbrc:fighters/mario/skins/skeleton_suit" },
		{ "predicate": { "custom_model_data": 880 }, "model": "ssbrc:fighters/mega_man/skins/default" },
		{ "predicate": { "custom_model_data": 881 }, "model": "ssbrc:fighters/mega_man/skins/gold" },
		{ "predicate": { "custom_model_data": 882 }, "model": "ssbrc:fighters/mega_man/skins/star_force" },
		{ "predicate": { "custom_model_data": 1080 }, "model": "ssbrc:fighters/ness/skins/default" },
		{ "predicate": { "custom_model_data": 1081 }, "model": "ssbrc:fighters/ness/skins/gold" },
		{ "predicate": { "custom_model_data": 1082 }, "model": "ssbrc:fighters/ness/skins/moonside" },
		{ "predicate": { "custom_model_data": 1083 }, "model": "ssbrc:fighters/ness/skins/pajamas" },
		{ "predicate": { "custom_model_data": 1084 }, "model": "ssbrc:fighters/ness/skins/phase_distortion" },
		{ "predicate": { "custom_model_data": 1160 }, "model": "ssbrc:fighters/peach/skins/default" },
		{ "predicate": { "custom_model_data": 1161 }, "model": "ssbrc:fighters/peach/skins/gold" },
		{ "predicate": { "custom_model_data": 1162 }, "model": "ssbrc:fighters/peach/skins/flower_power" },
		{ "predicate": { "custom_model_data": 1163 }, "model": "ssbrc:fighters/peach/skins/shadow_queen" },
		{ "predicate": { "custom_model_data": 1200 }, "model": "ssbrc:fighters/pikachu/skins/default" },
		{ "predicate": { "custom_model_data": 1201 }, "model": "ssbrc:fighters/pikachu/skins/gold" },
		{ "predicate": { "custom_model_data": 1202 }, "model": "ssbrc:fighters/pikachu/skins/shiny" },
		{ "predicate": { "custom_model_data": 1203 }, "model": "ssbrc:fighters/pikachu/skins/santa_hat" },
		{ "predicate": { "custom_model_data": 1220 }, "model": "ssbrc:fighters/pit/skins/default" },
		{ "predicate": { "custom_model_data": 1221 }, "model": "ssbrc:fighters/pit/skins/gold" },
		{ "predicate": { "custom_model_data": 1222 }, "model": "ssbrc:fighters/pit/skins/retro" },
		{ "predicate": { "custom_model_data": 1260 }, "model": "ssbrc:fighters/pokemon_trainer/skins/default/trainer" },
		{ "predicate": { "custom_model_data": 1261 }, "model": "ssbrc:fighters/pokemon_trainer/skins/default/charizard" },
		{ "predicate": { "custom_model_data": 1262 }, "model": "ssbrc:fighters/pokemon_trainer/skins/default/ivysaur" },
		{ "predicate": { "custom_model_data": 1263 }, "model": "ssbrc:fighters/pokemon_trainer/skins/default/squirtle" },
		{ "predicate": { "custom_model_data": 1264 }, "model": "ssbrc:fighters/pokemon_trainer/skins/gold/trainer" },
		{ "predicate": { "custom_model_data": 1265 }, "model": "ssbrc:fighters/pokemon_trainer/skins/gold/charizard" },
		{ "predicate": { "custom_model_data": 1266 }, "model": "ssbrc:fighters/pokemon_trainer/skins/gold/ivysaur" },
		{ "predicate": { "custom_model_data": 1267 }, "model": "ssbrc:fighters/pokemon_trainer/skins/gold/squirtle" },
		{ "predicate": { "custom_model_data": 1268 }, "model": "ssbrc:fighters/pokemon_trainer/skins/shiny/charizard" },
		{ "predicate": { "custom_model_data": 1269 }, "model": "ssbrc:fighters/pokemon_trainer/skins/shiny/ivysaur" },
		{ "predicate": { "custom_model_data": 1270 }, "model": "ssbrc:fighters/pokemon_trainer/skins/shiny/squirtle" },
		{ "predicate": { "custom_model_data": 1271 }, "model": "ssbrc:fighters/pokemon_trainer/skins/dawn/trainer" },
		{ "predicate": { "custom_model_data": 1272 }, "model": "ssbrc:fighters/pokemon_trainer/skins/dawn/infernape" },
		{ "predicate": { "custom_model_data": 1273 }, "model": "ssbrc:fighters/pokemon_trainer/skins/dawn/roserade" },
		{ "predicate": { "custom_model_data": 1274 }, "model": "ssbrc:fighters/pokemon_trainer/skins/dawn/piplup" },
		{ "predicate": { "custom_model_data": 1275 }, "model": "ssbrc:fighters/pokemon_trainer/skins/victor/trainer" },
		{ "predicate": { "custom_model_data": 1276 }, "model": "ssbrc:fighters/pokemon_trainer/skins/victor/coalossal" },
		{ "predicate": { "custom_model_data": 1277 }, "model": "ssbrc:fighters/pokemon_trainer/skins/victor/rillaboom" },
		{ "predicate": { "custom_model_data": 1278 }, "model": "ssbrc:fighters/pokemon_trainer/skins/victor/drizzile" },
		{ "predicate": { "custom_model_data": 1380 }, "model": "ssbrc:fighters/roy/skins/default" },
		{ "predicate": { "custom_model_data": 1381 }, "model": "ssbrc:fighters/roy/skins/gold" },
		{ "predicate": { "custom_model_data": 1382 }, "model": "ssbrc:fighters/roy/skins/awakening" },
		{ "predicate": { "custom_model_data": 1383 }, "model": "ssbrc:fighters/roy/skins/blazing_bachelor" },
		{ "predicate": { "custom_model_data": 1384 }, "model": "ssbrc:fighters/roy/skins/young_lion" },
		{ "predicate": { "custom_model_data": 1400 }, "model": "ssbrc:fighters/ryu/skins/default/default" },
		{ "predicate": { "custom_model_data": 1401 }, "model": "ssbrc:fighters/ryu/skins/default/evil" },
		{ "predicate": { "custom_model_data": 1402 }, "model": "ssbrc:fighters/ryu/skins/gold/default" },
		{ "predicate": { "custom_model_data": 1403 }, "model": "ssbrc:fighters/ryu/skins/gold/evil" },
		{ "predicate": { "custom_model_data": 1404 }, "model": "ssbrc:fighters/ryu/skins/hot_ryu/default" },
		{ "predicate": { "custom_model_data": 1405 }, "model": "ssbrc:fighters/ryu/skins/hot_ryu/evil" },
		{ "predicate": { "custom_model_data": 1406 }, "model": "ssbrc:fighters/ryu/skins/super_turbo/default" },
		{ "predicate": { "custom_model_data": 1407 }, "model": "ssbrc:fighters/ryu/skins/super_turbo/evil" },
		{ "predicate": { "custom_model_data": 1420 }, "model": "ssbrc:fighters/samus/skins/default" },
		{ "predicate": { "custom_model_data": 1421 }, "model": "ssbrc:fighters/samus/skins/gold" },
		{ "predicate": { "custom_model_data": 1422 }, "model": "ssbrc:fighters/samus/skins/gravity_suit" },
		{ "predicate": { "custom_model_data": 1423 }, "model": "ssbrc:fighters/samus/skins/phazon_suit" },
		{ "predicate": { "custom_model_data": 1520 }, "model": "ssbrc:fighters/snake/skins/default/default" },
		{ "predicate": { "custom_model_data": 1521 }, "model": "ssbrc:fighters/snake/skins/default/night_vision_goggles" },
		{ "predicate": { "custom_model_data": 1522 }, "model": "ssbrc:fighters/snake/skins/gold/default" },
		{ "predicate": { "custom_model_data": 1523 }, "model": "ssbrc:fighters/snake/skins/gold/night_vision_goggles" },
		{ "predicate": { "custom_model_data": 1524 }, "model": "ssbrc:fighters/snake/skins/iroquois_pliskin/default" },
		{ "predicate": { "custom_model_data": 1525 }, "model": "ssbrc:fighters/snake/skins/iroquois_pliskin/night_vision_goggles" },
		{ "predicate": { "custom_model_data": 1526 }, "model": "ssbrc:fighters/snake/skins/old_snake/default" },
		{ "predicate": { "custom_model_data": 1527 }, "model": "ssbrc:fighters/snake/skins/old_snake/night_vision_goggles" },
		{ "predicate": { "custom_model_data": 1540 }, "model": "ssbrc:fighters/sonic/skins/default" },
		{ "predicate": { "custom_model_data": 1541 }, "model": "ssbrc:fighters/sonic/skins/gold" },
		{ "predicate": { "custom_model_data": 1542 }, "model": "ssbrc:fighters/sonic/skins/classic" },
		{ "predicate": { "custom_model_data": 1543 }, "model": "ssbrc:fighters/sonic/skins/werehog" },
		{ "predicate": { "custom_model_data": 1560 }, "model": "ssbrc:fighters/sora/skins/default/default" },
		{ "predicate": { "custom_model_data": 1561 }, "model": "ssbrc:fighters/sora/skins/default/anti" },
		{ "predicate": { "custom_model_data": 1562 }, "model": "ssbrc:fighters/sora/skins/default/valor" },
		{ "predicate": { "custom_model_data": 1563 }, "model": "ssbrc:fighters/sora/skins/default/wisdom" },
		{ "predicate": { "custom_model_data": 1564 }, "model": "ssbrc:fighters/sora/skins/default/master" },
		{ "predicate": { "custom_model_data": 1565 }, "model": "ssbrc:fighters/sora/skins/gold/default" },
		{ "predicate": { "custom_model_data": 1566 }, "model": "ssbrc:fighters/sora/skins/gold/anti" },
		{ "predicate": { "custom_model_data": 1567 }, "model": "ssbrc:fighters/sora/skins/gold/valor" },
		{ "predicate": { "custom_model_data": 1568 }, "model": "ssbrc:fighters/sora/skins/gold/wisdom" },
		{ "predicate": { "custom_model_data": 1569 }, "model": "ssbrc:fighters/sora/skins/gold/master" },
		{ "predicate": { "custom_model_data": 1570 }, "model": "ssbrc:fighters/sora/skins/timeless_river/default" },
		{ "predicate": { "custom_model_data": 1572 }, "model": "ssbrc:fighters/sora/skins/timeless_river/valor" },
		{ "predicate": { "custom_model_data": 1573 }, "model": "ssbrc:fighters/sora/skins/timeless_river/wisdom" },
		{ "predicate": { "custom_model_data": 1574 }, "model": "ssbrc:fighters/sora/skins/timeless_river/master" },
		{ "predicate": { "custom_model_data": 1580 }, "model": "ssbrc:fighters/steve/skins/default" },
		{ "predicate": { "custom_model_data": 1581 }, "model": "ssbrc:fighters/steve/skins/gold" },
		{ "predicate": { "custom_model_data": 1582 }, "model": "ssbrc:fighters/steve/skins/alex" },
		{ "predicate": { "custom_model_data": 1583 }, "model": "ssbrc:fighters/steve/skins/herobrine" },
		{ "predicate": { "custom_model_data": 1640 }, "model": "ssbrc:fighters/toon_link/skins/default" },
		{ "predicate": { "custom_model_data": 1641 }, "model": "ssbrc:fighters/toon_link/skins/gold" },
		{ "predicate": { "custom_model_data": 1642 }, "model": "ssbrc:fighters/toon_link/skins/second_sword" },
		{ "predicate": { "custom_model_data": 1643 }, "model": "ssbrc:fighters/toon_link/skins/third_sword" },
		{ "predicate": { "custom_model_data": 1644 }, "model": "ssbrc:fighters/toon_link/skins/fourth_sword" },
		{ "predicate": { "custom_model_data": 1720 }, "model": "ssbrc:fighters/wolf/skins/default" },
		{ "predicate": { "custom_model_data": 1721 }, "model": "ssbrc:fighters/wolf/skins/gold" },
		{ "predicate": { "custom_model_data": 1722 }, "model": "ssbrc:fighters/wolf/skins/assault" },
		{ "predicate": { "custom_model_data": 1723 }, "model": "ssbrc:fighters/wolf/skins/star_fox_2" },
		{ "predicate": { "custom_model_data": 1724 }, "model": "ssbrc:fighters/wolf/skins/starlink" },
		{ "predicate": { "custom_model_data": 1780 }, "model": "ssbrc:fighters/zelda/skins/default" },
		{ "predicate": { "custom_model_data": 1781 }, "model": "ssbrc:fighters/zelda/skins/gold" },
		{ "predicate": { "custom_model_data": 1782 }, "model": "ssbrc:fighters/zelda/skins/hyrule_warriors" },
		{ "predicate": { "custom_model_data": 1783 }, "model": "ssbrc:fighters/zelda/skins/shadow_zelda" },
		{ "predicate": { "custom_model_data": 1784 }, "model": "ssbrc:fighters/zelda/skins/twilight_princess" },

		{ "predicate": { "custom_model_data": 1820 }, "model": "ssbrc:fighters/altered_beast/skins/default/centurion" },
		{ "predicate": { "custom_model_data": 1821 }, "model": "ssbrc:fighters/altered_beast/skins/default/warebear" },
		{ "predicate": { "custom_model_data": 1822 }, "model": "ssbrc:fighters/altered_beast/skins/default/waredragon" },
		{ "predicate": { "custom_model_data": 1823 }, "model": "ssbrc:fighters/altered_beast/skins/default/waretiger" },
		{ "predicate": { "custom_model_data": 1824 }, "model": "ssbrc:fighters/altered_beast/skins/default/warewolf" },
		{ "predicate": { "custom_model_data": 1825 }, "model": "ssbrc:fighters/altered_beast/skins/gold/centurion" },
		{ "predicate": { "custom_model_data": 1826 }, "model": "ssbrc:fighters/altered_beast/skins/gold/warebear" },
		{ "predicate": { "custom_model_data": 1827 }, "model": "ssbrc:fighters/altered_beast/skins/gold/waredragon" },
		{ "predicate": { "custom_model_data": 1828 }, "model": "ssbrc:fighters/altered_beast/skins/gold/waretiger" },
		{ "predicate": { "custom_model_data": 1829 }, "model": "ssbrc:fighters/altered_beast/skins/gold/warewolf" },
		{ "predicate": { "custom_model_data": 1840 }, "model": "ssbrc:fighters/alucard/skins/default/default" },
		{ "predicate": { "custom_model_data": 1841 }, "model": "ssbrc:fighters/alucard/skins/default/blood_metamorphosis" },
		{ "predicate": { "custom_model_data": 1842 }, "model": "ssbrc:fighters/alucard/skins/gold/default" },
		{ "predicate": { "custom_model_data": 1843 }, "model": "ssbrc:fighters/alucard/skins/gold/blood_metamorphosis" },
		{ "predicate": { "custom_model_data": 1844 }, "model": "ssbrc:fighters/alucard/skins/lords_of_shadow/default" },
		{ "predicate": { "custom_model_data": 1845 }, "model": "ssbrc:fighters/alucard/skins/lords_of_shadow/blood_metamorphosis" },
		{ "predicate": { "custom_model_data": 1860 }, "model": "ssbrc:fighters/giegue/skins/default" },
		{ "predicate": { "custom_model_data": 1861 }, "model": "ssbrc:fighters/giegue/skins/gold" },
		{ "predicate": { "custom_model_data": 1900 }, "model": "ssbrc:fighters/shadow/skins/default" },
		{ "predicate": { "custom_model_data": 1901 }, "model": "ssbrc:fighters/shadow/skins/gold" },
		{ "predicate": { "custom_model_data": 1902 }, "model": "ssbrc:fighters/shadow/skins/sir_lancelot" },
		{ "predicate": { "custom_model_data": 1903 }, "model": "ssbrc:fighters/shadow/skins/yellow_android" },
		{ "predicate": { "custom_model_data": 1920 }, "model": "ssbrc:fighters/shovel_knight/skins/default" },
		{ "predicate": { "custom_model_data": 1921 }, "model": "ssbrc:fighters/shovel_knight/skins/phase_locket" },
		{ "predicate": { "custom_model_data": 1922 }, "model": "ssbrc:fighters/shovel_knight/skins/gold" },
		{ "predicate": { "custom_model_data": 1923 }, "model": "ssbrc:fighters/shovel_knight/skins/armor_of_chaos" },
		{ "predicate": { "custom_model_data": 1924 }, "model": "ssbrc:fighters/shovel_knight/skins/toad_gear" },
		{ "predicate": { "custom_model_data": 1940 }, "model": "ssbrc:fighters/team_rocket/skins/logo" },
		{ "predicate": { "custom_model_data": 1941 }, "model": "ssbrc:fighters/team_rocket/skins/default/james" },
		{ "predicate": { "custom_model_data": 1942 }, "model": "ssbrc:fighters/team_rocket/skins/default/jesse" },
		{ "predicate": { "custom_model_data": 1943 }, "model": "ssbrc:fighters/team_rocket/skins/default/arbok" },
		{ "predicate": { "custom_model_data": 1944 }, "model": "ssbrc:fighters/team_rocket/skins/default/meowth" },
		{ "predicate": { "custom_model_data": 1945 }, "model": "ssbrc:fighters/team_rocket/skins/default/wobbuffet" },
		{ "predicate": { "custom_model_data": 1946 }, "model": "ssbrc:fighters/team_rocket/skins/gold/james" },
		{ "predicate": { "custom_model_data": 1947 }, "model": "ssbrc:fighters/team_rocket/skins/gold/jesse" },
		{ "predicate": { "custom_model_data": 1948 }, "model": "ssbrc:fighters/team_rocket/skins/gold/arbok" },
		{ "predicate": { "custom_model_data": 1949 }, "model": "ssbrc:fighters/team_rocket/skins/gold/meowth" },
		{ "predicate": { "custom_model_data": 1950 }, "model": "ssbrc:fighters/team_rocket/skins/gold/wobbuffet" },
		{ "predicate": { "custom_model_data": 1960 }, "model": "ssbrc:fighters/yar/skins/default" },
		{ "predicate": { "custom_model_data": 1961 }, "model": "ssbrc:fighters/yar/skins/gold" },
		{ "predicate": { "custom_model_data": 1962 }, "model": "ssbrc:fighters/yar/skins/player_two" },
		{ "predicate": { "custom_model_data": 1963 }, "model": "ssbrc:fighters/yar/skins/recruit" },

		{ "predicate": { "custom_model_data": 9999 }, "model": "ssbrc:fighters/random" },
		{ "predicate": { "custom_model_data": 10000 }, "model": "ssbrc:fighters/spectator" },

		{ "predicate": { "custom_model_data": 99999 }, "model": "ssbrc:items/pokeball" },

		{ "predicate": { "custom_model_data": 9999991 }, "model": "ssbrc:ui/arrow_left" },
		{ "predicate": { "custom_model_data": 9999992 }, "model": "ssbrc:ui/arrow_right" }
	]
}
