{
	"parent": "item/generated",
	"textures": {
		"layer0": "item/bow"
	},
	"display": {
		"thirdperson_righthand": {
			"rotation": [ -80, 260, -40 ],
			"translation": [ -1, -2, 2.5 ],
			"scale": [ 0.9, 0.9, 0.9 ]
		},
		"thirdperson_lefthand": {
			"rotation": [ -80, -280, 40 ],
			"translation": [ -1, -2, 2.5 ],
			"scale": [ 0.9, 0.9, 0.9 ]
		},
		"firstperson_righthand": {
			"rotation": [ 0, -90, 25 ],
			"translation": [ 1.13, 3.2, 1.13],
			"scale": [ 0.68, 0.68, 0.68 ]
		},
		"firstperson_lefthand": {
			"rotation": [ 0, 90, -25 ],
			"translation": [ 1.13, 3.2, 1.13],
			"scale": [ 0.68, 0.68, 0.68 ]
		}
	},
	"overrides": [
		{
			"predicate": {
				"pulling": 1
			},
			"model": "item/bow_pulling_0"
		},
		{
			"predicate": {
				"pulling": 1,
				"pull": 0.65
			},
			"model": "item/bow_pulling_1"
		},
		{
			"predicate": {
				"pulling": 1,
				"pull": 0.9
			},
			"model": "item/bow_pulling_2"
		},
		{
			"predicate": {
				"custom_model_data": 100
			},
			"model": "ssbrc:fighters/byleth/items/steel_bow/default/idle"
		},
		{
			"predicate": {
				"custom_model_data": 100,
				"pulling": 1
			},
			"model": "ssbrc:fighters/byleth/items/steel_bow/default/pulling_0"
		},
		{
			"predicate": {
				"custom_model_data": 100,
				"pulling": 1,
				"pull": 0.65
			},
			"model": "ssbrc:fighters/byleth/items/steel_bow/default/pulling_1"
		},
		{
			"predicate": {
				"custom_model_data": 100,
				"pulling": 1,
				"pull": 0.9
			},
			"model": "ssbrc:fighters/byleth/items/steel_bow/default/pulling_2"
		},
		{
			"predicate": {
				"custom_model_data": 101
			},
			"model": "ssbrc:fighters/byleth/items/golden_deer/brave_bow/idle"
		},
		{
			"predicate": {
				"custom_model_data": 101,
				"pulling": 1
			},
			"model": "ssbrc:fighters/byleth/items/golden_deer/brave_bow/pulling_0"
		},
		{
			"predicate": {
				"custom_model_data": 101,
				"pulling": 1,
				"pull": 0.5
			},
			"model": "ssbrc:fighters/byleth/items/golden_deer/brave_bow/pulling_1"
		},
		{
			"predicate": {
				"custom_model_data": 101,
				"pulling": 1,
				"pull": 0.75
			},
			"model": "ssbrc:fighters/byleth/items/golden_deer/brave_bow/pulling_2"
		},
		{
			"predicate": {
				"custom_model_data": 101,
				"pulling": 1,
				"pull": 0.9
			},
			"model": "ssbrc:fighters/byleth/items/golden_deer/brave_bow/pulling_3"
		},
		{
			"predicate": {
				"custom_model_data": 102
			},
			"model": "ssbrc:fighters/byleth/items/steel_bow/gold/idle"
		},
		{
			"predicate": {
				"custom_model_data": 102,
				"pulling": 1
			},
			"model": "ssbrc:fighters/byleth/items/steel_bow/gold/pulling_0"
		},
		{
			"predicate": {
				"custom_model_data": 102,
				"pulling": 1,
				"pull": 0.65
			},
			"model": "ssbrc:fighters/byleth/items/steel_bow/gold/pulling_1"
		},
		{
			"predicate": {
				"custom_model_data": 102,
				"pulling": 1,
				"pull": 0.9
			},
			"model": "ssbrc:fighters/byleth/items/steel_bow/gold/pulling_2"
		},
		{
			"predicate": {
				"custom_model_data": 720
			},
			"model": "ssbrc:fighters/link/items/fairy_bow/default/idle"
		},
		{
			"predicate": {
				"custom_model_data": 720,
				"pulling": 1
			},
			"model": "ssbrc:fighters/link/items/fairy_bow/default/pulling_0"
		},
		{
			"predicate": {
				"custom_model_data": 720,
				"pulling": 1,
				"pull": 0.65
			},
			"model": "ssbrc:fighters/link/items/fairy_bow/default/pulling_1"
		},
		{
			"predicate": {
				"custom_model_data": 720,
				"pulling": 1,
				"pull": 0.9
			},
			"model": "ssbrc:fighters/link/items/fairy_bow/default/pulling_2"
		},
		{
			"predicate": {
				"custom_model_data": 721
			},
			"model": "ssbrc:fighters/link/items/fairy_bow/gold/idle"
		},
		{
			"predicate": {
				"custom_model_data": 721,
				"pulling": 1
			},
			"model": "ssbrc:fighters/link/items/fairy_bow/gold/pulling_0"
		},
		{
			"predicate": {
				"custom_model_data": 721,
				"pulling": 1,
				"pull": 0.65
			},
			"model": "ssbrc:fighters/link/items/fairy_bow/gold/pulling_1"
		},
		{
			"predicate": {
				"custom_model_data": 721,
				"pulling": 1,
				"pull": 0.9
			},
			"model": "ssbrc:fighters/link/items/fairy_bow/gold/pulling_2"
		}
	]
}
