{
	"parent": "minecraft:item/handheld_rod",
	"textures": {
		"layer0": "minecraft:item/carrot_on_a_stick"
	},
	"overrides": [
		{ "predicate": { "custom_model_data": 1 }, "model": "ssbrc:fighters/rob/skins/default/charged" },
		{ "predicate": { "custom_model_data": 2 }, "model": "ssbrc:fighters/rob/items/robo_beam/default/depleted" },
		{ "predicate": { "custom_model_data": 3 }, "model": "ssbrc:fighters/rob/items/robo_beam/default/ready" },
		{ "predicate": { "custom_model_data": 4 }, "model": "ssbrc:fighters/rob/items/robo_beam/default/charged" },
		{ "predicate": { "custom_model_data": 5 }, "model": "ssbrc:fighters/rob/items/robo_beam/gold/depleted" },
		{ "predicate": { "custom_model_data": 6 }, "model": "ssbrc:fighters/rob/items/robo_beam/gold/ready" },
		{ "predicate": { "custom_model_data": 7 }, "model": "ssbrc:fighters/rob/items/robo_beam/gold/charged" },

		{ "predicate": { "custom_model_data": 60 }, "model": "ssbrc:fighters/bowser/skins/default" },

		{ "predicate": { "custom_model_data": 100 }, "model": "ssbrc:fighters/byleth/skins/default/female" },
		{ "predicate": { "custom_model_data": 101 }, "model": "ssbrc:fighters/byleth/items/black_eagles/aymr/default" },
		{ "predicate": { "custom_model_data": 102 }, "model": "ssbrc:fighters/byleth/items/black_eagles/aymr/awakened" },
		{ "predicate": { "custom_model_data": 103 }, "model": "ssbrc:fighters/byleth/items/blue_lions/areadbhar/default" },
		{ "predicate": { "custom_model_data": 104 }, "model": "ssbrc:fighters/byleth/items/blue_lions/areadbhar/awakened" },
		{ "predicate": { "custom_model_data": 105 }, "model": "ssbrc:fighters/byleth/items/golden_deer/brave_bow/idle" },
		{ "predicate": { "custom_model_data": 106 }, "model": "ssbrc:fighters/byleth/items/golden_deer/brave_bow/pulling_0" },
		{ "predicate": { "custom_model_data": 107 }, "model": "ssbrc:fighters/byleth/items/golden_deer/brave_bow/pulling_1" },
		{ "predicate": { "custom_model_data": 108 }, "model": "ssbrc:fighters/byleth/items/golden_deer/brave_bow/pulling_2" },
		{ "predicate": { "custom_model_data": 109 }, "model": "ssbrc:fighters/byleth/items/golden_deer/brave_bow/pulling_3" },
		{ "predicate": { "custom_model_data": 110 }, "model": "ssbrc:fighters/byleth/items/blue_lions/areadbhar/spinning/default" },
		{ "predicate": { "custom_model_data": 111 }, "model": "ssbrc:fighters/byleth/items/blue_lions/areadbhar/spinning/awakened" },
		{ "predicate": { "custom_model_data": 112 }, "model": "ssbrc:fighters/byleth/items/golden_deer/failnaught/idle" },
		{ "predicate": { "custom_model_data": 113 }, "model": "ssbrc:fighters/byleth/items/golden_deer/failnaught/pulling_0" },
		{ "predicate": { "custom_model_data": 114 }, "model": "ssbrc:fighters/byleth/items/golden_deer/failnaught/pulling_1" },
		{ "predicate": { "custom_model_data": 115 }, "model": "ssbrc:fighters/byleth/items/golden_deer/failnaught/pulling_2" },
		{ "predicate": { "custom_model_data": 116 }, "model": "ssbrc:fighters/byleth/items/golden_deer/failnaught/pulling_3" },
		{ "predicate": { "custom_model_data": 117 }, "model": "ssbrc:fighters/byleth/items/golden_deer/failnaught/charged" },
		{ "predicate": { "custom_model_data": 118 }, "model": "ssbrc:fighters/byleth/items/blue_lions/steed_charge" },

		{ "predicate": { "custom_model_data": 120 }, "model": "ssbrc:fighters/captain_falcon/skins/default" },
		{ "predicate": { "custom_model_data": 121 }, "model": "ssbrc:fighters/captain_falcon/items/fists_of_fury/default" },
		{ "predicate": { "custom_model_data": 122 }, "model": "ssbrc:fighters/captain_falcon/items/falcon_punch/default" },
		{ "predicate": { "custom_model_data": 123 }, "model": "ssbrc:fighters/captain_falcon/items/falcon_punch/blood_falcon" },
		{ "predicate": { "custom_model_data": 124 }, "model": "ssbrc:fighters/captain_falcon/items/fists_of_fury/gold" },
		{ "predicate": { "custom_model_data": 125 }, "model": "ssbrc:fighters/captain_falcon/items/fists_of_fury/blood_falcon" },

		{ "predicate": { "custom_model_data": 180 }, "model": "ssbrc:fighters/cloud/skins/default" },
		{ "predicate": { "custom_model_data": 181 }, "model": "ssbrc:fighters/cloud/items/sword/default/operator" },
		{ "predicate": { "custom_model_data": 182 }, "model": "ssbrc:fighters/cloud/items/sword/default/punisher" },
		{ "predicate": { "custom_model_data": 183 }, "model": "ssbrc:fighters/cloud/items/sword/gold/operator" },
		{ "predicate": { "custom_model_data": 184 }, "model": "ssbrc:fighters/cloud/items/sword/gold/punisher" },
		{ "predicate": { "custom_model_data": 185 }, "model": "ssbrc:fighters/cloud/items/sword/advent_children/operator" },
		{ "predicate": { "custom_model_data": 186 }, "model": "ssbrc:fighters/cloud/items/sword/advent_children/punisher" },

		{ "predicate": { "custom_model_data": 260 }, "model": "ssbrc:fighters/dark_samus/skins/default" },
		{ "predicate": { "custom_model_data": 261 }, "model": "ssbrc:fighters/dark_samus/items/phazon_beam/default/idle" },
		{ "predicate": { "custom_model_data": 262 }, "model": "ssbrc:fighters/dark_samus/items/phazon_spike" },
		{ "predicate": { "custom_model_data": 263 }, "model": "ssbrc:fighters/dark_samus/items/phazon_beam/default/charge_0" },
		{ "predicate": { "custom_model_data": 264 }, "model": "ssbrc:fighters/dark_samus/items/phazon_beam/default/charge_1" },
		{ "predicate": { "custom_model_data": 265 }, "model": "ssbrc:fighters/dark_samus/items/phazon_beam/default/charge_2" },
		{ "predicate": { "custom_model_data": 266 }, "model": "ssbrc:fighters/dark_samus/items/phazon_overload/default" },
		{ "predicate": { "custom_model_data": 267 }, "model": "ssbrc:fighters/dark_samus/items/phazon_beam/gold/idle" },
		{ "predicate": { "custom_model_data": 268 }, "model": "ssbrc:fighters/dark_samus/items/phazon_beam/gold/charge_0" },
		{ "predicate": { "custom_model_data": 269 }, "model": "ssbrc:fighters/dark_samus/items/phazon_beam/gold/charge_1" },
		{ "predicate": { "custom_model_data": 270 }, "model": "ssbrc:fighters/dark_samus/items/phazon_beam/gold/charge_2" },
		{ "predicate": { "custom_model_data": 271 }, "model": "ssbrc:fighters/dark_samus/items/phazon_overload/gold" },

		{ "predicate": { "custom_model_data": 300 }, "model": "ssbrc:fighters/donkey_kong/skins/default" },
		{ "predicate": { "custom_model_data": 301 }, "model": "ssbrc:fighters/donkey_kong/items/barrel/default" },
		{ "predicate": { "custom_model_data": 302 }, "model": "ssbrc:fighters/donkey_kong/items/orange_grenade" },
		{ "predicate": { "custom_model_data": 303 }, "model": "ssbrc:fighters/donkey_kong/items/barrel/oil" },
		{ "predicate": { "custom_model_data": 304 }, "model": "ssbrc:fighters/donkey_kong/items/barrel/gold" },

		{ "predicate": { "custom_model_data": 380 }, "model": "ssbrc:fighters/fox/skins/default" },
		{ "predicate": { "custom_model_data": 381 }, "model": "ssbrc:fighters/fox/items/krazoan_staff/default" },
		{ "predicate": { "custom_model_data": 382 }, "model": "ssbrc:fighters/fox/items/blaster/default" },
		{ "predicate": { "custom_model_data": 383 }, "model": "ssbrc:fighters/fox/items/reflector/default" },
		{ "predicate": { "custom_model_data": 384 }, "model": "ssbrc:fighters/fox/items/krazoan_staff/gold" },
		{ "predicate": { "custom_model_data": 385 }, "model": "ssbrc:fighters/fox/items/blaster/gold" },
		{ "predicate": { "custom_model_data": 386 }, "model": "ssbrc:fighters/fox/items/reflector/gold" },

		{ "predicate": { "custom_model_data": 400 }, "model": "ssbrc:fighters/ganondorf/skins/default" },

		{ "predicate": { "custom_model_data": 420 }, "model": "ssbrc:fighters/greninja/skins/default" },
		{ "predicate": { "custom_model_data": 421 }, "model": "ssbrc:fighters/greninja/items/water_shuriken" },

		{ "predicate": { "custom_model_data": 440 }, "model": "ssbrc:fighters/hero/skins/default/default" },
		{ "predicate": { "custom_model_data": 441 }, "model": "ssbrc:fighters/hero/items/spells/bang" },
		{ "predicate": { "custom_model_data": 442 }, "model": "ssbrc:fighters/hero/items/spells/flame_slash" },
		{ "predicate": { "custom_model_data": 443 }, "model": "ssbrc:fighters/hero/items/spells/heal" },
		{ "predicate": { "custom_model_data": 444 }, "model": "ssbrc:fighters/hero/items/spells/hocus_pocus" },
		{ "predicate": { "custom_model_data": 445 }, "model": "ssbrc:fighters/hero/items/spells/kaboom" },
		{ "predicate": { "custom_model_data": 446 }, "model": "ssbrc:fighters/hero/items/spells/kaclang" },
		{ "predicate": { "custom_model_data": 447 }, "model": "ssbrc:fighters/hero/items/spells/kacrackle_slash" },
		{ "predicate": { "custom_model_data": 448 }, "model": "ssbrc:fighters/hero/items/spells/magic_burst" },
		{ "predicate": { "custom_model_data": 449 }, "model": "ssbrc:fighters/hero/items/spells/multiheal" },

		{ "predicate": { "custom_model_data": 580 }, "model": "ssbrc:fighters/jigglypuff/skins/default/default" },
		{ "predicate": { "custom_model_data": 581 }, "model": "ssbrc:fighters/jigglypuff/items/hyper_voice/default" },
		{ "predicate": { "custom_model_data": 582 }, "model": "ssbrc:fighters/jigglypuff/items/hyper_voice/gold" },

		{ "predicate": { "custom_model_data": 600 }, "model": "ssbrc:fighters/joker/skins/default/default" },
		{ "predicate": { "custom_model_data": 601 }, "model": "ssbrc:fighters/joker/items/tt33/default" },
		{ "predicate": { "custom_model_data": 602 }, "model": "ssbrc:fighters/joker/items/mask/default" },
		{ "predicate": { "custom_model_data": 603 }, "model": "ssbrc:fighters/joker/items/amrita_shower" },
		{ "predicate": { "custom_model_data": 604 }, "model": "ssbrc:fighters/joker/items/eiagon" },
		{ "predicate": { "custom_model_data": 605 }, "model": "ssbrc:fighters/joker/items/hama/item" },
		{ "predicate": { "custom_model_data": 606 }, "model": "ssbrc:fighters/joker/items/phantom_show" },
		{ "predicate": { "custom_model_data": 607 }, "model": "ssbrc:fighters/joker/items/tt33/gold" },
		{ "predicate": { "custom_model_data": 608 }, "model": "ssbrc:fighters/joker/items/mask/gold" },

		{ "predicate": { "custom_model_data": 680 }, "model": "ssbrc:fighters/king_k_rool/skins/default" },
		{ "predicate": { "custom_model_data": 681 }, "model": "ssbrc:fighters/king_k_rool/items/blunderbuss/default" },
		{ "predicate": { "custom_model_data": 682 }, "model": "ssbrc:fighters/king_k_rool/items/cannonball/default" },
		{ "predicate": { "custom_model_data": 683 }, "model": "ssbrc:fighters/king_k_rool/items/blunderbuss/gold" },
		{ "predicate": { "custom_model_data": 684 }, "model": "ssbrc:fighters/king_k_rool/items/cannonball/gold" },

		{ "predicate": { "custom_model_data": 700 }, "model": "ssbrc:fighters/kirby/skins/default/default" },

		{ "predicate": { "custom_model_data": 720 }, "model": "ssbrc:fighters/link/skins/default" },
		{ "predicate": { "custom_model_data": 721 }, "model": "ssbrc:fighters/link/items/master_sword/default/default" },
		{ "predicate": { "custom_model_data": 722 }, "model": "ssbrc:fighters/link/items/master_sword/default/awakened" },
		{ "predicate": { "custom_model_data": 723 }, "model": "ssbrc:fighters/link/items/boomerang" },
		{ "predicate": { "custom_model_data": 724 }, "model": "ssbrc:fighters/link/items/master_sword/dark/default" },
		{ "predicate": { "custom_model_data": 725 }, "model": "ssbrc:fighters/link/items/master_sword/dark/awakened" },
		{ "predicate": { "custom_model_data": 726 }, "model": "ssbrc:fighters/link/items/master_sword/default/spinning/default" },
		{ "predicate": { "custom_model_data": 727 }, "model": "ssbrc:fighters/link/items/master_sword/default/spinning/awakened" },
		{ "predicate": { "custom_model_data": 728 }, "model": "ssbrc:fighters/link/items/master_sword/dark/spinning/default" },
		{ "predicate": { "custom_model_data": 729 }, "model": "ssbrc:fighters/link/items/master_sword/dark/spinning/awakened" },
		{ "predicate": { "custom_model_data": 730 }, "model": "ssbrc:fighters/link/items/master_sword/gold/default" },
		{ "predicate": { "custom_model_data": 731 }, "model": "ssbrc:fighters/link/items/master_sword/gold/awakened" },
		{ "predicate": { "custom_model_data": 732 }, "model": "ssbrc:fighters/link/items/master_sword/gold/spinning/default" },
		{ "predicate": { "custom_model_data": 733 }, "model": "ssbrc:fighters/link/items/master_sword/gold/spinning/awakened" },

		{ "predicate": { "custom_model_data": 820 }, "model": "ssbrc:fighters/luigi/skins/default" },
		{ "predicate": { "custom_model_data": 821 }, "model": "ssbrc:fighters/luigi/items/ice_ball/default" },
		{ "predicate": { "custom_model_data": 822 }, "model": "ssbrc:fighters/luigi/items/ice_ball/gold" },

		{ "predicate": { "custom_model_data": 840 }, "model": "ssbrc:fighters/mario/skins/default" },
		{ "predicate": { "custom_model_data": 841 }, "model": "ssbrc:fighters/mario/items/fireball/default" },
		{ "predicate": { "custom_model_data": 842 }, "model": "ssbrc:fighters/mario/items/fireball/gold" },

		{ "predicate": { "custom_model_data": 880 }, "model": "ssbrc:fighters/mega_man/skins/default" },
		{ "predicate": { "custom_model_data": 881 }, "model": "ssbrc:fighters/mega_man/items/mega_buster/default" },
		{ "predicate": { "custom_model_data": 882 }, "model": "ssbrc:fighters/mega_man/items/black_hole_bomb" },
		{ "predicate": { "custom_model_data": 883 }, "model": "ssbrc:fighters/mega_man/items/mega_buster/gold" },
		{ "predicate": { "custom_model_data": 884 }, "model": "ssbrc:fighters/mega_man/items/mega_buster/star_force" },

		{ "predicate": { "custom_model_data": 1080 }, "model": "ssbrc:fighters/ness/skins/default" },
		{ "predicate": { "custom_model_data": 1081 }, "model": "ssbrc:fighters/ness/items/pk_fire" },
		{ "predicate": { "custom_model_data": 1082 }, "model": "ssbrc:fighters/ness/items/pk_flash" },

		{ "predicate": { "custom_model_data": 1160 }, "model": "ssbrc:fighters/peach/skins/default" },
		{ "predicate": { "custom_model_data": 1161 }, "model": "ssbrc:fighters/peach/items/turnip/bored" },
		{ "predicate": { "custom_model_data": 1162 }, "model": "ssbrc:fighters/peach/items/turnip/dot_eyes" },
		{ "predicate": { "custom_model_data": 1163 }, "model": "ssbrc:fighters/peach/items/turnip/laughing" },
		{ "predicate": { "custom_model_data": 1164 }, "model": "ssbrc:fighters/peach/items/turnip/shocked" },
		{ "predicate": { "custom_model_data": 1165 }, "model": "ssbrc:fighters/peach/items/turnip/sleepy" },
		{ "predicate": { "custom_model_data": 1166 }, "model": "ssbrc:fighters/peach/items/turnip/smiley" },
		{ "predicate": { "custom_model_data": 1167 }, "model": "ssbrc:fighters/peach/items/turnip/stitch_face" },
		{ "predicate": { "custom_model_data": 1168 }, "model": "ssbrc:fighters/peach/items/turnip/wink" },

		{ "predicate": { "custom_model_data": 1200 }, "model": "ssbrc:fighters/pikachu/skins/default" },
		{ "predicate": { "custom_model_data": 1201 }, "model": "ssbrc:fighters/pikachu/items/electric_terrain" },

		{ "predicate": { "custom_model_data": 1220 }, "model": "ssbrc:fighters/pit/skins/default" },
		{ "predicate": { "custom_model_data": 1221 }, "model": "ssbrc:fighters/pit/items/palutena_bow/default/idle" },
		{ "predicate": { "custom_model_data": 1222 }, "model": "ssbrc:fighters/pit/items/palutena_bow/default/pulling_0" },
		{ "predicate": { "custom_model_data": 1223 }, "model": "ssbrc:fighters/pit/items/palutena_bow/default/pulling_1" },
		{ "predicate": { "custom_model_data": 1224 }, "model": "ssbrc:fighters/pit/items/palutena_bow/default/pulling_2" },
		{ "predicate": { "custom_model_data": 1225 }, "model": "ssbrc:fighters/pit/items/palutena_bow/default/split" },
		{ "predicate": { "custom_model_data": 1226 }, "model": "ssbrc:fighters/pit/items/guardian_orbitars/default" },
		{ "predicate": { "custom_model_data": 1227 }, "model": "ssbrc:fighters/pit/items/guardian_orbitars/gold" },

		{ "predicate": { "custom_model_data": 1260 }, "model": "ssbrc:items/pokeball" },

		{ "predicate": { "custom_model_data": 1380 }, "model": "ssbrc:fighters/roy/skins/default" },

		{ "predicate": { "custom_model_data": 1400 }, "model": "ssbrc:fighters/ryu/skins/default/default" },
		{ "predicate": { "custom_model_data": 1401 }, "model": "ssbrc:fighters/ryu/items/collarbone_breaker/default/default" },
		{ "predicate": { "custom_model_data": 1402 }, "model": "ssbrc:fighters/ryu/items/satsui_no_hado_rage" },
		{ "predicate": { "custom_model_data": 1403 }, "model": "ssbrc:fighters/ryu/items/collarbone_breaker/gold/default" },
		{ "predicate": { "custom_model_data": 1404 }, "model": "ssbrc:fighters/ryu/items/collarbone_breaker/default/evil" },
		{ "predicate": { "custom_model_data": 1405 }, "model": "ssbrc:fighters/ryu/items/collarbone_breaker/gold/evil" },

		{ "predicate": { "custom_model_data": 1420 }, "model": "ssbrc:fighters/samus/skins/default" },
		{ "predicate": { "custom_model_data": 1421 }, "model": "ssbrc:fighters/samus/items/arm_cannon/power_beam/default" },
		{ "predicate": { "custom_model_data": 1422 }, "model": "ssbrc:fighters/samus/items/arm_cannon/wave_beam/default" },
		{ "predicate": { "custom_model_data": 1423 }, "model": "ssbrc:fighters/samus/items/arm_cannon/plasma_beam/default" },
		{ "predicate": { "custom_model_data": 1424 }, "model": "ssbrc:fighters/samus/items/arm_cannon/power_beam/gold" },
		{ "predicate": { "custom_model_data": 1425 }, "model": "ssbrc:fighters/samus/items/arm_cannon/wave_beam/gold" },
		{ "predicate": { "custom_model_data": 1426 }, "model": "ssbrc:fighters/samus/items/arm_cannon/plasma_beam/gold" },

		{ "predicate": { "custom_model_data": 1520 }, "model": "ssbrc:fighters/snake/skins/default/default" },
		{ "predicate": { "custom_model_data": 1521 }, "model": "ssbrc:fighters/snake/items/psg1/default" },
		{ "predicate": { "custom_model_data": 1522 }, "model": "ssbrc:fighters/snake/items/famas/default" },
		{ "predicate": { "custom_model_data": 1523 }, "model": "ssbrc:fighters/snake/items/s1000/default" },
		{ "predicate": { "custom_model_data": 1524 }, "model": "ssbrc:fighters/snake/items/socom/default" },
		{ "predicate": { "custom_model_data": 1525 }, "model": "ssbrc:fighters/snake/items/smoke_grenade/default" },
		{ "predicate": { "custom_model_data": 1526 }, "model": "ssbrc:fighters/snake/items/anti_personnel_mine/default/inactive" },
		{ "predicate": { "custom_model_data": 1527 }, "model": "ssbrc:fighters/snake/items/anti_personnel_mine/default/priming_1" },
		{ "predicate": { "custom_model_data": 1528 }, "model": "ssbrc:fighters/snake/items/anti_personnel_mine/default/priming_2" },
		{ "predicate": { "custom_model_data": 1529 }, "model": "ssbrc:fighters/snake/items/anti_personnel_mine/default/active" },
		{ "predicate": { "custom_model_data": 1530 }, "model": "ssbrc:fighters/snake/items/psg1/gold" },
		{ "predicate": { "custom_model_data": 1531 }, "model": "ssbrc:fighters/snake/items/famas/gold" },
		{ "predicate": { "custom_model_data": 1532 }, "model": "ssbrc:fighters/snake/items/s1000/gold" },
		{ "predicate": { "custom_model_data": 1533 }, "model": "ssbrc:fighters/snake/items/socom/gold" },
		{ "predicate": { "custom_model_data": 1534 }, "model": "ssbrc:fighters/snake/items/smoke_grenade/gold" },
		{ "predicate": { "custom_model_data": 1535 }, "model": "ssbrc:fighters/snake/items/anti_personnel_mine/gold/inactive" },
		{ "predicate": { "custom_model_data": 1536 }, "model": "ssbrc:fighters/snake/items/anti_personnel_mine/gold/priming_1" },
		{ "predicate": { "custom_model_data": 1537 }, "model": "ssbrc:fighters/snake/items/anti_personnel_mine/gold/priming_2" },
		{ "predicate": { "custom_model_data": 1538 }, "model": "ssbrc:fighters/snake/items/anti_personnel_mine/gold/active" },

		{ "predicate": { "custom_model_data": 1540 }, "model": "ssbrc:fighters/sonic/skins/default" },

		{ "predicate": { "custom_model_data": 1560 }, "model": "ssbrc:fighters/sora/skins/default/default" },
		{ "predicate": { "custom_model_data": 1561 }, "model": "ssbrc:fighters/sora/items/keyblades/default/kingdom_key" },
		{ "predicate": { "custom_model_data": 1562 }, "model": "ssbrc:fighters/sora/items/keyblades/default/star_seeker" },
		{ "predicate": { "custom_model_data": 1563 }, "model": "ssbrc:fighters/sora/items/keyblades/timeless_river/monochrome" },
		{ "predicate": { "custom_model_data": 1564 }, "model": "ssbrc:fighters/sora/items/keyblades/timeless_river/classic_tone" },
		{ "predicate": { "custom_model_data": 1565 }, "model": "ssbrc:fighters/sora/items/keyblades/default/kingdom_key_wisdom" },
		{ "predicate": { "custom_model_data": 1566 }, "model": "ssbrc:fighters/sora/items/keyblades/timeless_river/monochrome_wisdom" },
		{ "predicate": { "custom_model_data": 1567 }, "model": "ssbrc:fighters/sora/items/drive_forms/default/valor" },
		{ "predicate": { "custom_model_data": 1568 }, "model": "ssbrc:fighters/sora/items/drive_forms/default/wisdom" },
		{ "predicate": { "custom_model_data": 1569 }, "model": "ssbrc:fighters/sora/items/drive_forms/timeless_river/valor" },
		{ "predicate": { "custom_model_data": 1570 }, "model": "ssbrc:fighters/sora/items/drive_forms/timeless_river/wisdom" },
		{ "predicate": { "custom_model_data": 1571 }, "model": "ssbrc:fighters/sora/items/keyblades/gold/kingdom_key" },
		{ "predicate": { "custom_model_data": 1572 }, "model": "ssbrc:fighters/sora/items/keyblades/gold/star_seeker" },
		{ "predicate": { "custom_model_data": 1573 }, "model": "ssbrc:fighters/sora/items/keyblades/gold/kingdom_key_wisdom" },

		{ "predicate": { "custom_model_data": 1580 }, "model": "ssbrc:fighters/steve/skins/default" },
		{ "predicate": { "custom_model_data": 1581 }, "model": "minecraft:item/wooden_pickaxe" },
		{ "predicate": { "custom_model_data": 1582 }, "model": "minecraft:item/stone_pickaxe" },
		{ "predicate": { "custom_model_data": 1583 }, "model": "minecraft:item/golden_pickaxe" },
		{ "predicate": { "custom_model_data": 1584 }, "model": "minecraft:item/iron_pickaxe" },
		{ "predicate": { "custom_model_data": 1585 }, "model": "minecraft:item/diamond_pickaxe" },
		{ "predicate": { "custom_model_data": 1586 }, "model": "minecraft:item/netherite_pickaxe" },

		{ "predicate": { "custom_model_data": 1720 }, "model": "ssbrc:fighters/wolf/skins/default" },
		{ "predicate": { "custom_model_data": 1721 }, "model": "ssbrc:fighters/wolf/items/wolf_slash/default" },
		{ "predicate": { "custom_model_data": 1722 }, "model": "ssbrc:fighters/wolf/items/blaster/default" },
		{ "predicate": { "custom_model_data": 1723 }, "model": "ssbrc:fighters/wolf/items/grenade/default" },
		{ "predicate": { "custom_model_data": 1724 }, "model": "ssbrc:fighters/wolf/items/grenade/beep" },
		{ "predicate": { "custom_model_data": 1725 }, "model": "ssbrc:fighters/wolf/items/blaster/assault" },
		{ "predicate": { "custom_model_data": 1726 }, "model": "ssbrc:fighters/wolf/items/wolf_slash/assault" },
		{ "predicate": { "custom_model_data": 1727 }, "model": "ssbrc:fighters/wolf/items/wolf_slash/gold" },
		{ "predicate": { "custom_model_data": 1728 }, "model": "ssbrc:fighters/wolf/items/blaster/gold" },

		{ "predicate": { "custom_model_data": 1741 }, "model": "ssbrc:fighters/yoshi/items/egg_green" },

		{ "predicate": { "custom_model_data": 1780 }, "model": "ssbrc:fighters/zelda/skins/default" },

		{ "predicate": { "custom_model_data": 1820 }, "model": "ssbrc:fighters/altered_beast/skins/default/centurion" },
		{ "predicate": { "custom_model_data": 1821 }, "model": "ssbrc:fighters/altered_beast/items/waredragon/electrocution" },
		{ "predicate": { "custom_model_data": 1822 }, "model": "ssbrc:fighters/altered_beast/items/warewolf/flame_hands" },

		{ "predicate": { "custom_model_data": 1840 }, "model": "ssbrc:fighters/alucard/skins/default/default" },
		{ "predicate": { "custom_model_data": 1841 }, "model": "ssbrc:fighters/alucard/items/holy_water/default" },
		{ "predicate": { "custom_model_data": 1842 }, "model": "ssbrc:fighters/alucard/items/blood_metamorphosis/default" },
		{ "predicate": { "custom_model_data": 1843 }, "model": "ssbrc:fighters/alucard/items/holy_water/gold" },
		{ "predicate": { "custom_model_data": 1844 }, "model": "ssbrc:fighters/alucard/items/blood_metamorphosis/gold" },
		{ "predicate": { "custom_model_data": 1845 }, "model": "ssbrc:fighters/alucard/items/blood_metamorphosis/disabled" },

		{ "predicate": { "custom_model_data": 1860 }, "model": "ssbrc:fighters/giegue/skins/default" },
		{ "predicate": { "custom_model_data": 1861 }, "model": "ssbrc:fighters/giegue/items/pk_freeze" },
		{ "predicate": { "custom_model_data": 1862 }, "model": "ssbrc:fighters/giegue/items/pk_beam" },

		{ "predicate": { "custom_model_data": 1900 }, "model": "ssbrc:fighters/shadow/skins/default" },
		{ "predicate": { "custom_model_data": 1901 }, "model": "ssbrc:fighters/shadow/items/chaos_spear/default" },
		{ "predicate": { "custom_model_data": 1902 }, "model": "ssbrc:fighters/shadow/items/chaos_emeralds/blue" },
		{ "predicate": { "custom_model_data": 1903 }, "model": "ssbrc:fighters/shadow/items/chaos_emeralds/red" },
		{ "predicate": { "custom_model_data": 1904 }, "model": "ssbrc:fighters/shadow/items/chaos_spear/disabled" },

		{ "predicate": { "custom_model_data": 1920 }, "model": "ssbrc:fighters/shovel_knight/skins/default" },
		{ "predicate": { "custom_model_data": 1921 }, "model": "ssbrc:fighters/shovel_knight/items/chaos_sphere/default" },
		{ "predicate": { "custom_model_data": 1922 }, "model": "ssbrc:fighters/shovel_knight/items/flare_wand/default" },
		{ "predicate": { "custom_model_data": 1923 }, "model": "ssbrc:fighters/shovel_knight/items/phase_locket/default" },
		{ "predicate": { "custom_model_data": 1924 }, "model": "ssbrc:fighters/shovel_knight/items/propeller_dagger/default" },
		{ "predicate": { "custom_model_data": 1925 }, "model": "ssbrc:fighters/shovel_knight/items/throwing_anchor/default" },
		{ "predicate": { "custom_model_data": 1926 }, "model": "ssbrc:fighters/shovel_knight/items/chaos_sphere/disabled" },
		{ "predicate": { "custom_model_data": 1927 }, "model": "ssbrc:fighters/shovel_knight/items/flare_wand/disabled" },
		{ "predicate": { "custom_model_data": 1928 }, "model": "ssbrc:fighters/shovel_knight/items/phase_locket/disabled" },
		{ "predicate": { "custom_model_data": 1929 }, "model": "ssbrc:fighters/shovel_knight/items/propeller_dagger/disabled" },
		{ "predicate": { "custom_model_data": 1930 }, "model": "ssbrc:fighters/shovel_knight/items/throwing_anchor/disabled" },
		{ "predicate": { "custom_model_data": 1931 }, "model": "ssbrc:fighters/shovel_knight/items/war_horn/disabled" },

		{ "predicate": { "custom_model_data": 1940 }, "model": "ssbrc:fighters/team_rocket/skins/logo" },
		{ "predicate": { "custom_model_data": 1944 }, "model": "ssbrc:fighters/team_rocket/items/meowth/payday" },

		{ "predicate": { "custom_model_data": 1960 }, "model": "ssbrc:fighters/yar/skins/default" },
		{ "predicate": { "custom_model_data": 1962 }, "model": "ssbrc:fighters/yar/items/ray_blaster/default/default" },
		{ "predicate": { "custom_model_data": 1963 }, "model": "ssbrc:fighters/yar/items/ray_blaster/gatling_gun/default/default" },
		{ "predicate": { "custom_model_data": 1964 }, "model": "ssbrc:fighters/yar/items/ray_blaster/missile_launcher/default" },
		{ "predicate": { "custom_model_data": 1965 }, "model": "ssbrc:fighters/yar/items/ray_blaster/railgun/default/default" },
		{ "predicate": { "custom_model_data": 1966 }, "model": "ssbrc:fighters/yar/items/ray_blaster/triple_shot/default" },
		{ "predicate": { "custom_model_data": 1967 }, "model": "ssbrc:fighters/yar/items/power_ups/gatling_gun" },
		{ "predicate": { "custom_model_data": 1968 }, "model": "ssbrc:fighters/yar/items/power_ups/missile_launcher" },
		{ "predicate": { "custom_model_data": 1969 }, "model": "ssbrc:fighters/yar/items/power_ups/omnishot" },
		{ "predicate": { "custom_model_data": 1970 }, "model": "ssbrc:fighters/yar/items/power_ups/railgun" },
		{ "predicate": { "custom_model_data": 1971 }, "model": "ssbrc:fighters/yar/items/power_ups/triple_shot" },
		{ "predicate": { "custom_model_data": 1972 }, "model": "ssbrc:fighters/yar/items/ray_blaster/railgun/default/charging" },
		{ "predicate": { "custom_model_data": 1973 }, "model": "ssbrc:fighters/yar/items/ray_blaster/railgun/default/charged" },
		{ "predicate": { "custom_model_data": 1974 }, "model": "ssbrc:fighters/yar/items/ray_blaster/gatling_gun/default/charging" },
		{ "predicate": { "custom_model_data": 1975 }, "model": "ssbrc:fighters/yar/items/drone/default" },
		{ "predicate": { "custom_model_data": 1976 }, "model": "ssbrc:fighters/yar/items/rocket/default" },
		{ "predicate": { "custom_model_data": 1977 }, "model": "ssbrc:fighters/yar/items/ray_blaster/default/gold" },
		{ "predicate": { "custom_model_data": 1978 }, "model": "ssbrc:fighters/yar/items/ray_blaster/gatling_gun/gold/default" },
		{ "predicate": { "custom_model_data": 1979 }, "model": "ssbrc:fighters/yar/items/ray_blaster/gatling_gun/gold/charging" },
		{ "predicate": { "custom_model_data": 1980 }, "model": "ssbrc:fighters/yar/items/ray_blaster/missile_launcher/gold" },
		{ "predicate": { "custom_model_data": 1981 }, "model": "ssbrc:fighters/yar/items/ray_blaster/railgun/gold/default" },
		{ "predicate": { "custom_model_data": 1982 }, "model": "ssbrc:fighters/yar/items/ray_blaster/railgun/gold/charging" },
		{ "predicate": { "custom_model_data": 1983 }, "model": "ssbrc:fighters/yar/items/ray_blaster/railgun/gold/charged" },
		{ "predicate": { "custom_model_data": 1984 }, "model": "ssbrc:fighters/yar/items/ray_blaster/triple_shot/gold" },
		{ "predicate": { "custom_model_data": 1985 }, "model": "ssbrc:fighters/yar/items/drone/gold" },
		{ "predicate": { "custom_model_data": 1986 }, "model": "ssbrc:fighters/yar/items/rocket/gold" },

		{ "predicate": { "custom_model_data": 9027 }, "model": "ssbrc:fighters/zelda/items/dungeon_items/bomb/default" },
		{ "predicate": { "custom_model_data": 9028 }, "model": "ssbrc:fighters/zelda/items/dungeon_items/boomerang" },
		{ "predicate": { "custom_model_data": 9029 }, "model": "ssbrc:fighters/zelda/items/dungeon_items/fire_rod" },
		{ "predicate": { "custom_model_data": 9030 }, "model": "ssbrc:fighters/zelda/items/dungeon_items/ice_rod" },
		{ "predicate": { "custom_model_data": 9031 }, "model": "ssbrc:fighters/zelda/items/dungeon_items/magic_boomerang" },

		{ "predicate": { "custom_model_data": 9032 }, "model": "ssbrc:fighters/zelda/items/passive_items/goron_locket" },
		{ "predicate": { "custom_model_data": 9034 }, "model": "ssbrc:fighters/zelda/items/passive_items/nayrus_ring" },
		{ "predicate": { "custom_model_data": 9035 }, "model": "ssbrc:fighters/zelda/items/passive_items/pegasus_anklet" },
		{ "predicate": { "custom_model_data": 9036 }, "model": "ssbrc:fighters/zelda/items/passive_items/ring_of_blasting" },
		{ "predicate": { "custom_model_data": 9037 }, "model": "ssbrc:fighters/zelda/items/passive_items/ring_of_risk" },
		{ "predicate": { "custom_model_data": 9039 }, "model": "ssbrc:fighters/zelda/items/passive_items/snorkel" },
		{ "predicate": { "custom_model_data": 9040 }, "model": "ssbrc:fighters/zelda/items/passive_items/torch_of_wisdom" },
		{ "predicate": { "custom_model_data": 9041 }, "model": "ssbrc:fighters/zelda/items/passive_items/zoras_flippers" },
		{ "predicate": { "custom_model_data": 9042 }, "model": "ssbrc:fighters/zelda/items/passive_items/ring_of_charisma" },

		{ "predicate": { "custom_model_data": 9043 }, "model": "ssbrc:fighters/zelda/items/dungeon_items/bomb/red" },
		{ "predicate": { "custom_model_data": 9044 }, "model": "ssbrc:fighters/zelda/items/dungeon_items/bomb/white" },

		{ "predicate": { "custom_model_data": 9045 }, "model": "ssbrc:fighters/zelda/items/great_fairy_blessing/5" },
		{ "predicate": { "custom_model_data": 9046 }, "model": "ssbrc:fighters/zelda/items/great_fairy_blessing/10" },
		{ "predicate": { "custom_model_data": 9047 }, "model": "ssbrc:fighters/zelda/items/great_fairy_blessing/15" },
		{ "predicate": { "custom_model_data": 9048 }, "model": "ssbrc:fighters/zelda/items/great_fairy_blessing/20" },
		{ "predicate": { "custom_model_data": 9049 }, "model": "ssbrc:fighters/zelda/items/great_fairy_blessing/25" },

		{ "predicate": { "custom_model_data": 9050 }, "model": "ssbrc:fighters/zelda/items/inventory_refresh/full_price" },
		{ "predicate": { "custom_model_data": 9051 }, "model": "ssbrc:fighters/zelda/items/inventory_refresh/half_price" },

		{ "predicate": { "custom_model_data": 9052 }, "model": "ssbrc:fighters/zelda/items/dungeon_items/bow/default/idle" },
		{ "predicate": { "custom_model_data": 9053 }, "model": "ssbrc:fighters/zelda/items/dungeon_items/bow/default/pulling_0" },
		{ "predicate": { "custom_model_data": 9054 }, "model": "ssbrc:fighters/zelda/items/dungeon_items/bow/default/pulling_1" },
		{ "predicate": { "custom_model_data": 9055 }, "model": "ssbrc:fighters/zelda/items/dungeon_items/bow/default/pulling_2" },
		{ "predicate": { "custom_model_data": 9056 }, "model": "ssbrc:fighters/zelda/items/dungeon_items/bow/fire/idle" },
		{ "predicate": { "custom_model_data": 9057 }, "model": "ssbrc:fighters/zelda/items/dungeon_items/bow/fire/pulling_0" },
		{ "predicate": { "custom_model_data": 9058 }, "model": "ssbrc:fighters/zelda/items/dungeon_items/bow/fire/pulling_1" },
		{ "predicate": { "custom_model_data": 9059 }, "model": "ssbrc:fighters/zelda/items/dungeon_items/bow/fire/pulling_2" },
		{ "predicate": { "custom_model_data": 9060 }, "model": "ssbrc:fighters/zelda/items/dungeon_items/bow/poison/idle" },
		{ "predicate": { "custom_model_data": 9061 }, "model": "ssbrc:fighters/zelda/items/dungeon_items/bow/poison/pulling_0" },
		{ "predicate": { "custom_model_data": 9062 }, "model": "ssbrc:fighters/zelda/items/dungeon_items/bow/poison/pulling_1" },
		{ "predicate": { "custom_model_data": 9063 }, "model": "ssbrc:fighters/zelda/items/dungeon_items/bow/poison/pulling_2" },

		{ "predicate": { "custom_model_data": 9064 }, "model": "ssbrc:fighters/zelda/items/dungeon_items/bomb/stowed" },

		{ "predicate": { "custom_model_data": 50003 }, "model": "ssbrc:pokemon/type_icons/electric/default" },
		{ "predicate": { "custom_model_data": 50006 }, "model": "ssbrc:pokemon/type_icons/fire/default" },
		{ "predicate": { "custom_model_data": 50008 }, "model": "ssbrc:pokemon/type_icons/ghost/default" },
		{ "predicate": { "custom_model_data": 50009 }, "model": "ssbrc:pokemon/type_icons/grass/default" },
		{ "predicate": { "custom_model_data": 50012 }, "model": "ssbrc:pokemon/type_icons/normal/default" },
		{ "predicate": { "custom_model_data": 50013 }, "model": "ssbrc:pokemon/type_icons/poison/default" },
		{ "predicate": { "custom_model_data": 50018 }, "model": "ssbrc:pokemon/type_icons/water/default" },

		{ "predicate": { "custom_model_data": 60003 }, "model": "ssbrc:pokemon/type_icons/electric/disabled" },
		{ "predicate": { "custom_model_data": 60006 }, "model": "ssbrc:pokemon/type_icons/fire/disabled" },
		{ "predicate": { "custom_model_data": 60008 }, "model": "ssbrc:pokemon/type_icons/ghost/disabled" },
		{ "predicate": { "custom_model_data": 60009 }, "model": "ssbrc:pokemon/type_icons/grass/disabled" },
		{ "predicate": { "custom_model_data": 60012 }, "model": "ssbrc:pokemon/type_icons/normal/disabled" },
		{ "predicate": { "custom_model_data": 60013 }, "model": "ssbrc:pokemon/type_icons/poison/disabled" },
		{ "predicate": { "custom_model_data": 60018 }, "model": "ssbrc:pokemon/type_icons/water/disabled" },

		{ "predicate": { "custom_model_data": 9999988 }, "model": "ssbrc:inventory_icons/skin_options" },
		{ "predicate": { "custom_model_data": 9999989 }, "model": "minecraft:item/written_book" },
		{ "predicate": { "custom_model_data": 9999990 }, "model": "ssbrc:inventory_icons/selector" },

		{ "predicate": { "custom_model_data": 9999991 }, "model": "ssbrc:team_flags/red" },
		{ "predicate": { "custom_model_data": 9999992 }, "model": "ssbrc:team_flags/blue" },
		{ "predicate": { "custom_model_data": 9999993 }, "model": "ssbrc:team_flags/green" },
		{ "predicate": { "custom_model_data": 9999994 }, "model": "ssbrc:team_flags/yellow" },
		{ "predicate": { "custom_model_data": 9999995 }, "model": "ssbrc:team_flags/purple" },
		{ "predicate": { "custom_model_data": 9999996 }, "model": "ssbrc:team_flags/orange" },
		{ "predicate": { "custom_model_data": 9999997 }, "model": "ssbrc:team_flags/pink" },
		{ "predicate": { "custom_model_data": 9999998 }, "model": "ssbrc:team_flags/aqua" }
	]
}
