{
	"parent": "item/handheld",
	"textures": {
		"layer0": "item/diamond_shovel"
	},
	"overrides": [
		{ "predicate": { "custom_model_data": 1920 }, "model": "ssbrc:fighters/shovel_knight/items/shovel_blade/default/default" },
		{ "predicate": { "custom_model_data": 1921 }, "model": "ssbrc:fighters/shovel_knight/items/shovel_blade/default/shovel_drop" },
		{ "predicate": { "custom_model_data": 1922 }, "model": "ssbrc:fighters/shovel_knight/items/shovel_blade/gold/default" },
		{ "predicate": { "custom_model_data": 1923 }, "model": "ssbrc:fighters/shovel_knight/items/shovel_blade/gold/shovel_drop" },
		{ "predicate": { "custom_model_data": 1924 }, "model": "ssbrc:fighters/shovel_knight/items/shovel_blade/shovel_of_chaos/default" },
		{ "predicate": { "custom_model_data": 1925 }, "model": "ssbrc:fighters/shovel_knight/items/shovel_blade/shovel_of_chaos/shovel_drop" },
		{ "predicate": { "custom_model_data": 1926 }, "model": "ssbrc:fighters/shovel_knight/items/shovel_blade/toad_shovel/default" },
		{ "predicate": { "custom_model_data": 1927 }, "model": "ssbrc:fighters/shovel_knight/items/shovel_blade/toad_shovel/shovel_drop" }
	]
}
