{
	"parent": "item/handheld",
	"textures": {
		"layer0": "item/golden_sword"
	},
	"overrides": [
		{ "predicate": { "custom_model_data": 100 }, "model": "ssbrc:fighters/byleth/items/sword_of_the_creator" },
		{ "predicate": { "custom_model_data": 440 }, "model": "ssbrc:fighters/hero/items/sword/sword_of_light/default" },
		{ "predicate": { "custom_model_data": 441 }, "model": "ssbrc:fighters/hero/items/sword/sword_of_ramias/default" },
		{ "predicate": { "custom_model_data": 442 }, "model": "ssbrc:fighters/hero/items/sword/zenithian_sword/default" },
		{ "predicate": { "custom_model_data": 443 }, "model": "ssbrc:fighters/hero/items/sword/sword_of_light/gold" }
	]
}
