{
	"parent": "item/handheld",
	"textures": {
		"layer0": "item/iron_sword"
	},
	"overrides": [
		{ "predicate": { "custom_model_data": 60 }, "model": "ssbrc:fighters/bowser/items/power_band/default" },
		{ "predicate": { "custom_model_data": 61 }, "model": "ssbrc:fighters/bowser/items/power_band/gold" },
		{ "predicate": { "custom_model_data": 100 }, "model": "ssbrc:fighters/byleth/items/steel_sword/default" },
		{ "predicate": { "custom_model_data": 101 }, "model": "ssbrc:fighters/byleth/items/steel_sword/gold" },
		{ "predicate": { "custom_model_data": 400 }, "model": "ssbrc:fighters/ganondorf/items/sword/default" },
		{ "predicate": { "custom_model_data": 401 }, "model": "ssbrc:fighters/ganondorf/items/sword/gold" },
		{ "predicate": { "custom_model_data": 402 }, "model": "ssbrc:fighters/ganondorf/items/sword/ocarina_of_time" },
		{ "predicate": { "custom_model_data": 403 }, "model": "ssbrc:fighters/ganondorf/items/sword/tears_of_the_kingdom" },
		{ "predicate": { "custom_model_data": 404 }, "model": "ssbrc:fighters/ganondorf/items/sword/wind_waker" },
		{ "predicate": { "custom_model_data": 440 }, "model": "ssbrc:fighters/hero/items/sword/sword_of_light/default" },
		{ "predicate": { "custom_model_data": 441 }, "model": "ssbrc:fighters/hero/items/sword/sword_of_ramias/default" },
		{ "predicate": { "custom_model_data": 442 }, "model": "ssbrc:fighters/hero/items/sword/zenithian_sword/default" },
		{ "predicate": { "custom_model_data": 443 }, "model": "ssbrc:fighters/hero/items/sword/sword_of_light/gold" },
		{ "predicate": { "custom_model_data": 444 }, "model": "ssbrc:fighters/hero/items/sword/sword_of_light/disabled" },
		{ "predicate": { "custom_model_data": 445 }, "model": "ssbrc:fighters/hero/items/sword/sword_of_ramias/disabled" },
		{ "predicate": { "custom_model_data": 446 }, "model": "ssbrc:fighters/hero/items/sword/zenithian_sword/disabled" },
		{ "predicate": { "custom_model_data": 700 }, "model": "ssbrc:fighters/kirby/items/katana/default" },
		{ "predicate": { "custom_model_data": 701 }, "model": "ssbrc:fighters/kirby/items/katana/gold" },
		{ "predicate": { "custom_model_data": 1160 }, "model": "ssbrc:fighters/peach/items/frying_pan/default" },
		{ "predicate": { "custom_model_data": 1162 }, "model": "ssbrc:fighters/peach/items/golf_club/default" },
		{ "predicate": { "custom_model_data": 1164 }, "model": "ssbrc:fighters/peach/items/tennis_racket/default" },
		{ "predicate": { "custom_model_data": 1520 }, "model": "ssbrc:fighters/snake/items/cqc_knife/default" },
		{ "predicate": { "custom_model_data": 1521 }, "model": "ssbrc:fighters/snake/items/cqc_knife/gold" },

		{ "predicate": { "custom_model_data": 1840 }, "model": "ssbrc:fighters/alucard/items/alucard_sword/default" },
		{ "predicate": { "custom_model_data": 1841 }, "model": "ssbrc:fighters/alucard/items/crissaegrim" },
		{ "predicate": { "custom_model_data": 1842 }, "model": "ssbrc:fighters/alucard/items/alucard_sword/gold" },
		{ "predicate": { "custom_model_data": 1960 }, "model": "ssbrc:fighters/yar/items/killspace_blade/default" },
		{ "predicate": { "custom_model_data": 1961 }, "model": "ssbrc:fighters/yar/items/killspace_blade/gold" },

		{ "predicate": { "custom_model_data": 9000 }, "model": "ssbrc:fighters/zelda/items/weapons/dagger/default" },
		{ "predicate": { "custom_model_data": 9001 }, "model": "ssbrc:fighters/zelda/items/weapons/dagger/emerald" },
		{ "predicate": { "custom_model_data": 9002 }, "model": "ssbrc:fighters/zelda/items/weapons/dagger/glass" },
		{ "predicate": { "custom_model_data": 9003 }, "model": "ssbrc:fighters/zelda/items/weapons/dagger/obsidian" },
		{ "predicate": { "custom_model_data": 9004 }, "model": "ssbrc:fighters/zelda/items/weapons/dagger/ruby" },
		{ "predicate": { "custom_model_data": 9005 }, "model": "ssbrc:fighters/zelda/items/weapons/dagger/titanium" },
		{ "predicate": { "custom_model_data": 9006 }, "model": "ssbrc:fighters/zelda/items/weapons/flail/default" },
		{ "predicate": { "custom_model_data": 9007 }, "model": "ssbrc:fighters/zelda/items/weapons/flail/emerald" },
		{ "predicate": { "custom_model_data": 9008 }, "model": "ssbrc:fighters/zelda/items/weapons/flail/glass" },
		{ "predicate": { "custom_model_data": 9009 }, "model": "ssbrc:fighters/zelda/items/weapons/flail/obsidian" },
		{ "predicate": { "custom_model_data": 9010 }, "model": "ssbrc:fighters/zelda/items/weapons/flail/ruby" },
		{ "predicate": { "custom_model_data": 9011 }, "model": "ssbrc:fighters/zelda/items/weapons/flail/titanium" },
		{ "predicate": { "custom_model_data": 9012 }, "model": "ssbrc:fighters/zelda/items/weapons/rapier/default" },
		{ "predicate": { "custom_model_data": 9013 }, "model": "ssbrc:fighters/zelda/items/weapons/rapier/emerald" },
		{ "predicate": { "custom_model_data": 9014 }, "model": "ssbrc:fighters/zelda/items/weapons/rapier/glass" },
		{ "predicate": { "custom_model_data": 9015 }, "model": "ssbrc:fighters/zelda/items/weapons/rapier/obsidian" },
		{ "predicate": { "custom_model_data": 9016 }, "model": "ssbrc:fighters/zelda/items/weapons/rapier/ruby" },
		{ "predicate": { "custom_model_data": 9017 }, "model": "ssbrc:fighters/zelda/items/weapons/rapier/titanium" },
		{ "predicate": { "custom_model_data": 9018 }, "model": "ssbrc:fighters/zelda/items/weapons/spear/default" },
		{ "predicate": { "custom_model_data": 9019 }, "model": "ssbrc:fighters/zelda/items/weapons/spear/emerald" },
		{ "predicate": { "custom_model_data": 9020 }, "model": "ssbrc:fighters/zelda/items/weapons/spear/glass" },
		{ "predicate": { "custom_model_data": 9021 }, "model": "ssbrc:fighters/zelda/items/weapons/spear/obsidian" },
		{ "predicate": { "custom_model_data": 9022 }, "model": "ssbrc:fighters/zelda/items/weapons/spear/ruby" },
		{ "predicate": { "custom_model_data": 9023 }, "model": "ssbrc:fighters/zelda/items/weapons/spear/titanium" }
	]
}
