{
	"parent": "item/handheld",
	"textures": {
		"layer0": "item/iron_axe"
	},
	"overrides": [
		{ "predicate": { "custom_model_data": 820 }, "model": "ssbrc:fighters/luigi/items/hammer/default" },
		{ "predicate": { "custom_model_data": 821 }, "model": "ssbrc:fighters/luigi/items/hammer/gold" },
		{ "predicate": { "custom_model_data": 840 }, "model": "ssbrc:fighters/mario/items/hammer/default" },
		{ "predicate": { "custom_model_data": 841 }, "model": "ssbrc:fighters/mario/items/hammer/gold" }
	]
}
