{
	"parent": "item/generated",
	"textures": {
		"layer0": "item/painting"
	},
	"overrides": [
		{ "predicate": { "custom_model_data": 1 }, "model": "ssbrc:stages/miiverse/posts/altered_beast/0" },
		{ "predicate": { "custom_model_data": 50 }, "model": "ssbrc:stages/miiverse/posts/alucard/0" },
		{ "predicate": { "custom_model_data": 100 }, "model": "ssbrc:stages/miiverse/posts/bowser/0" },
		{ "predicate": { "custom_model_data": 150 }, "model": "ssbrc:stages/miiverse/posts/byleth/0" },
		{ "predicate": { "custom_model_data": 200 }, "model": "ssbrc:stages/miiverse/posts/captain_falcon/0" },
		{ "predicate": { "custom_model_data": 250 }, "model": "ssbrc:stages/miiverse/posts/cloud/0" },
		{ "predicate": { "custom_model_data": 300 }, "model": "ssbrc:stages/miiverse/posts/dark_samus/0" },
		{ "predicate": { "custom_model_data": 350 }, "model": "ssbrc:stages/miiverse/posts/donkey_kong/0" },
		{ "predicate": { "custom_model_data": 400 }, "model": "ssbrc:stages/miiverse/posts/fox/0" },
		{ "predicate": { "custom_model_data": 450 }, "model": "ssbrc:stages/miiverse/posts/ganondorf/0" },
		{ "predicate": { "custom_model_data": 500 }, "model": "ssbrc:stages/miiverse/posts/giegue/0" },
		{ "predicate": { "custom_model_data": 550 }, "model": "ssbrc:stages/miiverse/posts/greninja/0" },
		{ "predicate": { "custom_model_data": 600 }, "model": "ssbrc:stages/miiverse/posts/hero/0" },
		{ "predicate": { "custom_model_data": 650 }, "model": "ssbrc:stages/miiverse/posts/jigglypuff/0" },
		{ "predicate": { "custom_model_data": 700 }, "model": "ssbrc:stages/miiverse/posts/joker/0" },
		{ "predicate": { "custom_model_data": 750 }, "model": "ssbrc:stages/miiverse/posts/king_k_rool/0" },
		{ "predicate": { "custom_model_data": 800 }, "model": "ssbrc:stages/miiverse/posts/kirby/0" },
		{ "predicate": { "custom_model_data": 850 }, "model": "ssbrc:stages/miiverse/posts/link/0" },
		{ "predicate": { "custom_model_data": 851 }, "model": "ssbrc:stages/miiverse/posts/link/1" },
		{ "predicate": { "custom_model_data": 900 }, "model": "ssbrc:stages/miiverse/posts/luigi/0" },
		{ "predicate": { "custom_model_data": 950 }, "model": "ssbrc:stages/miiverse/posts/mario/0" },
		{ "predicate": { "custom_model_data": 951 }, "model": "ssbrc:stages/miiverse/posts/mario/1" },
		{ "predicate": { "custom_model_data": 1000 }, "model": "ssbrc:stages/miiverse/posts/mega_man/0" },
		{ "predicate": { "custom_model_data": 1050 }, "model": "ssbrc:stages/miiverse/posts/ness/0" },
		{ "predicate": { "custom_model_data": 1100 }, "model": "ssbrc:stages/miiverse/posts/pikachu/0" },
		{ "predicate": { "custom_model_data": 1150 }, "model": "ssbrc:stages/miiverse/posts/pit/0" },
		{ "predicate": { "custom_model_data": 1200 }, "model": "ssbrc:stages/miiverse/posts/pokemon_trainer/0" },
		{ "predicate": { "custom_model_data": 1250 }, "model": "ssbrc:stages/miiverse/posts/rob/0" },
		{ "predicate": { "custom_model_data": 1300 }, "model": "ssbrc:stages/miiverse/posts/ryu/0" },
		{ "predicate": { "custom_model_data": 1350 }, "model": "ssbrc:stages/miiverse/posts/samus/0" },
		{ "predicate": { "custom_model_data": 1400 }, "model": "ssbrc:stages/miiverse/posts/shadow/0" },
		{ "predicate": { "custom_model_data": 1450 }, "model": "ssbrc:stages/miiverse/posts/shovel_knight/0" },
		{ "predicate": { "custom_model_data": 1500 }, "model": "ssbrc:stages/miiverse/posts/snake/0" },
		{ "predicate": { "custom_model_data": 1550 }, "model": "ssbrc:stages/miiverse/posts/sonic/0" },
		{ "predicate": { "custom_model_data": 1600 }, "model": "ssbrc:stages/miiverse/posts/sora/0" },
		{ "predicate": { "custom_model_data": 1650 }, "model": "ssbrc:stages/miiverse/posts/steve/0" },
		{ "predicate": { "custom_model_data": 1700 }, "model": "ssbrc:stages/miiverse/posts/team_rocket/0" },
		{ "predicate": { "custom_model_data": 1750 }, "model": "ssbrc:stages/miiverse/posts/wolf/0" },
		{ "predicate": { "custom_model_data": 1800 }, "model": "ssbrc:stages/miiverse/posts/yar/0" },
		{ "predicate": { "custom_model_data": 1850 }, "model": "ssbrc:stages/miiverse/posts/zelda/0" }
	]
}
