{
	"parent": "item/generated",
	"textures": {
		"layer0": "item/redstone"
	},
	"overrides": [
		{ "predicate": { "custom_model_data": 150 }, "model": "ssbrc:stages/bowsers_castle/armor_stands/peach/arm_left" },
		{ "predicate": { "custom_model_data": 151 }, "model": "ssbrc:stages/bowsers_castle/armor_stands/peach/arm_right" },
		{ "predicate": { "custom_model_data": 152 }, "model": "ssbrc:stages/bowsers_castle/armor_stands/toad/default/arm_left" },
		{ "predicate": { "custom_model_data": 153 }, "model": "ssbrc:stages/bowsers_castle/armor_stands/toad/default/arm_right" },
		{ "predicate": { "custom_model_data": 154 }, "model": "ssbrc:stages/bowsers_castle/armor_stands/toad/blue/arm_left" },
		{ "predicate": { "custom_model_data": 155 }, "model": "ssbrc:stages/bowsers_castle/armor_stands/toad/blue/arm_right" },
		{ "predicate": { "custom_model_data": 156 }, "model": "ssbrc:stages/bowsers_castle/armor_stands/toad/yellow/arm_left" },
		{ "predicate": { "custom_model_data": 157 }, "model": "ssbrc:stages/bowsers_castle/armor_stands/toad/yellow/arm_right" },
		{ "predicate": { "custom_model_data": 200 }, "model": "ssbrc:stages/castle_siege/armor_stands/king/arm_left" },
		{ "predicate": { "custom_model_data": 201 }, "model": "ssbrc:stages/castle_siege/armor_stands/king/arm_right" },
		{ "predicate": { "custom_model_data": 500 }, "model": "ssbrc:stages/frozen_hijinx/armor_stands/funky_kong/arm_left" },
		{ "predicate": { "custom_model_data": 501 }, "model": "ssbrc:stages/frozen_hijinx/armor_stands/funky_kong/arm_right" },
		{ "predicate": { "custom_model_data": 750 }, "model": "ssbrc:stages/green_hill_zone/armor_stands/shadow/arm_left" },
		{ "predicate": { "custom_model_data": 751 }, "model": "ssbrc:stages/green_hill_zone/armor_stands/shadow/arm_right" },
		{ "predicate": { "custom_model_data": 752 }, "model": "ssbrc:stages/green_hill_zone/armor_stands/amy/arm_left" },
		{ "predicate": { "custom_model_data": 753 }, "model": "ssbrc:stages/green_hill_zone/armor_stands/amy/arm_right" },
		{ "predicate": { "custom_model_data": 754 }, "model": "ssbrc:stages/green_hill_zone/armor_stands/charmy/arm_left" },
		{ "predicate": { "custom_model_data": 755 }, "model": "ssbrc:stages/green_hill_zone/armor_stands/charmy/arm_right" },
		{ "predicate": { "custom_model_data": 756 }, "model": "ssbrc:stages/green_hill_zone/armor_stands/cream/arm_left" },
		{ "predicate": { "custom_model_data": 757 }, "model": "ssbrc:stages/green_hill_zone/armor_stands/cream/arm_right" },
		{ "predicate": { "custom_model_data": 758 }, "model": "ssbrc:stages/green_hill_zone/armor_stands/espio/arm_left" },
		{ "predicate": { "custom_model_data": 759 }, "model": "ssbrc:stages/green_hill_zone/armor_stands/espio/arm_right" },
		{ "predicate": { "custom_model_data": 760 }, "model": "ssbrc:stages/green_hill_zone/armor_stands/knuckles/arm_left" },
		{ "predicate": { "custom_model_data": 761 }, "model": "ssbrc:stages/green_hill_zone/armor_stands/knuckles/arm_right" },
		{ "predicate": { "custom_model_data": 762 }, "model": "ssbrc:stages/green_hill_zone/armor_stands/silver/arm_left" },
		{ "predicate": { "custom_model_data": 763 }, "model": "ssbrc:stages/green_hill_zone/armor_stands/silver/arm_right" },
		{ "predicate": { "custom_model_data": 764 }, "model": "ssbrc:stages/green_hill_zone/armor_stands/tails/arm_left" },
		{ "predicate": { "custom_model_data": 765 }, "model": "ssbrc:stages/green_hill_zone/armor_stands/tails/arm_right" },
		{ "predicate": { "custom_model_data": 766 }, "model": "ssbrc:stages/green_hill_zone/armor_stands/vector/arm_left" },
		{ "predicate": { "custom_model_data": 767 }, "model": "ssbrc:stages/green_hill_zone/armor_stands/vector/arm_right" },
		{ "predicate": { "custom_model_data": 1050 }, "model": "ssbrc:stages/magicant/armor_stands/jeff/arm_left" },
		{ "predicate": { "custom_model_data": 1051 }, "model": "ssbrc:stages/magicant/armor_stands/jeff/arm_right" },
		{ "predicate": { "custom_model_data": 1052 }, "model": "ssbrc:stages/magicant/armor_stands/paula/arm_left" },
		{ "predicate": { "custom_model_data": 1053 }, "model": "ssbrc:stages/magicant/armor_stands/paula/arm_right" },
		{ "predicate": { "custom_model_data": 1054 }, "model": "ssbrc:stages/magicant/armor_stands/poo/arm_left" },
		{ "predicate": { "custom_model_data": 1055 }, "model": "ssbrc:stages/magicant/armor_stands/poo/arm_right" },
		{ "predicate": { "custom_model_data": 1100 }, "model": "ssbrc:stages/mementos/armor_stands/jose/arm_left" },
		{ "predicate": { "custom_model_data": 1101 }, "model": "ssbrc:stages/mementos/armor_stands/jose/arm_right" },
		{ "predicate": { "custom_model_data": 1102 }, "model": "ssbrc:stages/mementos/armor_stands/queen/arm_left" },
		{ "predicate": { "custom_model_data": 1103 }, "model": "ssbrc:stages/mementos/armor_stands/queen/arm_right" },
		{ "predicate": { "custom_model_data": 1350 }, "model": "ssbrc:stages/pallet_town/armor_stands/brock/arm_left" },
		{ "predicate": { "custom_model_data": 1351 }, "model": "ssbrc:stages/pallet_town/armor_stands/brock/arm_right" },
		{ "predicate": { "custom_model_data": 1352 }, "model": "ssbrc:stages/pallet_town/armor_stands/gary/arm_left" },
		{ "predicate": { "custom_model_data": 1353 }, "model": "ssbrc:stages/pallet_town/armor_stands/gary/arm_right" },
		{ "predicate": { "custom_model_data": 1354 }, "model": "ssbrc:stages/pallet_town/armor_stands/misty/arm_left" },
		{ "predicate": { "custom_model_data": 1355 }, "model": "ssbrc:stages/pallet_town/armor_stands/misty/arm_right" },
		{ "predicate": { "custom_model_data": 1356 }, "model": "ssbrc:stages/pallet_town/armor_stands/nurse_joy/arm_left" },
		{ "predicate": { "custom_model_data": 1357 }, "model": "ssbrc:stages/pallet_town/armor_stands/nurse_joy/arm_right" },
		{ "predicate": { "custom_model_data": 1358 }, "model": "ssbrc:stages/pallet_town/armor_stands/officer_jenny/arm_left" },
		{ "predicate": { "custom_model_data": 1359 }, "model": "ssbrc:stages/pallet_town/armor_stands/officer_jenny/arm_right" },
		{ "predicate": { "custom_model_data": 1360 }, "model": "ssbrc:stages/pallet_town/armor_stands/professor_oak/arm_left" },
		{ "predicate": { "custom_model_data": 1361 }, "model": "ssbrc:stages/pallet_town/armor_stands/professor_oak/arm_right" },
		{ "predicate": { "custom_model_data": 1550 }, "model": "ssbrc:stages/sector_z/armor_stands/krystal/arm_left" },
		{ "predicate": { "custom_model_data": 1551 }, "model": "ssbrc:stages/sector_z/armor_stands/krystal/arm_right" },
		{ "predicate": { "custom_model_data": 1552 }, "model": "ssbrc:stages/sector_z/armor_stands/leon/arm_left" },
		{ "predicate": { "custom_model_data": 1553 }, "model": "ssbrc:stages/sector_z/armor_stands/leon/arm_right" },
		{ "predicate": { "custom_model_data": 1554 }, "model": "ssbrc:stages/sector_z/armor_stands/panther/arm_left" },
		{ "predicate": { "custom_model_data": 1555 }, "model": "ssbrc:stages/sector_z/armor_stands/panther/arm_right" },
		{ "predicate": { "custom_model_data": 1556 }, "model": "ssbrc:stages/sector_z/armor_stands/peppy/arm_left" },
		{ "predicate": { "custom_model_data": 1557 }, "model": "ssbrc:stages/sector_z/armor_stands/peppy/arm_right" },
		{ "predicate": { "custom_model_data": 1558 }, "model": "ssbrc:stages/sector_z/armor_stands/pigma/arm_left" },
		{ "predicate": { "custom_model_data": 1559 }, "model": "ssbrc:stages/sector_z/armor_stands/pigma/arm_right" },
		{ "predicate": { "custom_model_data": 1560 }, "model": "ssbrc:stages/sector_z/armor_stands/rob_64/arm_left" },
		{ "predicate": { "custom_model_data": 1561 }, "model": "ssbrc:stages/sector_z/armor_stands/rob_64/arm_right" },
		{ "predicate": { "custom_model_data": 1562 }, "model": "ssbrc:stages/sector_z/armor_stands/slippy/arm_left" },
		{ "predicate": { "custom_model_data": 1563 }, "model": "ssbrc:stages/sector_z/armor_stands/slippy/arm_right" },
		{ "predicate": { "custom_model_data": 1800 }, "model": "ssbrc:stages/wily_castle/armor_stands/acid_man/arm_left" },
		{ "predicate": { "custom_model_data": 1801 }, "model": "ssbrc:stages/wily_castle/armor_stands/acid_man/arm_right" },
		{ "predicate": { "custom_model_data": 1802 }, "model": "ssbrc:stages/wily_castle/armor_stands/guts_man/arm_left" },
		{ "predicate": { "custom_model_data": 1803 }, "model": "ssbrc:stages/wily_castle/armor_stands/guts_man/arm_right" },
		{ "predicate": { "custom_model_data": 1804 }, "model": "ssbrc:stages/wily_castle/armor_stands/nitro_man/arm_left" },
		{ "predicate": { "custom_model_data": 1805 }, "model": "ssbrc:stages/wily_castle/armor_stands/nitro_man/arm_right" },
		{ "predicate": { "custom_model_data": 1806 }, "model": "ssbrc:stages/wily_castle/armor_stands/quick_man/arm_left" },
		{ "predicate": { "custom_model_data": 1807 }, "model": "ssbrc:stages/wily_castle/armor_stands/quick_man/arm_right" }
	]
}
