{
	"parent": "item/generated",
	"textures": {
		"layer0": "item/stick"
	},
	"overrides": [
		{ "predicate": { "custom_model_data": 3 }, "model": "ssbrc:fighters/rob/skins/default/full" },
		{ "predicate": { "custom_model_data": 60 }, "model": "ssbrc:fighters/bowser/skins/default_full" },
		{ "predicate": { "custom_model_data": 100 }, "model": "ssbrc:fighters/byleth/skins/default/female_full" },
		{ "predicate": { "custom_model_data": 120 }, "model": "ssbrc:fighters/captain_falcon/skins/default_full" },
		{ "predicate": { "custom_model_data": 180 }, "model": "ssbrc:fighters/cloud/skins/default_full" },
		{ "predicate": { "custom_model_data": 260 }, "model": "ssbrc:fighters/dark_samus/skins/default_full" },
		{ "predicate": { "custom_model_data": 300 }, "model": "ssbrc:fighters/donkey_kong/skins/default_full" },
		{ "predicate": { "custom_model_data": 380 }, "model": "ssbrc:fighters/fox/skins/default_full" },
		{ "predicate": { "custom_model_data": 400 }, "model": "ssbrc:fighters/ganondorf/skins/default_full" },
		{ "predicate": { "custom_model_data": 420 }, "model": "ssbrc:fighters/greninja/skins/default_full" },
		{ "predicate": { "custom_model_data": 440 }, "model": "ssbrc:fighters/hero/skins/default/full" },
		{ "predicate": { "custom_model_data": 580 }, "model": "ssbrc:fighters/jigglypuff/skins/default/full" },
		{ "predicate": { "custom_model_data": 600 }, "model": "ssbrc:fighters/joker/skins/default/full" },
		{ "predicate": { "custom_model_data": 680 }, "model": "ssbrc:fighters/king_k_rool/skins/default_full" },
		{ "predicate": { "custom_model_data": 700 }, "model": "ssbrc:fighters/kirby/skins/default/full" },
		{ "predicate": { "custom_model_data": 720 }, "model": "ssbrc:fighters/link/skins/default_full" },
		{ "predicate": { "custom_model_data": 820 }, "model": "ssbrc:fighters/luigi/skins/default_full" },
		{ "predicate": { "custom_model_data": 840 }, "model": "ssbrc:fighters/mario/skins/default_full" },
		{ "predicate": { "custom_model_data": 841 }, "model": "ssbrc:fighters/mario/skins/gold_full" },
		{ "predicate": { "custom_model_data": 880 }, "model": "ssbrc:fighters/mega_man/skins/default_full" },
		{ "predicate": { "custom_model_data": 1080 }, "model": "ssbrc:fighters/ness/skins/default_full" },
		{ "predicate": { "custom_model_data": 1160 }, "model": "ssbrc:fighters/peach/skins/default_full" },
		{ "predicate": { "custom_model_data": 1200 }, "model": "ssbrc:fighters/pikachu/skins/default_full" },
		{ "predicate": { "custom_model_data": 1220 }, "model": "ssbrc:fighters/pit/skins/default_full" },
		{ "predicate": { "custom_model_data": 1260 }, "model": "ssbrc:fighters/pokemon_trainer/skins/default/trainer_full" },
		{ "predicate": { "custom_model_data": 1380 }, "model": "ssbrc:fighters/roy/skins/default_full" },
		{ "predicate": { "custom_model_data": 1400 }, "model": "ssbrc:fighters/ryu/skins/default/full" },
		{ "predicate": { "custom_model_data": 1420 }, "model": "ssbrc:fighters/samus/skins/default_full" },
		{ "predicate": { "custom_model_data": 1520 }, "model": "ssbrc:fighters/snake/skins/default/full" },
		{ "predicate": { "custom_model_data": 1540 }, "model": "ssbrc:fighters/sonic/skins/default_full" },
		{ "predicate": { "custom_model_data": 1560 }, "model": "ssbrc:fighters/sora/skins/default/full" },
		{ "predicate": { "custom_model_data": 1580 }, "model": "ssbrc:fighters/steve/skins/default_full" },
		{ "predicate": { "custom_model_data": 1640 }, "model": "ssbrc:fighters/toon_link/skins/default_full" },
		{ "predicate": { "custom_model_data": 1720 }, "model": "ssbrc:fighters/wolf/skins/default_full" },
		{ "predicate": { "custom_model_data": 1780 }, "model": "ssbrc:fighters/zelda/skins/default_full" },

		{ "predicate": { "custom_model_data": 1820 }, "model": "ssbrc:fighters/altered_beast/skins/default/centurion_full" },
		{ "predicate": { "custom_model_data": 1840 }, "model": "ssbrc:fighters/alucard/skins/default/full" },
		{ "predicate": { "custom_model_data": 1860 }, "model": "ssbrc:fighters/giegue/skins/default_full" },
		{ "predicate": { "custom_model_data": 1900 }, "model": "ssbrc:fighters/shadow/skins/default_full" },
		{ "predicate": { "custom_model_data": 1920 }, "model": "ssbrc:fighters/shovel_knight/skins/default_full" },
		{ "predicate": { "custom_model_data": 1940 }, "model": "ssbrc:fighters/team_rocket/skins/default/meowth_full" },
		{ "predicate": { "custom_model_data": 1941 }, "model": "ssbrc:fighters/team_rocket/skins/default/jesse_full" },
		{ "predicate": { "custom_model_data": 1942 }, "model": "ssbrc:fighters/team_rocket/skins/default/james_full" },
		{ "predicate": { "custom_model_data": 1960 }, "model": "ssbrc:fighters/yar/skins/default_full" },

		{ "predicate": { "custom_model_data": 9998 }, "model": "ssbrc:fighters/random" },
		{ "predicate": { "custom_model_data": 9999 }, "model": "ssbrc:fighters/spectator" },

		{ "predicate": { "custom_model_data": 1000000 }, "model": "ssbrc:developers/nessispsirockin" },
		{ "predicate": { "custom_model_data": 1000001 }, "model": "ssbrc:developers/inquognito" },
		{ "predicate": { "custom_model_data": 1000002 }, "model": "ssbrc:developers/orionbrigade" },
		{ "predicate": { "custom_model_data": 1000003 }, "model": "ssbrc:developers/jedimasterhomer" },
		{ "predicate": { "custom_model_data": 1000004 }, "model": "ssbrc:developers/sugarshrimp" },
		{ "predicate": { "custom_model_data": 1000005 }, "model": "ssbrc:developers/homegaddielmc" },
		{ "predicate": { "custom_model_data": 1000006 }, "model": "ssbrc:developers/pxlsamosa" },
		{ "predicate": { "custom_model_data": 1000007 }, "model": "ssbrc:developers/thxlotl" },
		{ "predicate": { "custom_model_data": 1000008 }, "model": "ssbrc:developers/peteerrosh" },
		{ "predicate": { "custom_model_data": 1000009 }, "model": "ssbrc:developers/davidtippy" },
		{ "predicate": { "custom_model_data": 1000010 }, "model": "ssbrc:developers/ricardo64" },
		{ "predicate": { "custom_model_data": 1000011 }, "model": "ssbrc:developers/pastapower2k64" },
		{ "predicate": { "custom_model_data": 1000012 }, "model": "ssbrc:developers/miffenkop" },

		{ "predicate": { "custom_model_data": 1400000 }, "model": "ssbrc:fighters/ryu/items/ashura_senku/trail/default/faded_0" },
		{ "predicate": { "custom_model_data": 1401000 }, "model": "ssbrc:fighters/ryu/items/ashura_senku/trail/default/faded_1" },
		{ "predicate": { "custom_model_data": 1402000 }, "model": "ssbrc:fighters/ryu/items/ashura_senku/trail/default/faded_2" },
		{ "predicate": { "custom_model_data": 1403000 }, "model": "ssbrc:fighters/ryu/items/ashura_senku/trail/default/faded_3" },
		{ "predicate": { "custom_model_data": 1404000 }, "model": "ssbrc:fighters/ryu/items/ashura_senku/trail/gold/faded_0" },
		{ "predicate": { "custom_model_data": 1405000 }, "model": "ssbrc:fighters/ryu/items/ashura_senku/trail/gold/faded_1" },
		{ "predicate": { "custom_model_data": 1406000 }, "model": "ssbrc:fighters/ryu/items/ashura_senku/trail/gold/faded_2" },
		{ "predicate": { "custom_model_data": 1407000 }, "model": "ssbrc:fighters/ryu/items/ashura_senku/trail/gold/faded_3" },
		{ "predicate": { "custom_model_data": 1408000 }, "model": "ssbrc:fighters/ryu/items/ashura_senku/trail/hot_ryu/faded_0" },
		{ "predicate": { "custom_model_data": 1409000 }, "model": "ssbrc:fighters/ryu/items/ashura_senku/trail/hot_ryu/faded_1" },
		{ "predicate": { "custom_model_data": 1410000 }, "model": "ssbrc:fighters/ryu/items/ashura_senku/trail/hot_ryu/faded_2" },
		{ "predicate": { "custom_model_data": 1411000 }, "model": "ssbrc:fighters/ryu/items/ashura_senku/trail/hot_ryu/faded_3" }
	]
}
