{
	"parent": "item/generated",
	"textures": {
		"layer0": "item/sugar"
	},
	"overrides": [
		{ "predicate": { "custom_model_data": 1 }, "model": "ssbrc:stage_icons/acropolis_graveyard" },
		{ "predicate": { "custom_model_data": 50 }, "model": "ssbrc:stage_icons/battlefield" },
		{ "predicate": { "custom_model_data": 100 }, "model": "ssbrc:stage_icons/big_battlefield" },
		{ "predicate": { "custom_model_data": 150 }, "model": "ssbrc:stage_icons/bowsers_castle" },
		{ "predicate": { "custom_model_data": 151 }, "model": "ssbrc:stages/bowsers_castle/bowser_face/black" },
		{ "predicate": { "custom_model_data": 156 }, "model": "ssbrc:stages/bowsers_castle/thwomp/active" },
		{ "predicate": { "custom_model_data": 157 }, "model": "ssbrc:stages/bowsers_castle/thwomp/idle" },
		{ "predicate": { "custom_model_data": 158 }, "model": "ssbrc:stages/bowsers_castle/banzai_bill" },
		{ "predicate": { "custom_model_data": 159 }, "model": "ssbrc:stages/bowsers_castle/bowser_face/red" },
		{ "predicate": { "custom_model_data": 184 }, "model": "ssbrc:stages/bowsers_castle/bob_omb" },
		{ "predicate": { "custom_model_data": 200 }, "model": "ssbrc:stage_icons/castle_siege" },
		{ "predicate": { "custom_model_data": 250 }, "model": "ssbrc:stage_icons/palutenas_temple" },
		{ "predicate": { "custom_model_data": 300 }, "model": "ssbrc:stage_icons/draculas_castle" },
		{ "predicate": { "custom_model_data": 301 }, "model": "ssbrc:stages/draculas_castle/statue" },
		{ "predicate": { "custom_model_data": 350 }, "model": "ssbrc:stage_icons/dream_land" },
		{ "predicate": { "custom_model_data": 400 }, "model": "ssbrc:stage_icons/final_destination" },
		{ "predicate": { "custom_model_data": 450 }, "model": "ssbrc:stage_icons/flat_zone" },
		{ "predicate": { "custom_model_data": 500 }, "model": "ssbrc:stage_icons/frozen_hijinx" },
		{ "predicate": { "custom_model_data": 501 }, "model": "ssbrc:stages/frozen_hijinx/barrel_cannon" },
		{ "predicate": { "custom_model_data": 600 }, "model": "ssbrc:stage_icons/garden_of_hope" },
		{ "predicate": { "custom_model_data": 650 }, "model": "ssbrc:stage_icons/great_bay" },
		{ "predicate": { "custom_model_data": 700 }, "model": "ssbrc:stage_icons/great_plateau" },
		{ "predicate": { "custom_model_data": 701 }, "model": "ssbrc:stages/great_plateau/link" },
		{ "predicate": { "custom_model_data": 750 }, "model": "ssbrc:stage_icons/green_hill_zone" },
		{ "predicate": { "custom_model_data": 800 }, "model": "ssbrc:stage_icons/hyrule_castle" },
		{ "predicate": { "custom_model_data": 801 }, "model": "ssbrc:stages/hyrule_castle/triforce" },
		{ "predicate": { "custom_model_data": 802 }, "model": "ssbrc:stages/hyrule_castle/sword_rack" },
		{ "predicate": { "custom_model_data": 803 }, "model": "ssbrc:stages/hyrule_castle/tornado/1" },
		{ "predicate": { "custom_model_data": 804 }, "model": "ssbrc:stages/hyrule_castle/tornado/2" },
		{ "predicate": { "custom_model_data": 805 }, "model": "ssbrc:stages/hyrule_castle/tornado/3" },
		{ "predicate": { "custom_model_data": 850 }, "model": "ssbrc:stage_icons/icicle_mountain" },
		{ "predicate": { "custom_model_data": 900 }, "model": "ssbrc:stage_icons/jungle_japes" },
		{ "predicate": { "custom_model_data": 901 }, "model": "ssbrc:stages/jungle_japes/donkey_kong" },
		{ "predicate": { "custom_model_data": 950 }, "model": "ssbrc:stage_icons/lake_of_rage" },
		{ "predicate": { "custom_model_data": 951 }, "model": "ssbrc:stages/lake_of_rage/buoy" },
		{ "predicate": { "custom_model_data": 1000 }, "model": "ssbrc:stage_icons/luigis_mansion" },
		{ "predicate": { "custom_model_data": 1001 }, "model": "ssbrc:stages/luigis_mansion/paintings/bogmire" },
		{ "predicate": { "custom_model_data": 1002 }, "model": "ssbrc:stages/luigis_mansion/paintings/boo" },
		{ "predicate": { "custom_model_data": 1003 }, "model": "ssbrc:stages/luigis_mansion/paintings/boolossus" },
		{ "predicate": { "custom_model_data": 1004 }, "model": "ssbrc:stages/luigis_mansion/paintings/bowser_and_king_boo" },
		{ "predicate": { "custom_model_data": 1005 }, "model": "ssbrc:stages/luigis_mansion/paintings/chauncy" },
		{ "predicate": { "custom_model_data": 1006 }, "model": "ssbrc:stages/luigis_mansion/paintings/clockwork_soldiers" },
		{ "predicate": { "custom_model_data": 1007 }, "model": "ssbrc:stages/luigis_mansion/paintings/melody" },
		{ "predicate": { "custom_model_data": 1008 }, "model": "ssbrc:stages/luigis_mansion/paintings/neville" },
		{ "predicate": { "custom_model_data": 1009 }, "model": "ssbrc:stages/luigis_mansion/paintings/uncle_grimmly" },
		{ "predicate": { "custom_model_data": 1010 }, "model": "ssbrc:stages/luigis_mansion/paintings/bogmire_small" },
		{ "predicate": { "custom_model_data": 1011 }, "model": "ssbrc:stages/luigis_mansion/paintings/boolossus_small" },
		{ "predicate": { "custom_model_data": 1012 }, "model": "ssbrc:stages/luigis_mansion/paintings/bowser_and_king_boo_small" },
		{ "predicate": { "custom_model_data": 1013 }, "model": "ssbrc:stages/luigis_mansion/paintings/chauncy_small" },
		{ "predicate": { "custom_model_data": 1014 }, "model": "ssbrc:stages/luigis_mansion/paintings/clockwork_soldiers_small" },
		{ "predicate": { "custom_model_data": 1015 }, "model": "ssbrc:stages/luigis_mansion/paintings/melody_small" },
		{ "predicate": { "custom_model_data": 1016 }, "model": "ssbrc:stages/luigis_mansion/paintings/neville_small" },
		{ "predicate": { "custom_model_data": 1017 }, "model": "ssbrc:stages/luigis_mansion/paintings/uncle_grimmly_small" },
		{ "predicate": { "custom_model_data": 1018 }, "model": "ssbrc:stages/luigis_mansion/chair" },
		{ "predicate": { "custom_model_data": 1019 }, "model": "ssbrc:stages/luigis_mansion/easel" },
		{ "predicate": { "custom_model_data": 1020 }, "model": "ssbrc:stages/luigis_mansion/lantern_off/floor" },
		{ "predicate": { "custom_model_data": 1021 }, "model": "ssbrc:stages/luigis_mansion/lantern_off/hanging" },
		{ "predicate": { "custom_model_data": 1022 }, "model": "ssbrc:stages/luigis_mansion/boo" },
		{ "predicate": { "custom_model_data": 1050 }, "model": "ssbrc:stage_icons/magicant" },
		{ "predicate": { "custom_model_data": 1100 }, "model": "ssbrc:stage_icons/mementos" },
		{ "predicate": { "custom_model_data": 1150 }, "model": "ssbrc:stage_icons/miiverse" },
		{ "predicate": { "custom_model_data": 1200 }, "model": "ssbrc:stage_icons/mushroom_kingdom" },
		{ "predicate": { "custom_model_data": 1201 }, "model": "ssbrc:stages/mushroom_kingdom/question_mark" },
		{ "predicate": { "custom_model_data": 1300 }, "model": "ssbrc:stage_icons/pac_maze" },
		{ "predicate": { "custom_model_data": 1301 }, "model": "ssbrc:stages/pac_maze/ghosts/blinky/f1" },
		{ "predicate": { "custom_model_data": 1302 }, "model": "ssbrc:stages/pac_maze/ghosts/blinky/f2" },
		{ "predicate": { "custom_model_data": 1303 }, "model": "ssbrc:stages/pac_maze/ghosts/blinky/f3" },
		{ "predicate": { "custom_model_data": 1304 }, "model": "ssbrc:stages/pac_maze/ghosts/blinky/f4" },
		{ "predicate": { "custom_model_data": 1305 }, "model": "ssbrc:stages/pac_maze/ghosts/blinky/f5" },
		{ "predicate": { "custom_model_data": 1306 }, "model": "ssbrc:stages/pac_maze/ghosts/blinky/f6" },
		{ "predicate": { "custom_model_data": 1307 }, "model": "ssbrc:stages/pac_maze/ghosts/blinky/f7" },
		{ "predicate": { "custom_model_data": 1308 }, "model": "ssbrc:stages/pac_maze/ghosts/blinky/f8" },
		{ "predicate": { "custom_model_data": 1309 }, "model": "ssbrc:stages/pac_maze/ghosts/clyde/f1" },
		{ "predicate": { "custom_model_data": 1310 }, "model": "ssbrc:stages/pac_maze/ghosts/clyde/f2" },
		{ "predicate": { "custom_model_data": 1311 }, "model": "ssbrc:stages/pac_maze/ghosts/clyde/f3" },
		{ "predicate": { "custom_model_data": 1312 }, "model": "ssbrc:stages/pac_maze/ghosts/clyde/f4" },
		{ "predicate": { "custom_model_data": 1313 }, "model": "ssbrc:stages/pac_maze/ghosts/clyde/f5" },
		{ "predicate": { "custom_model_data": 1314 }, "model": "ssbrc:stages/pac_maze/ghosts/clyde/f6" },
		{ "predicate": { "custom_model_data": 1315 }, "model": "ssbrc:stages/pac_maze/ghosts/clyde/f7" },
		{ "predicate": { "custom_model_data": 1316 }, "model": "ssbrc:stages/pac_maze/ghosts/clyde/f8" },
		{ "predicate": { "custom_model_data": 1317 }, "model": "ssbrc:stages/pac_maze/ghosts/inky/f1" },
		{ "predicate": { "custom_model_data": 1318 }, "model": "ssbrc:stages/pac_maze/ghosts/inky/f2" },
		{ "predicate": { "custom_model_data": 1319 }, "model": "ssbrc:stages/pac_maze/ghosts/inky/f3" },
		{ "predicate": { "custom_model_data": 1320 }, "model": "ssbrc:stages/pac_maze/ghosts/inky/f4" },
		{ "predicate": { "custom_model_data": 1321 }, "model": "ssbrc:stages/pac_maze/ghosts/inky/f5" },
		{ "predicate": { "custom_model_data": 1322 }, "model": "ssbrc:stages/pac_maze/ghosts/inky/f6" },
		{ "predicate": { "custom_model_data": 1323 }, "model": "ssbrc:stages/pac_maze/ghosts/inky/f7" },
		{ "predicate": { "custom_model_data": 1324 }, "model": "ssbrc:stages/pac_maze/ghosts/inky/f8" },
		{ "predicate": { "custom_model_data": 1325 }, "model": "ssbrc:stages/pac_maze/ghosts/pinky/f1" },
		{ "predicate": { "custom_model_data": 1326 }, "model": "ssbrc:stages/pac_maze/ghosts/pinky/f2" },
		{ "predicate": { "custom_model_data": 1327 }, "model": "ssbrc:stages/pac_maze/ghosts/pinky/f3" },
		{ "predicate": { "custom_model_data": 1328 }, "model": "ssbrc:stages/pac_maze/ghosts/pinky/f4" },
		{ "predicate": { "custom_model_data": 1329 }, "model": "ssbrc:stages/pac_maze/ghosts/pinky/f5" },
		{ "predicate": { "custom_model_data": 1330 }, "model": "ssbrc:stages/pac_maze/ghosts/pinky/f6" },
		{ "predicate": { "custom_model_data": 1331 }, "model": "ssbrc:stages/pac_maze/ghosts/pinky/f7" },
		{ "predicate": { "custom_model_data": 1332 }, "model": "ssbrc:stages/pac_maze/ghosts/pinky/f8" },
		{ "predicate": { "custom_model_data": 1333 }, "model": "ssbrc:stages/pac_maze/ghosts/blue/f1" },
		{ "predicate": { "custom_model_data": 1334 }, "model": "ssbrc:stages/pac_maze/ghosts/blue/f2" },
		{ "predicate": { "custom_model_data": 1335 }, "model": "ssbrc:stages/pac_maze/ghosts/blue/f3" },
		{ "predicate": { "custom_model_data": 1336 }, "model": "ssbrc:stages/pac_maze/ghosts/blue/f4" },
		{ "predicate": { "custom_model_data": 1337 }, "model": "ssbrc:stages/pac_maze/ghosts/blue/f5" },
		{ "predicate": { "custom_model_data": 1338 }, "model": "ssbrc:stages/pac_maze/ghosts/blue/f6" },
		{ "predicate": { "custom_model_data": 1339 }, "model": "ssbrc:stages/pac_maze/ghosts/blue/f7" },
		{ "predicate": { "custom_model_data": 1340 }, "model": "ssbrc:stages/pac_maze/ghosts/blue/f8" },
		{ "predicate": { "custom_model_data": 1341 }, "model": "ssbrc:stages/pac_maze/ghosts/eyes/f1" },
		{ "predicate": { "custom_model_data": 1342 }, "model": "ssbrc:stages/pac_maze/ghosts/eyes/f2" },
		{ "predicate": { "custom_model_data": 1343 }, "model": "ssbrc:stages/pac_maze/dot" },
		{ "predicate": { "custom_model_data": 1350 }, "model": "ssbrc:stage_icons/pallet_town" },
		{ "predicate": { "custom_model_data": 1351 }, "model": "ssbrc:stages/pallet_town/rope" },
		{ "predicate": { "custom_model_data": 1352 }, "model": "ssbrc:stages/pallet_town/mistys_bike" },
		{ "predicate": { "custom_model_data": 1400 }, "model": "ssbrc:stage_icons/planet_zebes" },
		{ "predicate": { "custom_model_data": 1450 }, "model": "ssbrc:stage_icons/sand_ocean" },
		{ "predicate": { "custom_model_data": 1500 }, "model": "ssbrc:stage_icons/saturn_valley" },
		{ "predicate": { "custom_model_data": 1550 }, "model": "ssbrc:stage_icons/sector_z" },
		{ "predicate": { "custom_model_data": 1600 }, "model": "ssbrc:stage_icons/shadow_moses_island" },
		{ "predicate": { "custom_model_data": 1601 }, "model": "ssbrc:stages/shadow_moses_island/camera/on" },
		{ "predicate": { "custom_model_data": 1602 }, "model": "ssbrc:stages/shadow_moses_island/camera/off" },
		{ "predicate": { "custom_model_data": 1650 }, "model": "ssbrc:stage_icons/spear_pillar" },
		{ "predicate": { "custom_model_data": 1700 }, "model": "ssbrc:stage_icons/suzaku_castle" },
		{ "predicate": { "custom_model_data": 1750 }, "model": "ssbrc:stage_icons/tower_of_fate" },
		{ "predicate": { "custom_model_data": 1751 }, "model": "ssbrc:stages/tower_of_fate/gear" },
		{ "predicate": { "custom_model_data": 1752 }, "model": "ssbrc:stages/tower_of_fate/knight_statue" },
		{ "predicate": { "custom_model_data": 1800 }, "model": "ssbrc:stage_icons/wily_castle" },
		{ "predicate": { "custom_model_data": 1801 }, "model": "ssbrc:stages/wily_castle/mural" },
		{ "predicate": { "custom_model_data": 1802 }, "model": "ssbrc:stages/wily_castle/dr_w" },
		{ "predicate": { "custom_model_data": 1850 }, "model": "ssbrc:stage_icons/planet_epp" },
		{ "predicate": { "custom_model_data": 1900 }, "model": "ssbrc:stage_icons/pyrosphere" },
		{ "predicate": { "custom_model_data": 1901 }, "model": "ssbrc:stages/pyrosphere/fgii_graham/body" },
		{ "predicate": { "custom_model_data": 1902 }, "model": "ssbrc:stages/pyrosphere/fgii_graham/propeller" },
		{ "predicate": { "custom_model_data": 1950 }, "model": "ssbrc:stage_icons/yggdrasils_altar" }
	]
}
