{
	"parent": "item/generated",
	"textures": {
		"layer0": "item/white_dye"
	},
	"overrides": [
		{ "predicate": { "custom_model_data": 150 }, "model": "ssbrc:fighters/peach/skins/default" },
		{ "predicate": { "custom_model_data": 152 }, "model": "ssbrc:stages/bowsers_castle/armor_stands/toad/default/head" },
		{ "predicate": { "custom_model_data": 154 }, "model": "ssbrc:stages/bowsers_castle/armor_stands/toad/blue/head" },
		{ "predicate": { "custom_model_data": 156 }, "model": "ssbrc:stages/bowsers_castle/armor_stands/toad/yellow/head" },
		{ "predicate": { "custom_model_data": 200 }, "model": "ssbrc:stages/castle_siege/armor_stands/king/head" },
		{ "predicate": { "custom_model_data": 500 }, "model": "ssbrc:stages/frozen_hijinx/armor_stands/funky_kong/head" },
		{ "predicate": { "custom_model_data": 750 }, "model": "ssbrc:fighters/shadow/skins/default" },
		{ "predicate": { "custom_model_data": 752 }, "model": "ssbrc:stages/green_hill_zone/armor_stands/amy/head" },
		{ "predicate": { "custom_model_data": 754 }, "model": "ssbrc:stages/green_hill_zone/armor_stands/charmy/head" },
		{ "predicate": { "custom_model_data": 756 }, "model": "ssbrc:stages/green_hill_zone/armor_stands/cream/head" },
		{ "predicate": { "custom_model_data": 758 }, "model": "ssbrc:stages/green_hill_zone/armor_stands/espio/head" },
		{ "predicate": { "custom_model_data": 760 }, "model": "ssbrc:stages/green_hill_zone/armor_stands/knuckles/head" },
		{ "predicate": { "custom_model_data": 762 }, "model": "ssbrc:stages/green_hill_zone/armor_stands/silver/head" },
		{ "predicate": { "custom_model_data": 764 }, "model": "ssbrc:stages/green_hill_zone/armor_stands/tails/head" },
		{ "predicate": { "custom_model_data": 766 }, "model": "ssbrc:stages/green_hill_zone/armor_stands/vector/head" },
		{ "predicate": { "custom_model_data": 1050 }, "model": "ssbrc:stages/magicant/armor_stands/jeff/head" },
		{ "predicate": { "custom_model_data": 1052 }, "model": "ssbrc:stages/magicant/armor_stands/paula/head" },
		{ "predicate": { "custom_model_data": 1054 }, "model": "ssbrc:stages/magicant/armor_stands/poo/head" },
		{ "predicate": { "custom_model_data": 1100 }, "model": "ssbrc:stages/mementos/armor_stands/jose/head" },
		{ "predicate": { "custom_model_data": 1102 }, "model": "ssbrc:stages/mementos/armor_stands/queen/head" },
		{ "predicate": { "custom_model_data": 1350 }, "model": "ssbrc:stages/pallet_town/armor_stands/brock/head" },
		{ "predicate": { "custom_model_data": 1352 }, "model": "ssbrc:stages/pallet_town/armor_stands/gary/head" },
		{ "predicate": { "custom_model_data": 1354 }, "model": "ssbrc:stages/pallet_town/armor_stands/misty/head" },
		{ "predicate": { "custom_model_data": 1356 }, "model": "ssbrc:stages/pallet_town/armor_stands/nurse_joy/head" },
		{ "predicate": { "custom_model_data": 1358 }, "model": "ssbrc:stages/pallet_town/armor_stands/officer_jenny/head" },
		{ "predicate": { "custom_model_data": 1360 }, "model": "ssbrc:stages/pallet_town/armor_stands/professor_oak/head" },
		{ "predicate": { "custom_model_data": 1550 }, "model": "ssbrc:stages/sector_z/armor_stands/krystal/head" },
		{ "predicate": { "custom_model_data": 1552 }, "model": "ssbrc:stages/sector_z/armor_stands/leon/head" },
		{ "predicate": { "custom_model_data": 1554 }, "model": "ssbrc:stages/sector_z/armor_stands/panther/head" },
		{ "predicate": { "custom_model_data": 1556 }, "model": "ssbrc:stages/sector_z/armor_stands/peppy/head" },
		{ "predicate": { "custom_model_data": 1558 }, "model": "ssbrc:stages/sector_z/armor_stands/pigma/head" },
		{ "predicate": { "custom_model_data": 1560 }, "model": "ssbrc:stages/sector_z/armor_stands/rob_64/head" },
		{ "predicate": { "custom_model_data": 1562 }, "model": "ssbrc:stages/sector_z/armor_stands/slippy/head" },
		{ "predicate": { "custom_model_data": 1800 }, "model": "ssbrc:stages/wily_castle/armor_stands/acid_man/head" },
		{ "predicate": { "custom_model_data": 1802 }, "model": "ssbrc:stages/wily_castle/armor_stands/guts_man/head" },
		{ "predicate": { "custom_model_data": 1804 }, "model": "ssbrc:stages/wily_castle/armor_stands/nitro_man/head" },
		{ "predicate": { "custom_model_data": 1806 }, "model": "ssbrc:stages/wily_castle/armor_stands/quick_man/head" }
	]
}
