{
	"texture_size": [64, 64],
	"textures": {
		"0": "ssbrc:fighters/pit/items/guardian_orbitars/default",
		"particle": "ssbrc:fighters/pit/items/guardian_orbitars/default"
	},
	"elements": [
		{
			"from": [4.474, 4.58747, 6.8476],
			"to": [11.526, 19.60823, 6.8476],
			"rotation": {"angle": 0, "axis": "y", "origin": [8, 8, 8]},
			"faces": {
				"north": {"uv": [0, 7.75, 1.75, 11.5], "texture": "#0"},
				"east": {"uv": [0, 7.75, 0, 11.5], "texture": "#0"},
				"south": {"uv": [1.75, 7.75, 0, 11.5], "texture": "#0"},
				"west": {"uv": [1.75, 7.75, 1.75, 11.5], "texture": "#0"},
				"up": {"uv": [1.75, 7.75, 0, 7.75], "texture": "#0"},
				"down": {"uv": [3.5, 7.75, 1.75, 7.75], "texture": "#0"}
			}
		},
		{
			"from": [0.948, -1.97533, 5.6294],
			"to": [15.052, 5.28823, 5.6294],
			"rotation": {"angle": -22.5, "axis": "x", "origin": [8, 8, 8]},
			"faces": {
				"north": {"uv": [0, 6, 3.5, 7.75], "texture": "#0"},
				"east": {"uv": [0, 6, 0, 7.75], "texture": "#0"},
				"south": {"uv": [3.5, 6, 0, 7.75], "texture": "#0"},
				"west": {"uv": [3.5, 6, 3.5, 7.75], "texture": "#0"},
				"up": {"uv": [3.5, 6, 0, 6], "texture": "#0"},
				"down": {"uv": [7, 6, 3.5, 6], "texture": "#0"}
			}
		},
		{
			"from": [0.24701, 1.76667, 5.58598],
			"to": [5.18341, 19.60823, 5.58598],
			"rotation": {"angle": 22.5, "axis": "y", "origin": [8, 8, 8]},
			"faces": {
				"north": {"uv": [10, 0, 11, 4.25], "texture": "#0"},
				"east": {"uv": [10, 0, 10, 4.25], "texture": "#0"},
				"south": {"uv": [11, 0, 10, 4.25], "texture": "#0"},
				"west": {"uv": [11, 0, 11, 4.25], "texture": "#0"},
				"up": {"uv": [11, 0, 10, 0], "texture": "#0"},
				"down": {"uv": [12, 0, 11, 0], "texture": "#0"}
			}
		},
		{
			"from": [10.81659, 1.76667, 5.58598],
			"to": [15.75299, 19.60823, 5.58598],
			"rotation": {"angle": -22.5, "axis": "y", "origin": [8, 8, 8]},
			"faces": {
				"north": {"uv": [9, 0, 8, 4.25], "texture": "#0"},
				"east": {"uv": [9, 0, 9, 4.25], "texture": "#0"},
				"south": {"uv": [8, 0, 9, 4.25], "texture": "#0"},
				"west": {"uv": [8, 0, 8, 4.25], "texture": "#0"},
				"up": {"uv": [8, 0, 9, 0], "texture": "#0"},
				"down": {"uv": [9, 0, 10, 0], "texture": "#0"}
			}
		},
		{
			"from": [-16, 8.59187, 9.1524],
			"to": [0.62456, 20.94387, 9.1524],
			"rotation": {"angle": 0, "axis": "y", "origin": [8, 8, 8]},
			"faces": {
				"north": {"uv": [0, 3, 4, 6], "texture": "#0"},
				"east": {"uv": [0, 3, 0, 6], "texture": "#0"},
				"south": {"uv": [4, 3, 0, 6], "texture": "#0"},
				"west": {"uv": [4, 3, 4, 6], "texture": "#0"},
				"up": {"uv": [4, 3, 0, 3], "texture": "#0"},
				"down": {"uv": [8, 3, 4, 3], "texture": "#0"}
			}
		},
		{
			"from": [15.37544, 8.59187, 9.1524],
			"to": [32, 20.94387, 9.1524],
			"rotation": {"angle": 0, "axis": "y", "origin": [8, 8, 8]},
			"faces": {
				"north": {"uv": [0, 0, 4, 3], "texture": "#0"},
				"east": {"uv": [0, 0, 0, 3], "texture": "#0"},
				"south": {"uv": [4, 0, 0, 3], "texture": "#0"},
				"west": {"uv": [4, 0, 4, 3], "texture": "#0"},
				"up": {"uv": [4, 0, 0, 0], "texture": "#0"},
				"down": {"uv": [8, 0, 4, 0], "texture": "#0"}
			}
		}
	],
	"display": {
		"thirdperson_righthand": {
			"translation": [0, -7, 4.75]
		},
		"thirdperson_lefthand": {
			"translation": [0, -7, 4.75]
		},
		"firstperson_righthand": {
			"rotation": [0, 2, 0],
			"translation": [5.5, -0.25, -0.25],
			"scale": [0.92, 0.97, 0.89]
		},
		"firstperson_lefthand": {
			"rotation": [0, 2, 0],
			"translation": [5.5, -0.25, -0.25],
			"scale": [0.92, 0.97, 0.89]
		},
		"ground": {
			"translation": [0, 0, 3],
			"scale": [0.6, 0.6, 0.6]
		},
		"gui": {
			"rotation": [-2, 153, 5],
			"translation": [1.25, -3.5, 0],
			"scale": [0.7, 0.73, 0.75]
		},
		"head": {
			"translation": [0, 0, 12],
			"scale": [2, 2, 2]
		},
		"fixed": {
			"translation": [0, -4.5, 4]
		}
	},
	"groups": [
		{
			"name": "bone",
			"origin": [5.62574, -3.05413, 6.1424],
			"color": 0,
			"children": [
				0,
				1,
				2,
				3,
				{
					"name": "group",
					"origin": [11.75544, -3.05413, 6.1424],
					"color": 0,
					"children": [4, 5]
				}
			]
		}
	]
}
