{
	"texture_size": [64, 64],
	"elements": [
		{
			"name": "Head",
			"from": [4, 15, 4],
			"to": [12, 23, 12],
			"rotation": {"angle": 0, "axis": "y", "origin": [8, 18.75, 8]},
			"faces": {
				"north": {"uv": [2, 2, 4, 4], "texture": "#base"},
				"east": {"uv": [0, 2, 2, 4], "texture": "#base"},
				"south": {"uv": [6, 2, 8, 4], "texture": "#base"},
				"west": {"uv": [4, 2, 6, 4], "texture": "#base"},
				"up": {"uv": [4, 2, 2, 0], "texture": "#base"},
				"down": {"uv": [6, 0, 4, 2], "texture": "#base"}
			}
		},
		{
			"name": "Hat Layer",
			"from": [3.5, 14.5, 3.5],
			"to": [12.5, 23.5, 12.5],
			"rotation": {"angle": 0, "axis": "y", "origin": [8, 18.75, 8]},
			"faces": {
				"north": {"uv": [10, 2, 12, 4], "texture": "#base"},
				"east": {"uv": [8, 2, 10, 4], "texture": "#base"},
				"south": {"uv": [14, 2, 16, 4], "texture": "#base"},
				"west": {"uv": [12, 2, 14, 4], "texture": "#base"},
				"up": {"uv": [12, 2, 10, 0], "texture": "#base"},
				"down": {"uv": [14, 0, 12, 2], "texture": "#base"}
			}
		},
		{
			"name": "Body",
			"from": [4, 3, 6],
			"to": [12, 15, 10],
			"rotation": {"angle": 0, "axis": "y", "origin": [8, 9, 8]},
			"faces": {
				"north": {"uv": [5, 5, 7, 8], "texture": "#base"},
				"east": {"uv": [4, 5, 5, 8], "texture": "#base"},
				"south": {"uv": [8, 5, 10, 8], "texture": "#base"},
				"west": {"uv": [7, 5, 8, 8], "texture": "#base"},
				"up": {"uv": [7, 5, 5, 4], "texture": "#base"},
				"down": {"uv": [9, 4, 7, 5], "texture": "#base"}
			}
		},
		{
			"name": "Body Layer",
			"from": [3.75, 2.75, 5.75],
			"to": [12.25, 15.25, 10.25],
			"rotation": {"angle": 0, "axis": "y", "origin": [8, 9, 8]},
			"faces": {
				"north": {"uv": [5, 9, 7, 12], "texture": "#base"},
				"east": {"uv": [4, 9, 5, 12], "texture": "#base"},
				"south": {"uv": [8, 9, 10, 12], "texture": "#base"},
				"west": {"uv": [7, 9, 8, 12], "texture": "#base"},
				"up": {"uv": [7, 9, 5, 8], "texture": "#base"},
				"down": {"uv": [9, 8, 7, 9], "texture": "#base"}
			}
		},
		{
			"name": "Right Arm",
			"from": [12, 3, 6],
			"to": [16, 15, 10],
			"rotation": {"angle": 0, "axis": "y", "origin": [14, 13, 8]},
			"faces": {
				"north": {"uv": [11, 5, 12, 8], "texture": "#base"},
				"east": {"uv": [10, 5, 11, 8], "texture": "#base"},
				"south": {"uv": [13, 5, 14, 8], "texture": "#base"},
				"west": {"uv": [12, 5, 13, 8], "texture": "#base"},
				"up": {"uv": [12, 5, 11, 4], "texture": "#base"},
				"down": {"uv": [13, 4, 12, 5], "texture": "#base"}
			}
		},
		{
			"name": "Right Arm Layer",
			"from": [11.75, 2.75, 5.75],
			"to": [16.25, 15.25, 10.25],
			"rotation": {"angle": 0, "axis": "y", "origin": [14, 13, 8]},
			"faces": {
				"north": {"uv": [11, 9, 12, 12], "texture": "#base"},
				"east": {"uv": [10, 9, 11, 12], "texture": "#base"},
				"south": {"uv": [13, 9, 14, 12], "texture": "#base"},
				"west": {"uv": [12, 9, 13, 12], "texture": "#base"},
				"up": {"uv": [12, 9, 11, 8], "texture": "#base"},
				"down": {"uv": [13, 8, 12, 9], "texture": "#base"}
			}
		},
		{
			"name": "Left Arm",
			"from": [0, 3, 6],
			"to": [4, 15, 10],
			"rotation": {"angle": 0, "axis": "y", "origin": [2, 13, 8]},
			"faces": {
				"north": {"uv": [9, 13, 10, 16], "texture": "#base"},
				"east": {"uv": [8, 13, 9, 16], "texture": "#base"},
				"south": {"uv": [11, 13, 12, 16], "texture": "#base"},
				"west": {"uv": [10, 13, 11, 16], "texture": "#base"},
				"up": {"uv": [10, 13, 9, 12], "texture": "#base"},
				"down": {"uv": [11, 12, 10, 13], "texture": "#base"}
			}
		},
		{
			"name": "Left Arm Layer",
			"from": [-0.25, 2.75, 5.75],
			"to": [4.25, 15.25, 10.25],
			"rotation": {"angle": 0, "axis": "y", "origin": [2, 13, 8]},
			"faces": {
				"north": {"uv": [13, 13, 14, 16], "texture": "#base"},
				"east": {"uv": [12, 13, 13, 16], "texture": "#base"},
				"south": {"uv": [15, 13, 16, 16], "texture": "#base"},
				"west": {"uv": [14, 13, 15, 16], "texture": "#base"},
				"up": {"uv": [14, 13, 13, 12], "texture": "#base"},
				"down": {"uv": [15, 12, 14, 13], "texture": "#base"}
			}
		},
		{
			"name": "Right Leg",
			"from": [7.9, -9, 6],
			"to": [11.9, 3, 10],
			"rotation": {"angle": 0, "axis": "y", "origin": [9.9, 1, 8]},
			"faces": {
				"north": {"uv": [1, 5, 2, 8], "texture": "#base"},
				"east": {"uv": [0, 5, 1, 8], "texture": "#base"},
				"south": {"uv": [3, 5, 4, 8], "texture": "#base"},
				"west": {"uv": [2, 5, 3, 8], "texture": "#base"},
				"up": {"uv": [2, 5, 1, 4], "texture": "#base"},
				"down": {"uv": [3, 4, 2, 5], "texture": "#base"}
			}
		},
		{
			"name": "Right Leg Layer",
			"from": [7.65, -9.25, 5.75],
			"to": [12.15, 3.25, 10.25],
			"rotation": {"angle": 0, "axis": "y", "origin": [9.9, 1, 8]},
			"faces": {
				"north": {"uv": [1, 9, 2, 12], "texture": "#base"},
				"east": {"uv": [0, 9, 1, 12], "texture": "#base"},
				"south": {"uv": [3, 9, 4, 12], "texture": "#base"},
				"west": {"uv": [2, 9, 3, 12], "texture": "#base"},
				"up": {"uv": [2, 9, 1, 8], "texture": "#base"},
				"down": {"uv": [3, 8, 2, 9], "texture": "#base"}
			}
		},
		{
			"name": "Left Leg",
			"from": [4.1, -9, 6],
			"to": [8.1, 3, 10],
			"rotation": {"angle": 0, "axis": "y", "origin": [6.1, 0, 8]},
			"faces": {
				"north": {"uv": [5, 13, 6, 16], "texture": "#base"},
				"east": {"uv": [4, 13, 5, 16], "texture": "#base"},
				"south": {"uv": [7, 13, 8, 16], "texture": "#base"},
				"west": {"uv": [6, 13, 7, 16], "texture": "#base"},
				"up": {"uv": [6, 13, 5, 12], "texture": "#base"},
				"down": {"uv": [7, 12, 6, 13], "texture": "#base"}
			}
		},
		{
			"name": "Left Leg Layer",
			"from": [3.85, -9.25, 5.75],
			"to": [8.35, 3.25, 10.25],
			"rotation": {"angle": 0, "axis": "y", "origin": [6.1, 0, 8]},
			"faces": {
				"north": {"uv": [1, 13, 2, 16], "texture": "#base"},
				"east": {"uv": [0, 13, 1, 16], "texture": "#base"},
				"south": {"uv": [3, 13, 4, 16], "texture": "#base"},
				"west": {"uv": [2, 13, 3, 16], "texture": "#base"},
				"up": {"uv": [2, 13, 1, 12], "texture": "#base"},
				"down": {"uv": [3, 12, 2, 13], "texture": "#base"}
			}
		},
		{
			"name": "back",
			"from": [-2, -7, 9],
			"to": [8, 13, 13],
			"rotation": {"angle": -22.5, "axis": "z", "origin": [9, 5, 12]},
			"faces": {
				"north": {"uv": [6, 1, 8.5, 11], "texture": "#elytra"},
				"east": {"uv": [5.5, 1, 6, 11], "texture": "#elytra"},
				"south": {"uv": [9, 1, 11.5, 11], "texture": "#elytra"},
				"west": {"uv": [8.5, 1, 9, 11], "texture": "#elytra"},
				"up": {"uv": [8.5, 1, 6, 0], "texture": "#elytra"},
				"down": {"uv": [11, 0, 8.5, 1], "texture": "#elytra"}
			}
		},
		{
			"name": "front",
			"from": [-2, -7, 13],
			"to": [8, 13, 13],
			"rotation": {"angle": -22.5, "axis": "z", "origin": [9, 5, 12]},
			"faces": {
				"north": {"uv": [11.5, 1, 9, 11], "texture": "#elytra"}
			}
		},
		{
			"name": "in",
			"from": [8, -7, 11],
			"to": [8, 13, 13],
			"rotation": {"angle": -22.5, "axis": "z", "origin": [9, 5, 12]},
			"faces": {
				"west": {"uv": [5.75, 1, 5.5, 11], "texture": "#elytra"}
			}
		},
		{
			"name": "out",
			"from": [-2, 4, 9],
			"to": [-2, 13, 13],
			"rotation": {"angle": -22.5, "axis": "z", "origin": [9, 5, 12]},
			"faces": {
				"east": {"uv": [9, 1, 8.5, 5.5], "texture": "#elytra"}
			}
		},
		{
			"name": "bottom",
			"from": [-2, -7, 11],
			"to": [8, -7, 13],
			"rotation": {"angle": -22.5, "axis": "z", "origin": [9, 5, 12]},
			"faces": {
				"up": {"uv": [12.75, 10.5, 9.75, 11], "texture": "#elytra"}
			}
		},
		{
			"name": "back",
			"from": [8, -7, 9],
			"to": [18, 13, 13],
			"rotation": {"angle": 22.5, "axis": "z", "origin": [7, 5, 12]},
			"faces": {
				"north": {"uv": [8.5, 1, 6, 11], "texture": "#elytra"},
				"east": {"uv": [9, 1, 8.5, 11], "texture": "#elytra"},
				"south": {"uv": [11.5, 1, 9, 11], "texture": "#elytra"},
				"west": {"uv": [6, 1, 5.5, 11], "texture": "#elytra"},
				"up": {"uv": [6, 1, 8.5, 0], "texture": "#elytra"},
				"down": {"uv": [8.5, 0, 11, 1], "texture": "#elytra"}
			}
		},
		{
			"name": "front",
			"from": [8, -7, 13],
			"to": [18, 13, 13],
			"rotation": {"angle": 22.5, "axis": "z", "origin": [7, 5, 12]},
			"faces": {
				"north": {"uv": [9, 1, 11.5, 11], "texture": "#elytra"}
			}
		},
		{
			"name": "in",
			"from": [8, -7, 11],
			"to": [8, 13, 13],
			"rotation": {"angle": 22.5, "axis": "z", "origin": [7, 5, 12]},
			"faces": {
				"east": {"uv": [5.5, 1, 5.75, 11], "texture": "#elytra"}
			}
		},
		{
			"name": "out",
			"from": [18, 4, 9],
			"to": [18, 13, 13],
			"rotation": {"angle": 22.5, "axis": "z", "origin": [7, 5, 12]},
			"faces": {
				"west": {"uv": [8.5, 1, 9, 5.5], "texture": "#elytra"}
			}
		},
		{
			"name": "bottom",
			"from": [8, -7, 11],
			"to": [18, -7, 13],
			"rotation": {"angle": 22.5, "axis": "z", "origin": [7, 5, 12]},
			"faces": {
				"up": {"uv": [9.75, 10.5, 12.75, 11], "texture": "#elytra"}
			}
		}
	],
	"groups": [
		{
			"name": "Head",
			"origin": [0, 24, 0],
			"rotation": [6, -5, 0],
			"color": 0,
			"children": [0, 1]
		},
		{
			"name": "Body",
			"origin": [0, 24, 0],
			"color": 0,
			"children": [2, 3]
		},
		{
			"name": "RightArm",
			"origin": [5, 22, 0],
			"rotation": [10, 0, 0],
			"color": 0,
			"children": [4, 5]
		},
		{
			"name": "LeftArm",
			"origin": [-5, 22, 0],
			"rotation": [-12, 0, 0],
			"color": 0,
			"children": [6, 7]
		},
		{
			"name": "RightLeg",
			"origin": [1.9, 12, 0],
			"rotation": [-11, 0, 2],
			"color": 0,
			"children": [8, 9]
		},
		{
			"name": "LeftLeg",
			"origin": [-1.9, 12, 0],
			"rotation": [10, 0, -2],
			"color": 0,
			"children": [10, 11]
		},
		{
			"name": "left_wing",
			"origin": [8, 8, 8],
			"color": 0,
			"children": [12, 13, 14, 15, 16]
		},
		{
			"name": "right_wing",
			"origin": [8, 8, 8],
			"color": 0,
			"children": [17, 18, 19, 20, 21]
		}
	]
}
