{
	"texture_size": [48, 48],
	"textures": {
		"0": "ssbrc:fighters/king_dedede/items/hammer"
	},
	"elements": [
		{
			"from": [7, -8, 7],
			"to": [9, 12, 9],
			"faces": {
				"north": {"uv": [7, 0, 7.66667, 6.66667], "texture": "#0"},
				"east": {"uv": [7, 0, 7.66667, 6.66667], "texture": "#0"},
				"south": {"uv": [7, 0, 7.66667, 6.66667], "texture": "#0"},
				"west": {"uv": [7, 0, 7.66667, 6.66667], "texture": "#0"},
				"up": {"uv": [7, 0, 7.66667, 0.66667], "texture": "#0"},
				"down": {"uv": [7, 0, 7.66667, 0.66667], "texture": "#0"}
			}
		},
		{
			"from": [7, 30, 7],
			"to": [9, 32, 9],
			"faces": {
				"north": {"uv": [7, 0, 7.66667, 0.66667], "texture": "#0"},
				"east": {"uv": [7, 0, 7.66667, 0.66667], "texture": "#0"},
				"south": {"uv": [7, 0, 7.66667, 0.66667], "texture": "#0"},
				"west": {"uv": [7, 0, 7.66667, 0.66667], "texture": "#0"},
				"up": {"uv": [7, 0, 7.66667, 0.66667], "texture": "#0"},
				"down": {"uv": [7, 0, 7.66667, 0.66667], "texture": "#0"}
			}
		},
		{
			"name": "hexadecagon",
			"from": [-2.5, 19.2993, -0.55],
			"to": [-1, 22.7007, 0.4],
			"rotation": {"angle": -45, "axis": "x", "origin": [-3.05, 21, 8]},
			"faces": {
				"north": {"uv": [8.33333, 10, 8.66667, 11.1338], "texture": "#0"},
				"east": {"uv": [8.33333, 10, 8.65, 11.1338], "texture": "#0"},
				"south": {"uv": [8.33333, 10, 8.66667, 11.1338], "texture": "#0"},
				"west": {"uv": [8.33333, 10, 8.65, 11.1338], "texture": "#0"},
				"up": {"uv": [8.33333, 10, 8.66667, 10.31667], "texture": "#0"},
				"down": {"uv": [8.33333, 10, 8.66667, 10.31667], "texture": "#0"}
			}
		},
		{
			"name": "hexadecagon",
			"from": [-2.49, 19.2993, -0.55],
			"to": [-1.01, 22.7007, 0.4],
			"rotation": {"angle": -22.5, "axis": "x", "origin": [-3.05, 21, 8]},
			"faces": {
				"north": {"uv": [8.33333, 8.33333, 8.66667, 9.46713], "texture": "#0"},
				"east": {"uv": [8.33333, 8.33333, 8.65, 9.46713], "texture": "#0"},
				"south": {"uv": [8.33333, 8.33333, 8.66667, 9.46713], "texture": "#0"},
				"west": {"uv": [8.33333, 8.33333, 8.65, 9.46713], "texture": "#0"},
				"up": {"uv": [8.33333, 8.33333, 8.66667, 8.65], "texture": "#0"},
				"down": {"uv": [8.33333, 8.33333, 8.66667, 8.65], "texture": "#0"}
			}
		},
		{
			"name": "hexadecagon",
			"from": [-2.5, 19.2993, -0.55],
			"to": [-1, 22.7007, 0.4],
			"rotation": {"angle": 0, "axis": "x", "origin": [-3.05, 21, 8]},
			"faces": {
				"north": {"uv": [8.33333, 6.66667, 8.66667, 7.80047], "texture": "#0"},
				"east": {"uv": [8.33333, 6.66667, 8.65, 7.80047], "texture": "#0"},
				"south": {"uv": [8.33333, 6.66667, 8.66667, 7.80047], "texture": "#0"},
				"west": {"uv": [8.33333, 6.66667, 8.65, 7.80047], "texture": "#0"},
				"up": {"uv": [8.33333, 6.66667, 8.66667, 6.98333], "texture": "#0"},
				"down": {"uv": [8.33333, 6.66667, 8.66667, 6.98333], "texture": "#0"}
			}
		},
		{
			"name": "hexadecagon",
			"from": [-2.49, 19.2993, -0.55],
			"to": [-1.01, 22.7007, 0.4],
			"rotation": {"angle": 22.5, "axis": "x", "origin": [-3.05, 21, 8]},
			"faces": {
				"north": {"uv": [8.33333, 5, 8.66667, 6.1338], "texture": "#0"},
				"east": {"uv": [8.33333, 5, 8.65, 6.1338], "texture": "#0"},
				"south": {"uv": [8.33333, 5, 8.66667, 6.1338], "texture": "#0"},
				"west": {"uv": [8.33333, 5, 8.65, 6.1338], "texture": "#0"},
				"up": {"uv": [8.33333, 5, 8.66667, 5.31667], "texture": "#0"},
				"down": {"uv": [8.33333, 5, 8.66667, 5.31667], "texture": "#0"}
			}
		},
		{
			"name": "hexadecagon",
			"from": [-2.5, 19.2993, -0.55],
			"to": [-1, 22.7007, 0.4],
			"rotation": {"angle": 45, "axis": "x", "origin": [-3.05, 21, 8]},
			"faces": {
				"north": {"uv": [8.33333, 3.33333, 8.66667, 4.46713], "texture": "#0"},
				"east": {"uv": [8.33333, 3.33333, 8.65, 4.46713], "texture": "#0"},
				"south": {"uv": [8.33333, 3.33333, 8.66667, 4.46713], "texture": "#0"},
				"west": {"uv": [8.33333, 3.33333, 8.65, 4.46713], "texture": "#0"},
				"up": {"uv": [8.33333, 3.33333, 8.66667, 3.65], "texture": "#0"},
				"down": {"uv": [8.33333, 3.33333, 8.66667, 3.65], "texture": "#0"}
			}
		},
		{
			"name": "hexadecagon",
			"from": [-2.5, 19.2993, 15.6],
			"to": [-1, 22.7007, 16.55],
			"rotation": {"angle": -45, "axis": "x", "origin": [-3.05, 21, 8]},
			"faces": {
				"north": {"uv": [8.33333, 3.33333, 8.66667, 4.46713], "texture": "#0"},
				"east": {"uv": [8.33333, 3.33333, 8.65, 4.46713], "texture": "#0"},
				"south": {"uv": [8.33333, 3.33333, 8.66667, 4.46713], "texture": "#0"},
				"west": {"uv": [8.33333, 3.33333, 8.65, 4.46713], "texture": "#0"},
				"up": {"uv": [8.33333, 3.33333, 8.66667, 3.65], "texture": "#0"},
				"down": {"uv": [8.33333, 3.33333, 8.66667, 3.65], "texture": "#0"}
			}
		},
		{
			"name": "hexadecagon",
			"from": [-2.49, 19.2993, 15.6],
			"to": [-1.01, 22.7007, 16.55],
			"rotation": {"angle": -22.5, "axis": "x", "origin": [-3.05, 21, 8]},
			"faces": {
				"north": {"uv": [8.33333, 5, 8.66667, 6.1338], "texture": "#0"},
				"east": {"uv": [8.33333, 5, 8.65, 6.1338], "texture": "#0"},
				"south": {"uv": [8.33333, 5, 8.66667, 6.1338], "texture": "#0"},
				"west": {"uv": [8.33333, 5, 8.65, 6.1338], "texture": "#0"},
				"up": {"uv": [8.33333, 5, 8.66667, 5.31667], "texture": "#0"},
				"down": {"uv": [8.33333, 5, 8.66667, 5.31667], "texture": "#0"}
			}
		},
		{
			"name": "hexadecagon",
			"from": [-2.5, 19.2993, 15.6],
			"to": [-1, 22.7007, 16.55],
			"rotation": {"angle": 0, "axis": "x", "origin": [-3.05, 21, 8]},
			"faces": {
				"north": {"uv": [8.33333, 6.66667, 8.66667, 7.80047], "texture": "#0"},
				"east": {"uv": [8.33333, 6.66667, 8.65, 7.80047], "texture": "#0"},
				"south": {"uv": [8.33333, 6.66667, 8.66667, 7.80047], "texture": "#0"},
				"west": {"uv": [8.33333, 6.66667, 8.65, 7.80047], "texture": "#0"},
				"up": {"uv": [8.33333, 6.66667, 8.66667, 6.98333], "texture": "#0"},
				"down": {"uv": [8.33333, 6.66667, 8.66667, 6.98333], "texture": "#0"}
			}
		},
		{
			"name": "hexadecagon",
			"from": [-2.49, 19.2993, 15.6],
			"to": [-1.01, 22.7007, 16.55],
			"rotation": {"angle": 22.5, "axis": "x", "origin": [-3.05, 21, 8]},
			"faces": {
				"north": {"uv": [8.33333, 8.33333, 8.66667, 9.46713], "texture": "#0"},
				"east": {"uv": [8.33333, 8.33333, 8.65, 9.46713], "texture": "#0"},
				"south": {"uv": [8.33333, 8.33333, 8.66667, 9.46713], "texture": "#0"},
				"west": {"uv": [8.33333, 8.33333, 8.65, 9.46713], "texture": "#0"},
				"up": {"uv": [8.33333, 8.33333, 8.66667, 8.65], "texture": "#0"},
				"down": {"uv": [8.33333, 8.33333, 8.66667, 8.65], "texture": "#0"}
			}
		},
		{
			"name": "hexadecagon",
			"from": [-2.5, 19.2993, 15.6],
			"to": [-1, 22.7007, 16.55],
			"rotation": {"angle": 45, "axis": "x", "origin": [-3.05, 21, 8]},
			"faces": {
				"north": {"uv": [8.33333, 10, 8.66667, 11.1338], "texture": "#0"},
				"east": {"uv": [8.33333, 10, 8.65, 11.1338], "texture": "#0"},
				"south": {"uv": [8.33333, 10, 8.66667, 11.1338], "texture": "#0"},
				"west": {"uv": [8.33333, 10, 8.65, 11.1338], "texture": "#0"},
				"up": {"uv": [8.33333, 10, 8.66667, 10.31667], "texture": "#0"},
				"down": {"uv": [8.33333, 10, 8.66667, 10.31667], "texture": "#0"}
			}
		},
		{
			"name": "hexadecagon",
			"from": [-2.49, 12.45, 6.2993],
			"to": [-1.01, 13.4, 9.7007],
			"rotation": {"angle": -22.5, "axis": "x", "origin": [-3.05, 21, 8]},
			"faces": {
				"north": {"uv": [8.33333, 11.66667, 8.66667, 11.98333], "texture": "#0"},
				"east": {"uv": [8.33333, 11.66667, 9.46713, 11.98333], "texture": "#0"},
				"south": {"uv": [8.33333, 0, 8.66667, 0.31667], "texture": "#0"},
				"west": {"uv": [8.33333, 11.66667, 9.46713, 11.98333], "texture": "#0"},
				"up": {"uv": [8.33333, 11.66667, 8.66667, 12.80047], "texture": "#0"},
				"down": {"uv": [8.33333, 11.66667, 8.66667, 12.80047], "texture": "#0"}
			}
		},
		{
			"name": "hexadecagon",
			"from": [-2.5, 12.45, 6.2993],
			"to": [-1, 13.4, 9.7007],
			"rotation": {"angle": 0, "axis": "x", "origin": [-3.05, 21, 8]},
			"faces": {
				"north": {"uv": [8.33333, 13.33333, 8.66667, 13.65], "texture": "#0"},
				"east": {"uv": [8.33333, 13.33333, 9.46713, 13.65], "texture": "#0"},
				"south": {"uv": [8.33333, 13.33333, 8.66667, 13.65], "texture": "#0"},
				"west": {"uv": [8.33333, 13.33333, 9.46713, 13.65], "texture": "#0"},
				"up": {"uv": [8.33333, 13.33333, 8.66667, 14.46713], "texture": "#0"},
				"down": {"uv": [8.33333, 13.33333, 8.66667, 14.46713], "texture": "#0"}
			}
		},
		{
			"name": "hexadecagon",
			"from": [-2.49, 12.45, 6.2993],
			"to": [-1.01, 13.4, 9.7007],
			"rotation": {"angle": 22.5, "axis": "x", "origin": [-3.05, 21, 8]},
			"faces": {
				"north": {"uv": [8.33333, 11.66667, 8.66667, 11.98333], "texture": "#0"},
				"east": {"uv": [8.33333, 11.66667, 9.46713, 11.98333], "texture": "#0"},
				"south": {"uv": [8.33333, 0, 8.66667, 0.31667], "texture": "#0"},
				"west": {"uv": [8.33333, 11.66667, 9.46713, 11.98333], "texture": "#0"},
				"up": {"uv": [8.33333, 11.66667, 8.66667, 12.80047], "texture": "#0"},
				"down": {"uv": [8.33333, 11.66667, 8.66667, 12.80047], "texture": "#0"}
			}
		},
		{
			"name": "hexadecagon",
			"from": [-2.49, 28.6, 6.2993],
			"to": [-1.01, 29.55, 9.7007],
			"rotation": {"angle": -22.5, "axis": "x", "origin": [-3.05, 21, 8]},
			"faces": {
				"north": {"uv": [8.33333, 1.66667, 8.66667, 1.98333], "texture": "#0"},
				"east": {"uv": [8.33333, 1.66667, 9.46713, 1.98333], "texture": "#0"},
				"south": {"uv": [8.33333, 1.66667, 8.66667, 1.98333], "texture": "#0"},
				"west": {"uv": [8.33333, 1.66667, 9.46713, 1.98333], "texture": "#0"},
				"up": {"uv": [8.33333, 1.66667, 8.66667, 2.80047], "texture": "#0"},
				"down": {"uv": [8.33333, 1.66667, 8.66667, 2.80047], "texture": "#0"}
			}
		},
		{
			"name": "hexadecagon",
			"from": [-2.5, 28.6, 6.2993],
			"to": [-1, 29.55, 9.7007],
			"rotation": {"angle": 0, "axis": "x", "origin": [-3.05, 21, 8]},
			"faces": {
				"north": {"uv": [8.33333, 0, 8.83333, 0.31667], "texture": "#0"},
				"east": {"uv": [8.33333, 0, 9.46713, 0.31667], "texture": "#0"},
				"south": {"uv": [8.33333, 0, 8.83333, 0.31667], "texture": "#0"},
				"west": {"uv": [8.33333, 0, 9.46713, 0.31667], "texture": "#0"},
				"up": {"uv": [8.33333, 0, 8.83333, 1.1338], "texture": "#0"},
				"down": {"uv": [8.33333, 0, 8.83333, 1.1338], "texture": "#0"}
			}
		},
		{
			"name": "hexadecagon",
			"from": [-2.49, 28.6, 6.2993],
			"to": [-1.01, 29.55, 9.7007],
			"rotation": {"angle": 22.5, "axis": "x", "origin": [-3.05, 21, 8]},
			"faces": {
				"north": {"uv": [8.33333, 1.66667, 8.66667, 1.98333], "texture": "#0"},
				"east": {"uv": [8.33333, 1.66667, 9.46713, 1.98333], "texture": "#0"},
				"south": {"uv": [8.33333, 1.66667, 8.66667, 1.98333], "texture": "#0"},
				"west": {"uv": [8.33333, 1.66667, 9.46713, 1.98333], "texture": "#0"},
				"up": {"uv": [8.33333, 1.66667, 8.66667, 2.80047], "texture": "#0"},
				"down": {"uv": [8.33333, 1.66667, 8.66667, 2.80047], "texture": "#0"}
			}
		},
		{
			"name": "hexadecagon",
			"from": [-1.5, 19.38881, -0.1],
			"to": [2, 22.61119, 0.8],
			"rotation": {"angle": -45, "axis": "x", "origin": [0.3, 21, 8]},
			"faces": {
				"north": {"uv": [5.5, 1.66667, 6.66667, 2.74079], "texture": "#0"},
				"east": {"uv": [5.5, 1.66667, 5.8, 2.74079], "texture": "#0"},
				"south": {"uv": [5.5, 1.66667, 6.66667, 2.74079], "texture": "#0"},
				"west": {"uv": [5.5, 1.66667, 5.8, 2.74079], "texture": "#0"},
				"up": {"uv": [5.5, 1.66667, 6.66667, 1.96667], "texture": "#0"},
				"down": {"uv": [5.5, 1.66667, 6.66667, 1.96667], "texture": "#0"}
			}
		},
		{
			"name": "hexadecagon",
			"from": [-1.5, 19.38881, -0.1],
			"to": [2, 22.61119, 0.8],
			"rotation": {"angle": -22.5, "axis": "x", "origin": [0.3, 21, 8]},
			"faces": {
				"north": {"uv": [5.5, 4.66667, 6.66667, 5.74079], "texture": "#0"},
				"east": {"uv": [5.5, 4.66667, 5.8, 5.74079], "texture": "#0"},
				"south": {"uv": [5.5, 4.66667, 6.66667, 5.74079], "texture": "#0"},
				"west": {"uv": [5.5, 4.66667, 5.8, 5.74079], "texture": "#0"},
				"up": {"uv": [5.5, 4.66667, 6.66667, 4.96667], "texture": "#0"},
				"down": {"uv": [5.5, 4.66667, 6.66667, 4.96667], "texture": "#0"}
			}
		},
		{
			"name": "hexadecagon",
			"from": [-1.5, 19.38881, -0.1],
			"to": [2, 22.61119, 0.8],
			"rotation": {"angle": 0, "axis": "x", "origin": [0.3, 21, 8]},
			"faces": {
				"north": {"uv": [5.5, 3.66667, 6.66667, 4.74079], "texture": "#0"},
				"east": {"uv": [5.5, 3.66667, 5.8, 4.74079], "texture": "#0"},
				"south": {"uv": [5.5, 3.66667, 6.66667, 4.74079], "texture": "#0"},
				"west": {"uv": [5.5, 3.66667, 5.8, 4.74079], "texture": "#0"},
				"up": {"uv": [5.5, 3.66667, 6.66667, 3.96667], "texture": "#0"},
				"down": {"uv": [5.5, 3.66667, 6.66667, 3.96667], "texture": "#0"}
			}
		},
		{
			"name": "hexadecagon",
			"from": [-1.5, 19.38881, -0.1],
			"to": [2, 22.61119, 0.8],
			"rotation": {"angle": 22.5, "axis": "x", "origin": [0.3, 21, 8]},
			"faces": {
				"north": {"uv": [5.5, 2.33333, 6.66667, 3.40746], "texture": "#0"},
				"east": {"uv": [5.5, 2.33333, 5.8, 3.40746], "texture": "#0"},
				"south": {"uv": [5.5, 2.33333, 6.66667, 3.40746], "texture": "#0"},
				"west": {"uv": [5.5, 2.33333, 5.8, 3.40746], "texture": "#0"},
				"up": {"uv": [5.5, 2.33333, 6.66667, 2.63333], "texture": "#0"},
				"down": {"uv": [5.5, 2.33333, 6.66667, 2.63333], "texture": "#0"}
			}
		},
		{
			"name": "hexadecagon",
			"from": [-1.5, 19.38881, -0.1],
			"to": [2, 22.61119, 0.8],
			"rotation": {"angle": 45, "axis": "x", "origin": [0.3, 21, 8]},
			"faces": {
				"north": {"uv": [5.5, 2, 6.66667, 3.07413], "texture": "#0"},
				"east": {"uv": [5.5, 2, 5.8, 3.07413], "texture": "#0"},
				"south": {"uv": [5.5, 2, 6.66667, 3.07413], "texture": "#0"},
				"west": {"uv": [5.5, 2, 5.8, 3.07413], "texture": "#0"},
				"up": {"uv": [5.5, 2, 6.66667, 2.3], "texture": "#0"},
				"down": {"uv": [5.5, 2, 6.66667, 2.3], "texture": "#0"}
			}
		},
		{
			"name": "hexadecagon",
			"from": [-1.5, 19.38881, 15.2],
			"to": [2, 22.61119, 16.1],
			"rotation": {"angle": -45, "axis": "x", "origin": [0.3, 21, 8]},
			"faces": {
				"north": {"uv": [5.5, 2, 6.66667, 3.07413], "texture": "#0"},
				"east": {"uv": [5.5, 2, 5.8, 3.07413], "texture": "#0"},
				"south": {"uv": [5.5, 2, 6.66667, 3.07413], "texture": "#0"},
				"west": {"uv": [5.5, 2, 5.8, 3.07413], "texture": "#0"},
				"up": {"uv": [5.5, 2, 6.66667, 2.3], "texture": "#0"},
				"down": {"uv": [5.5, 2, 6.66667, 2.3], "texture": "#0"}
			}
		},
		{
			"name": "hexadecagon",
			"from": [-1.5, 19.38881, 15.2],
			"to": [2, 22.61119, 16.1],
			"rotation": {"angle": -22.5, "axis": "x", "origin": [0.3, 21, 8]},
			"faces": {
				"north": {"uv": [5.5, 2.33333, 6.66667, 3.40746], "texture": "#0"},
				"east": {"uv": [5.5, 2.33333, 5.8, 3.40746], "texture": "#0"},
				"south": {"uv": [5.5, 2.33333, 6.66667, 3.40746], "texture": "#0"},
				"west": {"uv": [5.5, 2.33333, 5.8, 3.40746], "texture": "#0"},
				"up": {"uv": [5.5, 2.33333, 6.66667, 2.63333], "texture": "#0"},
				"down": {"uv": [5.5, 2.33333, 6.66667, 2.63333], "texture": "#0"}
			}
		},
		{
			"name": "hexadecagon",
			"from": [-1.5, 19.38881, 15.2],
			"to": [2, 22.61119, 16.1],
			"rotation": {"angle": 0, "axis": "x", "origin": [0.3, 21, 8]},
			"faces": {
				"north": {"uv": [5.5, 3.66667, 6.66667, 4.74079], "texture": "#0"},
				"east": {"uv": [5.5, 3.66667, 5.8, 4.74079], "texture": "#0"},
				"south": {"uv": [5.5, 3.66667, 6.66667, 4.74079], "texture": "#0"},
				"west": {"uv": [5.5, 3.66667, 5.8, 4.74079], "texture": "#0"},
				"up": {"uv": [5.5, 3.66667, 6.66667, 3.96667], "texture": "#0"},
				"down": {"uv": [5.5, 3.66667, 6.66667, 3.96667], "texture": "#0"}
			}
		},
		{
			"name": "hexadecagon",
			"from": [-1.5, 19.38881, 15.2],
			"to": [2, 22.61119, 16.1],
			"rotation": {"angle": 22.5, "axis": "x", "origin": [0.3, 21, 8]},
			"faces": {
				"north": {"uv": [5.5, 4.66667, 6.66667, 5.74079], "texture": "#0"},
				"east": {"uv": [5.5, 4.66667, 5.8, 5.74079], "texture": "#0"},
				"south": {"uv": [5.5, 4.66667, 6.66667, 5.74079], "texture": "#0"},
				"west": {"uv": [5.5, 4.66667, 5.8, 5.74079], "texture": "#0"},
				"up": {"uv": [5.5, 4.66667, 6.66667, 4.96667], "texture": "#0"},
				"down": {"uv": [5.5, 4.66667, 6.66667, 4.96667], "texture": "#0"}
			}
		},
		{
			"name": "hexadecagon",
			"from": [-1.5, 19.38881, 15.2],
			"to": [2, 22.61119, 16.1],
			"rotation": {"angle": 45, "axis": "x", "origin": [0.3, 21, 8]},
			"faces": {
				"north": {"uv": [5.5, 1.66667, 6.66667, 2.74079], "texture": "#0"},
				"east": {"uv": [5.5, 1.66667, 5.8, 2.74079], "texture": "#0"},
				"south": {"uv": [5.5, 1.66667, 6.66667, 2.74079], "texture": "#0"},
				"west": {"uv": [5.5, 1.66667, 5.8, 2.74079], "texture": "#0"},
				"up": {"uv": [5.5, 1.66667, 6.66667, 1.96667], "texture": "#0"},
				"down": {"uv": [5.5, 1.66667, 6.66667, 1.96667], "texture": "#0"}
			}
		},
		{
			"name": "hexadecagon",
			"from": [-1.5, 12.9, 6.38881],
			"to": [2, 13.8, 9.61119],
			"rotation": {"angle": -22.5, "axis": "x", "origin": [0.3, 21, 8]},
			"faces": {
				"north": {"uv": [5.5, 0, 6.66667, 0.3], "texture": "#0"},
				"east": {"uv": [5.5, 0, 6.57413, 0.3], "texture": "#0"},
				"south": {"uv": [5.5, 0, 6.66667, 0.3], "texture": "#0"},
				"west": {"uv": [5.5, 0, 6.57413, 0.3], "texture": "#0"},
				"up": {"uv": [5.5, 0, 6.66667, 1.07413], "texture": "#0"},
				"down": {"uv": [5.5, 0, 6.66667, 1.07413], "texture": "#0"}
			}
		},
		{
			"name": "hexadecagon",
			"from": [-1.5, 12.9, 6.38881],
			"to": [2, 13.8, 9.61119],
			"rotation": {"angle": 0, "axis": "x", "origin": [0.3, 21, 8]},
			"faces": {
				"north": {"uv": [5.5, 4.33333, 6.66667, 4.63333], "texture": "#0"},
				"east": {"uv": [5.5, 4.33333, 6.57413, 4.63333], "texture": "#0"},
				"south": {"uv": [5.5, 4.33333, 6.66667, 4.63333], "texture": "#0"},
				"west": {"uv": [5.5, 4.33333, 6.57413, 4.63333], "texture": "#0"},
				"up": {"uv": [5.5, 4.33333, 6.66667, 5.40746], "texture": "#0"},
				"down": {"uv": [5.5, 4.33333, 6.66667, 5.40746], "texture": "#0"}
			}
		},
		{
			"name": "hexadecagon",
			"from": [-1.5, 12.9, 6.38881],
			"to": [2, 13.8, 9.61119],
			"rotation": {"angle": 22.5, "axis": "x", "origin": [0.3, 21, 8]},
			"faces": {
				"north": {"uv": [5.5, 2, 6.66667, 2.3], "texture": "#0"},
				"east": {"uv": [5.5, 2, 6.57413, 2.3], "texture": "#0"},
				"south": {"uv": [5.5, 2, 6.66667, 2.3], "texture": "#0"},
				"west": {"uv": [5.5, 2, 6.57413, 2.3], "texture": "#0"},
				"up": {"uv": [5.5, 2, 6.66667, 3.07413], "texture": "#0"},
				"down": {"uv": [5.5, 2, 6.66667, 3.07413], "texture": "#0"}
			}
		},
		{
			"name": "hexadecagon",
			"from": [-1.5, 28.2, 6.38881],
			"to": [2, 29.1, 9.61119],
			"rotation": {"angle": -22.5, "axis": "x", "origin": [0.3, 21, 8]},
			"faces": {
				"north": {"uv": [5.5, 1.33333, 6.66667, 1.63333], "texture": "#0"},
				"east": {"uv": [5.5, 1.33333, 6.57413, 1.63333], "texture": "#0"},
				"south": {"uv": [5.5, 1.33333, 6.66667, 1.63333], "texture": "#0"},
				"west": {"uv": [5.5, 1.33333, 6.57413, 1.63333], "texture": "#0"},
				"up": {"uv": [5.5, 1.33333, 6.66667, 2.40746], "texture": "#0"},
				"down": {"uv": [5.5, 1.33333, 6.66667, 2.40746], "texture": "#0"}
			}
		},
		{
			"name": "hexadecagon",
			"from": [-1.5, 28.2, 6.38881],
			"to": [2, 29.1, 9.61119],
			"rotation": {"angle": 0, "axis": "x", "origin": [0.3, 21, 8]},
			"faces": {
				"north": {"uv": [5.5, 0, 6.66667, 0.3], "texture": "#0"},
				"east": {"uv": [5.5, 0, 6.57413, 0.3], "texture": "#0"},
				"south": {"uv": [5.5, 0, 6.66667, 0.3], "texture": "#0"},
				"west": {"uv": [5.5, 0, 6.57413, 0.3], "texture": "#0"},
				"up": {"uv": [5.5, 0, 6.66667, 1.07413], "texture": "#0"},
				"down": {"uv": [5.5, 0, 6.66667, 1.07413], "texture": "#0"}
			}
		},
		{
			"name": "hexadecagon",
			"from": [-1.5, 28.2, 6.38881],
			"to": [2, 29.1, 9.61119],
			"rotation": {"angle": 22.5, "axis": "x", "origin": [0.3, 21, 8]},
			"faces": {
				"north": {"uv": [5.5, 1, 6.66667, 1.3], "texture": "#0"},
				"east": {"uv": [5.5, 1, 6.57413, 1.3], "texture": "#0"},
				"south": {"uv": [5.5, 1, 6.66667, 1.3], "texture": "#0"},
				"west": {"uv": [5.5, 1, 6.57413, 1.3], "texture": "#0"},
				"up": {"uv": [5.5, 1, 6.66667, 2.07413], "texture": "#0"},
				"down": {"uv": [5.5, 1, 6.66667, 2.07413], "texture": "#0"}
			}
		},
		{
			"name": "hexadecagon",
			"from": [1.5, 19.2993, -0.55],
			"to": [5.5, 22.7007, 0.4],
			"rotation": {"angle": -45, "axis": "x", "origin": [3.45, 21, 8]},
			"faces": {
				"north": {"uv": [4.16667, 1.66667, 5.5, 2.80047], "texture": "#0"},
				"east": {"uv": [4.16667, 1.66667, 4.48333, 2.80047], "texture": "#0"},
				"south": {"uv": [4.16667, 1.66667, 5.5, 2.80047], "texture": "#0"},
				"west": {"uv": [4.16667, 1.66667, 4.48333, 2.80047], "texture": "#0"},
				"up": {"uv": [4.16667, 1.66667, 5.5, 1.98333], "texture": "#0"},
				"down": {"uv": [4.16667, 1.66667, 5.5, 1.98333], "texture": "#0"}
			}
		},
		{
			"name": "hexadecagon",
			"from": [1.5, 19.2993, -0.55],
			"to": [5.5, 22.7007, 0.4],
			"rotation": {"angle": -22.5, "axis": "x", "origin": [3.45, 21, 8]},
			"faces": {
				"north": {"uv": [4.16667, 4.66667, 5.5, 5.80047], "texture": "#0"},
				"east": {"uv": [4.16667, 4.66667, 4.48333, 5.80047], "texture": "#0"},
				"south": {"uv": [4.16667, 4.66667, 5.5, 5.80047], "texture": "#0"},
				"west": {"uv": [4.16667, 4.66667, 4.48333, 5.80047], "texture": "#0"},
				"up": {"uv": [4.16667, 4.66667, 5.5, 4.98333], "texture": "#0"},
				"down": {"uv": [4.16667, 4.66667, 5.5, 4.98333], "texture": "#0"}
			}
		},
		{
			"name": "hexadecagon",
			"from": [1.5, 19.2993, -0.55],
			"to": [5.5, 22.7007, 0.4],
			"rotation": {"angle": 0, "axis": "x", "origin": [3.45, 21, 8]},
			"faces": {
				"north": {"uv": [4.16667, 3.66667, 5.5, 4.80047], "texture": "#0"},
				"east": {"uv": [4.16667, 3.66667, 4.48333, 4.80047], "texture": "#0"},
				"south": {"uv": [4.16667, 3.66667, 5.5, 4.80047], "texture": "#0"},
				"west": {"uv": [4.16667, 3.66667, 4.48333, 4.80047], "texture": "#0"},
				"up": {"uv": [4.16667, 3.66667, 5.5, 3.98333], "texture": "#0"},
				"down": {"uv": [4.16667, 3.66667, 5.5, 3.98333], "texture": "#0"}
			}
		},
		{
			"name": "hexadecagon",
			"from": [1.5, 19.2993, -0.55],
			"to": [5.5, 22.7007, 0.4],
			"rotation": {"angle": 22.5, "axis": "x", "origin": [3.45, 21, 8]},
			"faces": {
				"north": {"uv": [4.16667, 2.33333, 5.5, 3.46713], "texture": "#0"},
				"east": {"uv": [4.16667, 2.33333, 4.48333, 3.46713], "texture": "#0"},
				"south": {"uv": [4.16667, 2.33333, 5.5, 3.46713], "texture": "#0"},
				"west": {"uv": [4.16667, 2.33333, 4.48333, 3.46713], "texture": "#0"},
				"up": {"uv": [4.16667, 2.33333, 5.5, 2.65], "texture": "#0"},
				"down": {"uv": [4.16667, 2.33333, 5.5, 2.65], "texture": "#0"}
			}
		},
		{
			"name": "hexadecagon",
			"from": [1.5, 19.2993, -0.55],
			"to": [5.5, 22.7007, 0.4],
			"rotation": {"angle": 45, "axis": "x", "origin": [3.45, 21, 8]},
			"faces": {
				"north": {"uv": [4.16667, 2, 5.5, 3.1338], "texture": "#0"},
				"east": {"uv": [4.16667, 2, 4.48333, 3.1338], "texture": "#0"},
				"south": {"uv": [4.16667, 2, 5.5, 3.1338], "texture": "#0"},
				"west": {"uv": [4.16667, 2, 4.48333, 3.1338], "texture": "#0"},
				"up": {"uv": [4.16667, 2, 5.5, 2.31667], "texture": "#0"},
				"down": {"uv": [4.16667, 2, 5.5, 2.31667], "texture": "#0"}
			}
		},
		{
			"name": "hexadecagon",
			"from": [1.5, 19.2993, 15.6],
			"to": [5.5, 22.7007, 16.55],
			"rotation": {"angle": -45, "axis": "x", "origin": [3.45, 21, 8]},
			"faces": {
				"north": {"uv": [4.16667, 2, 5.5, 3.1338], "texture": "#0"},
				"east": {"uv": [4.16667, 2, 4.48333, 3.1338], "texture": "#0"},
				"south": {"uv": [4.16667, 2, 5.5, 3.1338], "texture": "#0"},
				"west": {"uv": [4.16667, 2, 4.48333, 3.1338], "texture": "#0"},
				"up": {"uv": [4.16667, 2, 5.5, 2.31667], "texture": "#0"},
				"down": {"uv": [4.16667, 2, 5.5, 2.31667], "texture": "#0"}
			}
		},
		{
			"name": "hexadecagon",
			"from": [1.5, 19.2993, 15.6],
			"to": [5.5, 22.7007, 16.55],
			"rotation": {"angle": -22.5, "axis": "x", "origin": [3.45, 21, 8]},
			"faces": {
				"north": {"uv": [4.16667, 2.33333, 5.5, 3.46713], "texture": "#0"},
				"east": {"uv": [4.16667, 2.33333, 4.48333, 3.46713], "texture": "#0"},
				"south": {"uv": [4.16667, 2.33333, 5.5, 3.46713], "texture": "#0"},
				"west": {"uv": [4.16667, 2.33333, 4.48333, 3.46713], "texture": "#0"},
				"up": {"uv": [4.16667, 2.33333, 5.5, 2.65], "texture": "#0"},
				"down": {"uv": [4.16667, 2.33333, 5.5, 2.65], "texture": "#0"}
			}
		},
		{
			"name": "hexadecagon",
			"from": [1.5, 19.2993, 15.6],
			"to": [5.5, 22.7007, 16.55],
			"rotation": {"angle": 0, "axis": "x", "origin": [3.45, 21, 8]},
			"faces": {
				"north": {"uv": [4.16667, 3.66667, 5.5, 4.80047], "texture": "#0"},
				"east": {"uv": [4.16667, 3.66667, 4.48333, 4.80047], "texture": "#0"},
				"south": {"uv": [4.16667, 3.66667, 5.5, 4.80047], "texture": "#0"},
				"west": {"uv": [4.16667, 3.66667, 4.48333, 4.80047], "texture": "#0"},
				"up": {"uv": [4.16667, 3.66667, 5.5, 3.98333], "texture": "#0"},
				"down": {"uv": [4.16667, 3.66667, 5.5, 3.98333], "texture": "#0"}
			}
		},
		{
			"name": "hexadecagon",
			"from": [1.5, 19.2993, 15.6],
			"to": [5.5, 22.7007, 16.55],
			"rotation": {"angle": 22.5, "axis": "x", "origin": [3.45, 21, 8]},
			"faces": {
				"north": {"uv": [4.16667, 4.66667, 5.5, 5.80047], "texture": "#0"},
				"east": {"uv": [4.16667, 4.66667, 4.48333, 5.80047], "texture": "#0"},
				"south": {"uv": [4.16667, 4.66667, 5.5, 5.80047], "texture": "#0"},
				"west": {"uv": [4.16667, 4.66667, 4.48333, 5.80047], "texture": "#0"},
				"up": {"uv": [4.16667, 4.66667, 5.5, 4.98333], "texture": "#0"},
				"down": {"uv": [4.16667, 4.66667, 5.5, 4.98333], "texture": "#0"}
			}
		},
		{
			"name": "hexadecagon",
			"from": [1.5, 19.2993, 15.6],
			"to": [5.5, 22.7007, 16.55],
			"rotation": {"angle": 45, "axis": "x", "origin": [3.45, 21, 8]},
			"faces": {
				"north": {"uv": [4.16667, 1.66667, 5.5, 2.80047], "texture": "#0"},
				"east": {"uv": [4.16667, 1.66667, 4.48333, 2.80047], "texture": "#0"},
				"south": {"uv": [4.16667, 1.66667, 5.5, 2.80047], "texture": "#0"},
				"west": {"uv": [4.16667, 1.66667, 4.48333, 2.80047], "texture": "#0"},
				"up": {"uv": [4.16667, 1.66667, 5.5, 1.98333], "texture": "#0"},
				"down": {"uv": [4.16667, 1.66667, 5.5, 1.98333], "texture": "#0"}
			}
		},
		{
			"name": "hexadecagon",
			"from": [1.5, 12.45, 6.2993],
			"to": [5.5, 13.4, 9.7007],
			"rotation": {"angle": -22.5, "axis": "x", "origin": [3.45, 21, 8]},
			"faces": {
				"north": {"uv": [4.16667, 0, 5.5, 0.31667], "texture": "#0"},
				"east": {"uv": [4.16667, 0, 5.30047, 0.31667], "texture": "#0"},
				"south": {"uv": [4.16667, 0, 5.5, 0.31667], "texture": "#0"},
				"west": {"uv": [4.16667, 0, 5.30047, 0.31667], "texture": "#0"},
				"up": {"uv": [4.16667, 0, 5.5, 1.1338], "texture": "#0"},
				"down": {"uv": [4.16667, 0, 5.5, 1.1338], "texture": "#0"}
			}
		},
		{
			"name": "hexadecagon",
			"from": [1.5, 12.45, 6.2993],
			"to": [5.5, 13.4, 9.7007],
			"rotation": {"angle": 0, "axis": "x", "origin": [3.45, 21, 8]},
			"faces": {
				"north": {"uv": [4.16667, 4.33333, 5.5, 4.65], "texture": "#0"},
				"east": {"uv": [4.16667, 4.33333, 5.30047, 4.65], "texture": "#0"},
				"south": {"uv": [4.16667, 4.33333, 5.5, 4.65], "texture": "#0"},
				"west": {"uv": [4.16667, 4.33333, 5.30047, 4.65], "texture": "#0"},
				"up": {"uv": [4.16667, 4.33333, 5.5, 5.46713], "texture": "#0"},
				"down": {"uv": [4.16667, 4.33333, 5.5, 5.46713], "texture": "#0"}
			}
		},
		{
			"name": "hexadecagon",
			"from": [1.5, 12.45, 6.2993],
			"to": [5.5, 13.4, 9.7007],
			"rotation": {"angle": 22.5, "axis": "x", "origin": [3.45, 21, 8]},
			"faces": {
				"north": {"uv": [4.16667, 2, 5.5, 2.31667], "texture": "#0"},
				"east": {"uv": [4.16667, 2, 5.30047, 2.31667], "texture": "#0"},
				"south": {"uv": [4.16667, 2, 5.5, 2.31667], "texture": "#0"},
				"west": {"uv": [4.16667, 2, 5.30047, 2.31667], "texture": "#0"},
				"up": {"uv": [4.16667, 2, 5.5, 3.1338], "texture": "#0"},
				"down": {"uv": [4.16667, 2, 5.5, 3.1338], "texture": "#0"}
			}
		},
		{
			"name": "hexadecagon",
			"from": [1.5, 28.6, 6.2993],
			"to": [5.5, 29.55, 9.7007],
			"rotation": {"angle": -22.5, "axis": "x", "origin": [3.45, 21, 8]},
			"faces": {
				"north": {"uv": [4.16667, 1.33333, 5.5, 1.65], "texture": "#0"},
				"east": {"uv": [4.16667, 1.33333, 5.30047, 1.65], "texture": "#0"},
				"south": {"uv": [4.16667, 1.33333, 5.5, 1.65], "texture": "#0"},
				"west": {"uv": [4.16667, 1.33333, 5.30047, 1.65], "texture": "#0"},
				"up": {"uv": [4.16667, 1.33333, 5.5, 2.46713], "texture": "#0"},
				"down": {"uv": [4.16667, 1.33333, 5.5, 2.46713], "texture": "#0"}
			}
		},
		{
			"name": "hexadecagon",
			"from": [1.5, 28.6, 6.2993],
			"to": [5.5, 29.55, 9.7007],
			"rotation": {"angle": 0, "axis": "x", "origin": [3.45, 21, 8]},
			"faces": {
				"north": {"uv": [4.16667, 0, 5.5, 0.31667], "texture": "#0"},
				"east": {"uv": [4.16667, 0, 5.30047, 0.31667], "texture": "#0"},
				"south": {"uv": [4.16667, 0, 5.5, 0.31667], "texture": "#0"},
				"west": {"uv": [4.16667, 0, 5.30047, 0.31667], "texture": "#0"},
				"up": {"uv": [4.16667, 0, 5.5, 1.1338], "texture": "#0"},
				"down": {"uv": [4.16667, 0, 5.5, 1.1338], "texture": "#0"}
			}
		},
		{
			"name": "hexadecagon",
			"from": [1.5, 28.6, 6.2993],
			"to": [5.5, 29.55, 9.7007],
			"rotation": {"angle": 22.5, "axis": "x", "origin": [3.45, 21, 8]},
			"faces": {
				"north": {"uv": [4.16667, 1, 5.5, 1.31667], "texture": "#0"},
				"east": {"uv": [4.16667, 1, 5.30047, 1.31667], "texture": "#0"},
				"south": {"uv": [4.16667, 1, 5.5, 1.31667], "texture": "#0"},
				"west": {"uv": [4.16667, 1, 5.30047, 1.31667], "texture": "#0"},
				"up": {"uv": [4.16667, 1, 5.5, 2.1338], "texture": "#0"},
				"down": {"uv": [4.16667, 1, 5.5, 2.1338], "texture": "#0"}
			}
		},
		{
			"name": "hexadecagon",
			"from": [5, 19.20979, -1],
			"to": [11, 22.79021, 0],
			"rotation": {"angle": -45, "axis": "x", "origin": [8, 21, 8]},
			"faces": {
				"north": {"uv": [2.33333, 1.66667, 4.33333, 2.86014], "texture": "#0"},
				"east": {"uv": [2.33333, 1.66667, 2.66667, 2.86014], "texture": "#0"},
				"south": {"uv": [2.33333, 1.66667, 4.33333, 2.86014], "texture": "#0"},
				"west": {"uv": [2.33333, 1.66667, 2.66667, 2.86014], "texture": "#0"},
				"up": {"uv": [2.33333, 1.66667, 4.33333, 2], "texture": "#0"},
				"down": {"uv": [2.33333, 1.66667, 4.33333, 2], "texture": "#0"}
			}
		},
		{
			"name": "hexadecagon",
			"from": [5, 19.20979, -1],
			"to": [11, 22.79021, 0],
			"rotation": {"angle": -22.5, "axis": "x", "origin": [8, 21, 8]},
			"faces": {
				"north": {"uv": [2.33333, 4.66667, 4.33333, 5.86014], "texture": "#0"},
				"east": {"uv": [2.33333, 4.66667, 2.66667, 5.86014], "texture": "#0"},
				"south": {"uv": [2.33333, 4.66667, 4.33333, 5.86014], "texture": "#0"},
				"west": {"uv": [2.33333, 4.66667, 2.66667, 5.86014], "texture": "#0"},
				"up": {"uv": [2.33333, 4.66667, 4.33333, 5], "texture": "#0"},
				"down": {"uv": [2.33333, 4.66667, 4.33333, 5], "texture": "#0"}
			}
		},
		{
			"name": "hexadecagon",
			"from": [5, 19.20979, -1],
			"to": [11, 22.79021, 0],
			"rotation": {"angle": 0, "axis": "x", "origin": [8, 21, 8]},
			"faces": {
				"north": {"uv": [2.33333, 1.66667, 4.33333, 2.86014], "texture": "#0"},
				"east": {"uv": [2.33333, 3.66667, 2.66667, 4.86014], "texture": "#0"},
				"south": {"uv": [2.33333, 3.66667, 4.33333, 4.86014], "texture": "#0"},
				"west": {"uv": [2.33333, 3.66667, 2.66667, 4.86014], "texture": "#0"},
				"up": {"uv": [2.33333, 3.66667, 4.33333, 4], "texture": "#0"},
				"down": {"uv": [2.33333, 3.66667, 4.33333, 4], "texture": "#0"}
			}
		},
		{
			"name": "hexadecagon",
			"from": [5, 19.20979, -1],
			"to": [11, 22.79021, 0],
			"rotation": {"angle": 22.5, "axis": "x", "origin": [8, 21, 8]},
			"faces": {
				"north": {"uv": [2.33333, 2.33333, 4.33333, 3.52681], "texture": "#0"},
				"east": {"uv": [2.33333, 2.33333, 2.66667, 3.52681], "texture": "#0"},
				"south": {"uv": [2.33333, 2.33333, 4.33333, 3.52681], "texture": "#0"},
				"west": {"uv": [2.33333, 2.33333, 2.66667, 3.52681], "texture": "#0"},
				"up": {"uv": [2.33333, 2.33333, 4.33333, 2.66667], "texture": "#0"},
				"down": {"uv": [2.33333, 2.33333, 4.33333, 2.66667], "texture": "#0"}
			}
		},
		{
			"name": "hexadecagon",
			"from": [5, 19.20979, -1],
			"to": [11, 22.79021, 0],
			"rotation": {"angle": 45, "axis": "x", "origin": [8, 21, 8]},
			"faces": {
				"north": {"uv": [2.33333, 1.33333, 4.33333, 2.52681], "texture": "#0"},
				"east": {"uv": [2.33333, 2, 2.66667, 3.19347], "texture": "#0"},
				"south": {"uv": [2.33333, 2, 4.33333, 3.19347], "texture": "#0"},
				"west": {"uv": [2.33333, 2, 2.66667, 3.19347], "texture": "#0"},
				"up": {"uv": [2.33333, 2, 4.33333, 2.33333], "texture": "#0"},
				"down": {"uv": [2.33333, 2, 4.33333, 2.33333], "texture": "#0"}
			}
		},
		{
			"name": "hexadecagon",
			"from": [5, 19.20979, 16],
			"to": [11, 22.79021, 17],
			"rotation": {"angle": -45, "axis": "x", "origin": [8, 21, 8]},
			"faces": {
				"north": {"uv": [2.33333, 2, 4.33333, 3.19347], "texture": "#0"},
				"east": {"uv": [2.33333, 2, 2.66667, 3.19347], "texture": "#0"},
				"south": {"uv": [2.33333, 3.33333, 4.33333, 4.52681], "texture": "#0"},
				"west": {"uv": [2.33333, 2, 2.66667, 3.19347], "texture": "#0"},
				"up": {"uv": [2.33333, 2, 4.33333, 2.33333], "texture": "#0"},
				"down": {"uv": [2.33333, 2, 4.33333, 2.33333], "texture": "#0"}
			}
		},
		{
			"name": "hexadecagon",
			"from": [5, 19.20979, 16],
			"to": [11, 22.79021, 17],
			"rotation": {"angle": -22.5, "axis": "x", "origin": [8, 21, 8]},
			"faces": {
				"north": {"uv": [2.33333, 2.33333, 4.33333, 3.52681], "texture": "#0"},
				"east": {"uv": [2.33333, 2.33333, 2.66667, 3.52681], "texture": "#0"},
				"south": {"uv": [2.33333, 1.66667, 4.33333, 2.86014], "texture": "#0"},
				"west": {"uv": [2.33333, 2.33333, 2.66667, 3.52681], "texture": "#0"},
				"up": {"uv": [2.33333, 2.33333, 4.33333, 2.66667], "texture": "#0"},
				"down": {"uv": [2.33333, 2.33333, 4.33333, 2.66667], "texture": "#0"}
			}
		},
		{
			"name": "hexadecagon",
			"from": [5, 19.20979, 16],
			"to": [11, 22.79021, 17],
			"rotation": {"angle": 0, "axis": "x", "origin": [8, 21, 8]},
			"faces": {
				"north": {"uv": [2.33333, 3.66667, 4.33333, 4.86014], "texture": "#0"},
				"east": {"uv": [2.33333, 3.66667, 2.66667, 4.86014], "texture": "#0"},
				"south": {"uv": [2.33333, 3.66667, 4.33333, 4.86014], "texture": "#0"},
				"west": {"uv": [2.33333, 3.66667, 2.66667, 4.86014], "texture": "#0"},
				"up": {"uv": [2.33333, 3.66667, 4.33333, 4], "texture": "#0"},
				"down": {"uv": [2.33333, 3.66667, 4.33333, 4], "texture": "#0"}
			}
		},
		{
			"name": "hexadecagon",
			"from": [5, 19.20979, 16],
			"to": [11, 22.79021, 17],
			"rotation": {"angle": 22.5, "axis": "x", "origin": [8, 21, 8]},
			"faces": {
				"north": {"uv": [2.33333, 4.66667, 4.33333, 5.86014], "texture": "#0"},
				"east": {"uv": [2.33333, 4.66667, 2.66667, 5.86014], "texture": "#0"},
				"south": {"uv": [2.33333, 3, 4.33333, 4.19347], "texture": "#0"},
				"west": {"uv": [2.33333, 4.66667, 2.66667, 5.86014], "texture": "#0"},
				"up": {"uv": [2.33333, 4.66667, 4.33333, 5], "texture": "#0"},
				"down": {"uv": [2.33333, 4.66667, 4.33333, 5], "texture": "#0"}
			}
		},
		{
			"name": "hexadecagon",
			"from": [5, 19.20979, 16],
			"to": [11, 22.79021, 17],
			"rotation": {"angle": 45, "axis": "x", "origin": [8, 21, 8]},
			"faces": {
				"north": {"uv": [2.33333, 1.66667, 4.33333, 2.86014], "texture": "#0"},
				"east": {"uv": [2.33333, 1.66667, 2.66667, 2.86014], "texture": "#0"},
				"south": {"uv": [2.33333, 1.66667, 4.33333, 2.86014], "texture": "#0"},
				"west": {"uv": [2.33333, 1.66667, 2.66667, 2.86014], "texture": "#0"},
				"up": {"uv": [2.33333, 1.66667, 4.33333, 2], "texture": "#0"},
				"down": {"uv": [2.33333, 1.66667, 4.33333, 2], "texture": "#0"}
			}
		},
		{
			"name": "hexadecagon",
			"from": [5, 12, 6.20979],
			"to": [11, 13, 9.79021],
			"rotation": {"angle": -22.5, "axis": "x", "origin": [8, 21, 8]},
			"faces": {
				"north": {"uv": [2.33333, 0, 4.33333, 0.33333], "texture": "#0"},
				"east": {"uv": [2.33333, 0, 3.52681, 0.33333], "texture": "#0"},
				"south": {"uv": [2.33333, 0, 4.33333, 0.33333], "texture": "#0"},
				"west": {"uv": [2.33333, 0, 3.52681, 0.33333], "texture": "#0"},
				"up": {"uv": [2.33333, 0, 4.33333, 1.19347], "texture": "#0"},
				"down": {"uv": [2.33333, 0, 4.33333, 1.19347], "texture": "#0"}
			}
		},
		{
			"name": "hexadecagon",
			"from": [5, 12, 6.20979],
			"to": [11, 13, 9.79021],
			"rotation": {"angle": 0, "axis": "x", "origin": [8, 21, 8]},
			"faces": {
				"north": {"uv": [2.33333, 4.33333, 4.33333, 4.66667], "texture": "#0"},
				"east": {"uv": [2.33333, 4.33333, 3.52681, 4.66667], "texture": "#0"},
				"south": {"uv": [2.33333, 4.33333, 4.33333, 4.66667], "texture": "#0"},
				"west": {"uv": [2.33333, 4.33333, 3.52681, 4.66667], "texture": "#0"},
				"up": {"uv": [2.33333, 4.33333, 4.33333, 5.52681], "texture": "#0"},
				"down": {"uv": [2.33333, 4.33333, 4.33333, 5.52681], "texture": "#0"}
			}
		},
		{
			"name": "hexadecagon",
			"from": [5, 12, 6.20979],
			"to": [11, 13, 9.79021],
			"rotation": {"angle": 22.5, "axis": "x", "origin": [8, 21, 8]},
			"faces": {
				"north": {"uv": [2.33333, 2, 4.33333, 2.33333], "texture": "#0"},
				"east": {"uv": [2.33333, 2, 3.52681, 2.33333], "texture": "#0"},
				"south": {"uv": [2.33333, 2, 4.33333, 2.33333], "texture": "#0"},
				"west": {"uv": [2.33333, 2, 3.52681, 2.33333], "texture": "#0"},
				"up": {"uv": [2.33333, 2, 4.33333, 3.19347], "texture": "#0"},
				"down": {"uv": [2.33333, 2, 4.33333, 3.19347], "texture": "#0"}
			}
		},
		{
			"name": "hexadecagon",
			"from": [5, 29, 6.20979],
			"to": [11, 30, 9.79021],
			"rotation": {"angle": -22.5, "axis": "x", "origin": [8, 21, 8]},
			"faces": {
				"north": {"uv": [2.33333, 1.33333, 4.33333, 1.66667], "texture": "#0"},
				"east": {"uv": [2.33333, 1.33333, 3.52681, 1.66667], "texture": "#0"},
				"south": {"uv": [2.33333, 1.33333, 4.33333, 1.66667], "texture": "#0"},
				"west": {"uv": [2.33333, 1.33333, 3.52681, 1.66667], "texture": "#0"},
				"up": {"uv": [2.33333, 1.33333, 4.33333, 2.52681], "texture": "#0"},
				"down": {"uv": [2.33333, 1.33333, 4.33333, 2.52681], "texture": "#0"}
			}
		},
		{
			"name": "hexadecagon",
			"from": [5, 29, 6.20979],
			"to": [11, 30, 9.79021],
			"rotation": {"angle": 0, "axis": "x", "origin": [8, 21, 8]},
			"faces": {
				"north": {"uv": [2.33333, 0, 4.33333, 0.33333], "texture": "#0"},
				"east": {"uv": [2.33333, 0, 3.52681, 0.33333], "texture": "#0"},
				"south": {"uv": [2.33333, 0, 4.33333, 0.33333], "texture": "#0"},
				"west": {"uv": [2.33333, 0, 3.52681, 0.33333], "texture": "#0"},
				"up": {"uv": [2.33333, 0, 4.33333, 1.19347], "texture": "#0"},
				"down": {"uv": [2.33333, 0, 4.33333, 1.19347], "texture": "#0"}
			}
		},
		{
			"name": "hexadecagon",
			"from": [5, 29, 6.20979],
			"to": [11, 30, 9.79021],
			"rotation": {"angle": 22.5, "axis": "x", "origin": [8, 21, 8]},
			"faces": {
				"north": {"uv": [2.33333, 1, 4.33333, 1.33333], "texture": "#0"},
				"east": {"uv": [2.33333, 1, 3.52681, 1.33333], "texture": "#0"},
				"south": {"uv": [2.33333, 1, 4.33333, 1.33333], "texture": "#0"},
				"west": {"uv": [2.33333, 1, 3.52681, 1.33333], "texture": "#0"},
				"up": {"uv": [2.33333, 1, 4.33333, 2.19347], "texture": "#0"},
				"down": {"uv": [2.33333, 1, 4.33333, 2.19347], "texture": "#0"}
			}
		},
		{
			"name": "hexadecagon",
			"from": [10.5, 19.2993, -0.55],
			"to": [14.5, 22.7007, 0.4],
			"rotation": {"angle": -45, "axis": "x", "origin": [12.45, 21, 8]},
			"faces": {
				"north": {"uv": [1.16667, 1.66667, 2.5, 2.80047], "texture": "#0"},
				"east": {"uv": [1.16667, 1.66667, 1.48333, 2.80047], "texture": "#0"},
				"south": {"uv": [1.16667, 1.66667, 2.5, 2.80047], "texture": "#0"},
				"west": {"uv": [1.16667, 1.66667, 1.48333, 2.80047], "texture": "#0"},
				"up": {"uv": [1.16667, 1.66667, 2.5, 1.98333], "texture": "#0"},
				"down": {"uv": [1.16667, 1.66667, 2.5, 1.98333], "texture": "#0"}
			}
		},
		{
			"name": "hexadecagon",
			"from": [10.5, 19.2993, -0.55],
			"to": [14.5, 22.7007, 0.4],
			"rotation": {"angle": -22.5, "axis": "x", "origin": [12.45, 21, 8]},
			"faces": {
				"north": {"uv": [1.16667, 4.66667, 2.5, 5.80047], "texture": "#0"},
				"east": {"uv": [1.16667, 4.66667, 1.48333, 5.80047], "texture": "#0"},
				"south": {"uv": [1.16667, 4.66667, 2.5, 5.80047], "texture": "#0"},
				"west": {"uv": [1.16667, 4.66667, 1.48333, 5.80047], "texture": "#0"},
				"up": {"uv": [1.16667, 4.66667, 2.5, 4.98333], "texture": "#0"},
				"down": {"uv": [1.16667, 4.66667, 2.5, 4.98333], "texture": "#0"}
			}
		},
		{
			"name": "hexadecagon",
			"from": [10.5, 19.2993, -0.55],
			"to": [14.5, 22.7007, 0.4],
			"rotation": {"angle": 0, "axis": "x", "origin": [12.45, 21, 8]},
			"faces": {
				"north": {"uv": [1.16667, 3.66667, 2.5, 4.80047], "texture": "#0"},
				"east": {"uv": [1.16667, 3.66667, 1.48333, 4.80047], "texture": "#0"},
				"south": {"uv": [1.16667, 3.66667, 2.5, 4.80047], "texture": "#0"},
				"west": {"uv": [1.16667, 3.66667, 1.48333, 4.80047], "texture": "#0"},
				"up": {"uv": [1.16667, 3.66667, 2.5, 3.98333], "texture": "#0"},
				"down": {"uv": [1.16667, 3.66667, 2.5, 3.98333], "texture": "#0"}
			}
		},
		{
			"name": "hexadecagon",
			"from": [10.5, 19.2993, -0.55],
			"to": [14.5, 22.7007, 0.4],
			"rotation": {"angle": 22.5, "axis": "x", "origin": [12.45, 21, 8]},
			"faces": {
				"north": {"uv": [1.16667, 2.33333, 2.5, 3.46713], "texture": "#0"},
				"east": {"uv": [1.16667, 2.33333, 1.48333, 3.46713], "texture": "#0"},
				"south": {"uv": [1.16667, 2.33333, 2.5, 3.46713], "texture": "#0"},
				"west": {"uv": [1.16667, 2.33333, 1.48333, 3.46713], "texture": "#0"},
				"up": {"uv": [1.16667, 2.33333, 2.5, 2.65], "texture": "#0"},
				"down": {"uv": [1.16667, 2.33333, 2.5, 2.65], "texture": "#0"}
			}
		},
		{
			"name": "hexadecagon",
			"from": [10.5, 19.2993, -0.55],
			"to": [14.5, 22.7007, 0.4],
			"rotation": {"angle": 45, "axis": "x", "origin": [12.45, 21, 8]},
			"faces": {
				"north": {"uv": [1.16667, 2, 2.5, 3.1338], "texture": "#0"},
				"east": {"uv": [1.16667, 2, 1.48333, 3.1338], "texture": "#0"},
				"south": {"uv": [1.16667, 2, 2.5, 3.1338], "texture": "#0"},
				"west": {"uv": [1.16667, 2, 1.48333, 3.1338], "texture": "#0"},
				"up": {"uv": [1.16667, 2, 2.5, 2.31667], "texture": "#0"},
				"down": {"uv": [1.16667, 2, 2.5, 2.31667], "texture": "#0"}
			}
		},
		{
			"name": "hexadecagon",
			"from": [10.5, 19.2993, 15.6],
			"to": [14.5, 22.7007, 16.55],
			"rotation": {"angle": -45, "axis": "x", "origin": [12.45, 21, 8]},
			"faces": {
				"north": {"uv": [1.16667, 2, 2.5, 3.1338], "texture": "#0"},
				"east": {"uv": [1.16667, 2, 1.48333, 3.1338], "texture": "#0"},
				"south": {"uv": [1.16667, 2, 2.5, 3.1338], "texture": "#0"},
				"west": {"uv": [1.16667, 2, 1.48333, 3.1338], "texture": "#0"},
				"up": {"uv": [1.16667, 2, 2.5, 2.31667], "texture": "#0"},
				"down": {"uv": [1.16667, 2, 2.5, 2.31667], "texture": "#0"}
			}
		},
		{
			"name": "hexadecagon",
			"from": [10.5, 19.2993, 15.6],
			"to": [14.5, 22.7007, 16.55],
			"rotation": {"angle": -22.5, "axis": "x", "origin": [12.45, 21, 8]},
			"faces": {
				"north": {"uv": [1.16667, 2.33333, 2.5, 3.46713], "texture": "#0"},
				"east": {"uv": [1.16667, 2.33333, 1.48333, 3.46713], "texture": "#0"},
				"south": {"uv": [1.16667, 2.33333, 2.5, 3.46713], "texture": "#0"},
				"west": {"uv": [1.16667, 2.33333, 1.48333, 3.46713], "texture": "#0"},
				"up": {"uv": [1.16667, 2.33333, 2.5, 2.65], "texture": "#0"},
				"down": {"uv": [1.16667, 2.33333, 2.5, 2.65], "texture": "#0"}
			}
		},
		{
			"name": "hexadecagon",
			"from": [10.5, 19.2993, 15.6],
			"to": [14.5, 22.7007, 16.55],
			"rotation": {"angle": 0, "axis": "x", "origin": [12.45, 21, 8]},
			"faces": {
				"north": {"uv": [1.16667, 3.66667, 2.5, 4.80047], "texture": "#0"},
				"east": {"uv": [1.16667, 3.66667, 1.48333, 4.80047], "texture": "#0"},
				"south": {"uv": [1.16667, 3.66667, 2.5, 4.80047], "texture": "#0"},
				"west": {"uv": [1.16667, 3.66667, 1.48333, 4.80047], "texture": "#0"},
				"up": {"uv": [1.16667, 3.66667, 2.5, 3.98333], "texture": "#0"},
				"down": {"uv": [1.16667, 3.66667, 2.5, 3.98333], "texture": "#0"}
			}
		},
		{
			"name": "hexadecagon",
			"from": [10.5, 19.2993, 15.6],
			"to": [14.5, 22.7007, 16.55],
			"rotation": {"angle": 22.5, "axis": "x", "origin": [12.45, 21, 8]},
			"faces": {
				"north": {"uv": [1.16667, 4.66667, 2.5, 5.80047], "texture": "#0"},
				"east": {"uv": [1.16667, 4.66667, 1.48333, 5.80047], "texture": "#0"},
				"south": {"uv": [1.16667, 4.66667, 2.5, 5.80047], "texture": "#0"},
				"west": {"uv": [1.16667, 4.66667, 1.48333, 5.80047], "texture": "#0"},
				"up": {"uv": [1.16667, 4.66667, 2.5, 4.98333], "texture": "#0"},
				"down": {"uv": [1.16667, 4.66667, 2.5, 4.98333], "texture": "#0"}
			}
		},
		{
			"name": "hexadecagon",
			"from": [10.5, 19.2993, 15.6],
			"to": [14.5, 22.7007, 16.55],
			"rotation": {"angle": 45, "axis": "x", "origin": [12.45, 21, 8]},
			"faces": {
				"north": {"uv": [1.16667, 1.66667, 2.5, 2.80047], "texture": "#0"},
				"east": {"uv": [1.16667, 1.66667, 1.48333, 2.80047], "texture": "#0"},
				"south": {"uv": [1.16667, 1.66667, 2.5, 2.80047], "texture": "#0"},
				"west": {"uv": [1.16667, 1.66667, 1.48333, 2.80047], "texture": "#0"},
				"up": {"uv": [1.16667, 1.66667, 2.5, 1.98333], "texture": "#0"},
				"down": {"uv": [1.16667, 1.66667, 2.5, 1.98333], "texture": "#0"}
			}
		},
		{
			"name": "hexadecagon",
			"from": [10.5, 12.45, 6.2993],
			"to": [14.5, 13.4, 9.7007],
			"rotation": {"angle": -22.5, "axis": "x", "origin": [12.45, 21, 8]},
			"faces": {
				"north": {"uv": [1.16667, 0, 2.5, 0.31667], "texture": "#0"},
				"east": {"uv": [1.16667, 0, 2.30047, 0.31667], "texture": "#0"},
				"south": {"uv": [1.16667, 0, 2.5, 0.31667], "texture": "#0"},
				"west": {"uv": [1.16667, 0, 2.30047, 0.31667], "texture": "#0"},
				"up": {"uv": [1.16667, 0, 2.5, 1.1338], "texture": "#0"},
				"down": {"uv": [1.16667, 0, 2.5, 1.1338], "texture": "#0"}
			}
		},
		{
			"name": "hexadecagon",
			"from": [10.5, 12.45, 6.2993],
			"to": [14.5, 13.4, 9.7007],
			"rotation": {"angle": 0, "axis": "x", "origin": [12.45, 21, 8]},
			"faces": {
				"north": {"uv": [1.16667, 4.33333, 2.5, 4.65], "texture": "#0"},
				"east": {"uv": [1.16667, 4.33333, 2.30047, 4.65], "texture": "#0"},
				"south": {"uv": [1.16667, 4.33333, 2.5, 4.65], "texture": "#0"},
				"west": {"uv": [1.16667, 4.33333, 2.30047, 4.65], "texture": "#0"},
				"up": {"uv": [1.16667, 4.33333, 2.5, 5.46713], "texture": "#0"},
				"down": {"uv": [1.16667, 4.33333, 2.5, 5.46713], "texture": "#0"}
			}
		},
		{
			"name": "hexadecagon",
			"from": [10.5, 12.45, 6.2993],
			"to": [14.5, 13.4, 9.7007],
			"rotation": {"angle": 22.5, "axis": "x", "origin": [12.45, 21, 8]},
			"faces": {
				"north": {"uv": [1.16667, 2, 2.5, 2.31667], "texture": "#0"},
				"east": {"uv": [1.16667, 2, 2.30047, 2.31667], "texture": "#0"},
				"south": {"uv": [1.16667, 2, 2.5, 2.31667], "texture": "#0"},
				"west": {"uv": [1.16667, 2, 2.30047, 2.31667], "texture": "#0"},
				"up": {"uv": [1.16667, 2, 2.5, 3.1338], "texture": "#0"},
				"down": {"uv": [1.16667, 2, 2.5, 3.1338], "texture": "#0"}
			}
		},
		{
			"name": "hexadecagon",
			"from": [10.5, 28.6, 6.2993],
			"to": [14.5, 29.55, 9.7007],
			"rotation": {"angle": -22.5, "axis": "x", "origin": [12.45, 21, 8]},
			"faces": {
				"north": {"uv": [1.16667, 1.33333, 2.5, 1.65], "texture": "#0"},
				"east": {"uv": [1.16667, 1.33333, 2.30047, 1.65], "texture": "#0"},
				"south": {"uv": [1.16667, 1.33333, 2.5, 1.65], "texture": "#0"},
				"west": {"uv": [1.16667, 1.33333, 2.30047, 1.65], "texture": "#0"},
				"up": {"uv": [1.16667, 1.33333, 2.5, 2.46713], "texture": "#0"},
				"down": {"uv": [1.16667, 1.33333, 2.5, 2.46713], "texture": "#0"}
			}
		},
		{
			"name": "hexadecagon",
			"from": [10.5, 28.6, 6.2993],
			"to": [14.5, 29.55, 9.7007],
			"rotation": {"angle": 0, "axis": "x", "origin": [12.45, 21, 8]},
			"faces": {
				"north": {"uv": [1.16667, 0, 2.5, 0.31667], "texture": "#0"},
				"east": {"uv": [1.16667, 0, 2.30047, 0.31667], "texture": "#0"},
				"south": {"uv": [1.16667, 0, 2.5, 0.31667], "texture": "#0"},
				"west": {"uv": [1.16667, 0, 2.30047, 0.31667], "texture": "#0"},
				"up": {"uv": [1.16667, 0, 2.5, 1.1338], "texture": "#0"},
				"down": {"uv": [1.16667, 0, 2.5, 1.1338], "texture": "#0"}
			}
		},
		{
			"name": "hexadecagon",
			"from": [10.5, 28.6, 6.2993],
			"to": [14.5, 29.55, 9.7007],
			"rotation": {"angle": 22.5, "axis": "x", "origin": [12.45, 21, 8]},
			"faces": {
				"north": {"uv": [1.16667, 1, 2.5, 1.31667], "texture": "#0"},
				"east": {"uv": [1.16667, 1, 2.30047, 1.31667], "texture": "#0"},
				"south": {"uv": [1.16667, 1, 2.5, 1.31667], "texture": "#0"},
				"west": {"uv": [1.16667, 1, 2.30047, 1.31667], "texture": "#0"},
				"up": {"uv": [1.16667, 1, 2.5, 2.1338], "texture": "#0"},
				"down": {"uv": [1.16667, 1, 2.5, 2.1338], "texture": "#0"}
			}
		},
		{
			"name": "hexadecagon",
			"from": [14, 19.38881, -0.1],
			"to": [17.5, 22.61119, 0.8],
			"rotation": {"angle": -45, "axis": "x", "origin": [15.8, 21, 8]},
			"faces": {
				"north": {"uv": [0, 1.66667, 1.16667, 2.74079], "texture": "#0"},
				"east": {"uv": [0, 1.66667, 0.3, 2.74079], "texture": "#0"},
				"south": {"uv": [0, 1.66667, 1.16667, 2.74079], "texture": "#0"},
				"west": {"uv": [0, 1.66667, 0.3, 2.74079], "texture": "#0"},
				"up": {"uv": [0, 1.66667, 1.16667, 1.96667], "texture": "#0"},
				"down": {"uv": [0, 1.66667, 1.16667, 1.96667], "texture": "#0"}
			}
		},
		{
			"name": "hexadecagon",
			"from": [14, 19.38881, -0.1],
			"to": [17.5, 22.61119, 0.8],
			"rotation": {"angle": -22.5, "axis": "x", "origin": [15.8, 21, 8]},
			"faces": {
				"north": {"uv": [0, 4.66667, 1.16667, 5.74079], "texture": "#0"},
				"east": {"uv": [0, 4.66667, 0.3, 5.74079], "texture": "#0"},
				"south": {"uv": [0, 4.66667, 1.16667, 5.74079], "texture": "#0"},
				"west": {"uv": [0, 4.66667, 0.3, 5.74079], "texture": "#0"},
				"up": {"uv": [0, 4.66667, 1.16667, 4.96667], "texture": "#0"},
				"down": {"uv": [0, 4.66667, 1.16667, 4.96667], "texture": "#0"}
			}
		},
		{
			"name": "hexadecagon",
			"from": [14, 19.38881, -0.1],
			"to": [17.5, 22.61119, 0.8],
			"rotation": {"angle": 0, "axis": "x", "origin": [15.8, 21, 8]},
			"faces": {
				"north": {"uv": [0, 3.66667, 1.16667, 4.74079], "texture": "#0"},
				"east": {"uv": [0, 3.66667, 0.3, 4.74079], "texture": "#0"},
				"south": {"uv": [0, 3.66667, 1.16667, 4.74079], "texture": "#0"},
				"west": {"uv": [0, 3.66667, 0.3, 4.74079], "texture": "#0"},
				"up": {"uv": [0, 3.66667, 1.16667, 3.96667], "texture": "#0"},
				"down": {"uv": [0, 3.66667, 1.16667, 3.96667], "texture": "#0"}
			}
		},
		{
			"name": "hexadecagon",
			"from": [14, 19.38881, -0.1],
			"to": [17.5, 22.61119, 0.8],
			"rotation": {"angle": 22.5, "axis": "x", "origin": [15.8, 21, 8]},
			"faces": {
				"north": {"uv": [0, 2.33333, 1.16667, 3.40746], "texture": "#0"},
				"east": {"uv": [0, 2.33333, 0.3, 3.40746], "texture": "#0"},
				"south": {"uv": [0, 2.33333, 1.16667, 3.40746], "texture": "#0"},
				"west": {"uv": [0, 2.33333, 0.3, 3.40746], "texture": "#0"},
				"up": {"uv": [0, 2.33333, 1.16667, 2.63333], "texture": "#0"},
				"down": {"uv": [0, 2.33333, 1.16667, 2.63333], "texture": "#0"}
			}
		},
		{
			"name": "hexadecagon",
			"from": [14, 19.38881, -0.1],
			"to": [17.5, 22.61119, 0.8],
			"rotation": {"angle": 45, "axis": "x", "origin": [15.8, 21, 8]},
			"faces": {
				"north": {"uv": [0, 2, 1.16667, 3.07413], "texture": "#0"},
				"east": {"uv": [0, 2, 0.3, 3.07413], "texture": "#0"},
				"south": {"uv": [0, 2, 1.16667, 3.07413], "texture": "#0"},
				"west": {"uv": [0, 2, 0.3, 3.07413], "texture": "#0"},
				"up": {"uv": [0, 2, 1.16667, 2.3], "texture": "#0"},
				"down": {"uv": [0, 2, 1.16667, 2.3], "texture": "#0"}
			}
		},
		{
			"name": "hexadecagon",
			"from": [14, 19.38881, 15.2],
			"to": [17.5, 22.61119, 16.1],
			"rotation": {"angle": -45, "axis": "x", "origin": [15.8, 21, 8]},
			"faces": {
				"north": {"uv": [0, 2, 1.16667, 3.07413], "texture": "#0"},
				"east": {"uv": [0, 2, 0.3, 3.07413], "texture": "#0"},
				"south": {"uv": [0, 2, 1.16667, 3.07413], "texture": "#0"},
				"west": {"uv": [0, 2, 0.3, 3.07413], "texture": "#0"},
				"up": {"uv": [0, 2, 1.16667, 2.3], "texture": "#0"},
				"down": {"uv": [0, 2, 1.16667, 2.3], "texture": "#0"}
			}
		},
		{
			"name": "hexadecagon",
			"from": [14, 19.38881, 15.2],
			"to": [17.5, 22.61119, 16.1],
			"rotation": {"angle": -22.5, "axis": "x", "origin": [15.8, 21, 8]},
			"faces": {
				"north": {"uv": [0, 2.33333, 1.16667, 3.40746], "texture": "#0"},
				"east": {"uv": [0, 2.33333, 0.3, 3.40746], "texture": "#0"},
				"south": {"uv": [0, 2.33333, 1.16667, 3.40746], "texture": "#0"},
				"west": {"uv": [0, 2.33333, 0.3, 3.40746], "texture": "#0"},
				"up": {"uv": [0, 2.33333, 1.16667, 2.63333], "texture": "#0"},
				"down": {"uv": [0, 2.33333, 1.16667, 2.63333], "texture": "#0"}
			}
		},
		{
			"name": "hexadecagon",
			"from": [14, 19.38881, 15.2],
			"to": [17.5, 22.61119, 16.1],
			"rotation": {"angle": 0, "axis": "x", "origin": [15.8, 21, 8]},
			"faces": {
				"north": {"uv": [0, 3.66667, 1.16667, 4.74079], "texture": "#0"},
				"east": {"uv": [0, 3.66667, 0.3, 4.74079], "texture": "#0"},
				"south": {"uv": [0, 3.66667, 1.16667, 4.74079], "texture": "#0"},
				"west": {"uv": [0, 3.66667, 0.3, 4.74079], "texture": "#0"},
				"up": {"uv": [0, 3.66667, 1.16667, 3.96667], "texture": "#0"},
				"down": {"uv": [0, 3.66667, 1.16667, 3.96667], "texture": "#0"}
			}
		},
		{
			"name": "hexadecagon",
			"from": [14, 19.38881, 15.2],
			"to": [17.5, 22.61119, 16.1],
			"rotation": {"angle": 22.5, "axis": "x", "origin": [15.8, 21, 8]},
			"faces": {
				"north": {"uv": [0, 4.66667, 1.16667, 5.74079], "texture": "#0"},
				"east": {"uv": [0, 4.66667, 0.3, 5.74079], "texture": "#0"},
				"south": {"uv": [0, 4.66667, 1.16667, 5.74079], "texture": "#0"},
				"west": {"uv": [0, 4.66667, 0.3, 5.74079], "texture": "#0"},
				"up": {"uv": [0, 4.66667, 1.16667, 4.96667], "texture": "#0"},
				"down": {"uv": [0, 4.66667, 1.16667, 4.96667], "texture": "#0"}
			}
		},
		{
			"name": "hexadecagon",
			"from": [14, 19.38881, 15.2],
			"to": [17.5, 22.61119, 16.1],
			"rotation": {"angle": 45, "axis": "x", "origin": [15.8, 21, 8]},
			"faces": {
				"north": {"uv": [0, 1.66667, 1.16667, 2.74079], "texture": "#0"},
				"east": {"uv": [0, 1.66667, 0.3, 2.74079], "texture": "#0"},
				"south": {"uv": [0, 1.66667, 1.16667, 2.74079], "texture": "#0"},
				"west": {"uv": [0, 1.66667, 0.3, 2.74079], "texture": "#0"},
				"up": {"uv": [0, 1.66667, 1.16667, 1.96667], "texture": "#0"},
				"down": {"uv": [0, 1.66667, 1.16667, 1.96667], "texture": "#0"}
			}
		},
		{
			"name": "hexadecagon",
			"from": [14, 12.9, 6.38881],
			"to": [17.5, 13.8, 9.61119],
			"rotation": {"angle": -22.5, "axis": "x", "origin": [15.8, 21, 8]},
			"faces": {
				"north": {"uv": [0, 0, 1.16667, 0.3], "texture": "#0"},
				"east": {"uv": [0, 0, 1.07413, 0.3], "texture": "#0"},
				"south": {"uv": [0, 0, 1.16667, 0.3], "texture": "#0"},
				"west": {"uv": [0, 0, 1.07413, 0.3], "texture": "#0"},
				"up": {"uv": [0, 0, 1.16667, 1.07413], "texture": "#0"},
				"down": {"uv": [0, 0, 1.16667, 1.07413], "texture": "#0"}
			}
		},
		{
			"name": "hexadecagon",
			"from": [14, 12.9, 6.38881],
			"to": [17.5, 13.8, 9.61119],
			"rotation": {"angle": 0, "axis": "x", "origin": [15.8, 21, 8]},
			"faces": {
				"north": {"uv": [0, 4.33333, 1.16667, 4.63333], "texture": "#0"},
				"east": {"uv": [0, 4.33333, 1.07413, 4.63333], "texture": "#0"},
				"south": {"uv": [0, 4.33333, 1.16667, 4.63333], "texture": "#0"},
				"west": {"uv": [0, 4.33333, 1.07413, 4.63333], "texture": "#0"},
				"up": {"uv": [0, 4.33333, 1.16667, 5.40746], "texture": "#0"},
				"down": {"uv": [0, 4.33333, 1.16667, 5.40746], "texture": "#0"}
			}
		},
		{
			"name": "hexadecagon",
			"from": [14, 12.9, 6.38881],
			"to": [17.5, 13.8, 9.61119],
			"rotation": {"angle": 22.5, "axis": "x", "origin": [15.8, 21, 8]},
			"faces": {
				"north": {"uv": [0, 2, 1.16667, 2.3], "texture": "#0"},
				"east": {"uv": [0, 2, 1.07413, 2.3], "texture": "#0"},
				"south": {"uv": [0, 2, 1.16667, 2.3], "texture": "#0"},
				"west": {"uv": [0, 2, 1.07413, 2.3], "texture": "#0"},
				"up": {"uv": [0, 2, 1.16667, 3.07413], "texture": "#0"},
				"down": {"uv": [0, 2, 1.16667, 3.07413], "texture": "#0"}
			}
		},
		{
			"name": "hexadecagon",
			"from": [14, 28.2, 6.38881],
			"to": [17.5, 29.1, 9.61119],
			"rotation": {"angle": -22.5, "axis": "x", "origin": [15.8, 21, 8]},
			"faces": {
				"north": {"uv": [0, 1.33333, 1.16667, 1.63333], "texture": "#0"},
				"east": {"uv": [0, 1.33333, 1.07413, 1.63333], "texture": "#0"},
				"south": {"uv": [0, 1.33333, 1.16667, 1.63333], "texture": "#0"},
				"west": {"uv": [0, 1.33333, 1.07413, 1.63333], "texture": "#0"},
				"up": {"uv": [0, 1.33333, 1.16667, 2.40746], "texture": "#0"},
				"down": {"uv": [0, 1.33333, 1.16667, 2.40746], "texture": "#0"}
			}
		},
		{
			"name": "hexadecagon",
			"from": [14, 28.2, 6.38881],
			"to": [17.5, 29.1, 9.61119],
			"rotation": {"angle": 0, "axis": "x", "origin": [15.8, 21, 8]},
			"faces": {
				"north": {"uv": [0, 0, 1.16667, 0.3], "texture": "#0"},
				"east": {"uv": [0, 0, 1.07413, 0.3], "texture": "#0"},
				"south": {"uv": [0, 0, 1.16667, 0.3], "texture": "#0"},
				"west": {"uv": [0, 0, 1.07413, 0.3], "texture": "#0"},
				"up": {"uv": [0, 0, 1.16667, 1.07413], "texture": "#0"},
				"down": {"uv": [0, 0, 1.16667, 1.07413], "texture": "#0"}
			}
		},
		{
			"name": "hexadecagon",
			"from": [14, 28.2, 6.38881],
			"to": [17.5, 29.1, 9.61119],
			"rotation": {"angle": 22.5, "axis": "x", "origin": [15.8, 21, 8]},
			"faces": {
				"north": {"uv": [0, 1, 1.16667, 1.3], "texture": "#0"},
				"east": {"uv": [0, 1, 1.07413, 1.3], "texture": "#0"},
				"south": {"uv": [0, 1, 1.16667, 1.3], "texture": "#0"},
				"west": {"uv": [0, 1, 1.07413, 1.3], "texture": "#0"},
				"up": {"uv": [0, 1, 1.16667, 2.07413], "texture": "#0"},
				"down": {"uv": [0, 1, 1.16667, 2.07413], "texture": "#0"}
			}
		},
		{
			"name": "hexadecagon",
			"from": [17, 19.2993, -0.55],
			"to": [18.5, 22.7007, 0.4],
			"rotation": {"angle": -45, "axis": "x", "origin": [19.05, 21, 8]},
			"faces": {
				"north": {"uv": [8.66667, 10, 8.33333, 11.1338], "texture": "#0"},
				"east": {"uv": [8.65, 10, 8.33333, 11.1338], "texture": "#0"},
				"south": {"uv": [8.66667, 10, 8.33333, 11.1338], "texture": "#0"},
				"west": {"uv": [8.65, 10, 8.33333, 11.1338], "texture": "#0"},
				"up": {"uv": [8.66667, 10, 8.33333, 10.31667], "texture": "#0"},
				"down": {"uv": [8.66667, 10, 8.33333, 10.31667], "texture": "#0"}
			}
		},
		{
			"name": "hexadecagon",
			"from": [17.01, 19.2993, -0.55],
			"to": [18.49, 22.7007, 0.4],
			"rotation": {"angle": -22.5, "axis": "x", "origin": [19.05, 21, 8]},
			"faces": {
				"north": {"uv": [8.66667, 8.33333, 8.33333, 9.46713], "texture": "#0"},
				"east": {"uv": [8.65, 8.33333, 8.33333, 9.46713], "texture": "#0"},
				"south": {"uv": [8.66667, 8.33333, 8.33333, 9.46713], "texture": "#0"},
				"west": {"uv": [8.65, 8.33333, 8.33333, 9.46713], "texture": "#0"},
				"up": {"uv": [8.66667, 8.33333, 8.33333, 8.65], "texture": "#0"},
				"down": {"uv": [8.66667, 8.33333, 8.33333, 8.65], "texture": "#0"}
			}
		},
		{
			"name": "hexadecagon",
			"from": [17, 19.2993, -0.55],
			"to": [18.5, 22.7007, 0.4],
			"rotation": {"angle": 0, "axis": "x", "origin": [19.05, 21, 8]},
			"faces": {
				"north": {"uv": [8.66667, 6.66667, 8.33333, 7.80047], "texture": "#0"},
				"east": {"uv": [8.65, 6.66667, 8.33333, 7.80047], "texture": "#0"},
				"south": {"uv": [8.66667, 6.66667, 8.33333, 7.80047], "texture": "#0"},
				"west": {"uv": [8.65, 6.66667, 8.33333, 7.80047], "texture": "#0"},
				"up": {"uv": [8.66667, 6.66667, 8.33333, 6.98333], "texture": "#0"},
				"down": {"uv": [8.66667, 6.66667, 8.33333, 6.98333], "texture": "#0"}
			}
		},
		{
			"name": "hexadecagon",
			"from": [17.01, 19.2993, -0.55],
			"to": [18.49, 22.7007, 0.4],
			"rotation": {"angle": 22.5, "axis": "x", "origin": [19.05, 21, 8]},
			"faces": {
				"north": {"uv": [8.66667, 5, 8.33333, 6.1338], "texture": "#0"},
				"east": {"uv": [8.65, 5, 8.33333, 6.1338], "texture": "#0"},
				"south": {"uv": [8.66667, 5, 8.33333, 6.1338], "texture": "#0"},
				"west": {"uv": [8.65, 5, 8.33333, 6.1338], "texture": "#0"},
				"up": {"uv": [8.66667, 5, 8.33333, 5.31667], "texture": "#0"},
				"down": {"uv": [8.66667, 5, 8.33333, 5.31667], "texture": "#0"}
			}
		},
		{
			"name": "hexadecagon",
			"from": [17, 19.2993, -0.55],
			"to": [18.5, 22.7007, 0.4],
			"rotation": {"angle": 45, "axis": "x", "origin": [19.05, 21, 8]},
			"faces": {
				"north": {"uv": [8.66667, 3.33333, 8.33333, 4.46713], "texture": "#0"},
				"east": {"uv": [8.65, 3.33333, 8.33333, 4.46713], "texture": "#0"},
				"south": {"uv": [8.66667, 3.33333, 8.33333, 4.46713], "texture": "#0"},
				"west": {"uv": [8.65, 3.33333, 8.33333, 4.46713], "texture": "#0"},
				"up": {"uv": [8.66667, 3.33333, 8.33333, 3.65], "texture": "#0"},
				"down": {"uv": [8.66667, 3.33333, 8.33333, 3.65], "texture": "#0"}
			}
		},
		{
			"name": "hexadecagon",
			"from": [17, 19.2993, 15.6],
			"to": [18.5, 22.7007, 16.55],
			"rotation": {"angle": -45, "axis": "x", "origin": [19.05, 21, 8]},
			"faces": {
				"north": {"uv": [8.66667, 3.33333, 8.33333, 4.46713], "texture": "#0"},
				"east": {"uv": [8.65, 3.33333, 8.33333, 4.46713], "texture": "#0"},
				"south": {"uv": [8.66667, 3.33333, 8.33333, 4.46713], "texture": "#0"},
				"west": {"uv": [8.65, 3.33333, 8.33333, 4.46713], "texture": "#0"},
				"up": {"uv": [8.66667, 3.33333, 8.33333, 3.65], "texture": "#0"},
				"down": {"uv": [8.66667, 3.33333, 8.33333, 3.65], "texture": "#0"}
			}
		},
		{
			"name": "hexadecagon",
			"from": [17.01, 19.2993, 15.6],
			"to": [18.49, 22.7007, 16.55],
			"rotation": {"angle": -22.5, "axis": "x", "origin": [19.05, 21, 8]},
			"faces": {
				"north": {"uv": [8.66667, 5, 8.33333, 6.1338], "texture": "#0"},
				"east": {"uv": [8.65, 5, 8.33333, 6.1338], "texture": "#0"},
				"south": {"uv": [8.66667, 5, 8.33333, 6.1338], "texture": "#0"},
				"west": {"uv": [8.65, 5, 8.33333, 6.1338], "texture": "#0"},
				"up": {"uv": [8.66667, 5, 8.33333, 5.31667], "texture": "#0"},
				"down": {"uv": [8.66667, 5, 8.33333, 5.31667], "texture": "#0"}
			}
		},
		{
			"name": "hexadecagon",
			"from": [17, 19.2993, 15.6],
			"to": [18.5, 22.7007, 16.55],
			"rotation": {"angle": 0, "axis": "x", "origin": [19.05, 21, 8]},
			"faces": {
				"north": {"uv": [8.66667, 6.66667, 8.33333, 7.80047], "texture": "#0"},
				"east": {"uv": [8.65, 6.66667, 8.33333, 7.80047], "texture": "#0"},
				"south": {"uv": [8.66667, 6.66667, 8.33333, 7.80047], "texture": "#0"},
				"west": {"uv": [8.65, 6.66667, 8.33333, 7.80047], "texture": "#0"},
				"up": {"uv": [8.66667, 6.66667, 8.33333, 6.98333], "texture": "#0"},
				"down": {"uv": [8.66667, 6.66667, 8.33333, 6.98333], "texture": "#0"}
			}
		},
		{
			"name": "hexadecagon",
			"from": [17.01, 19.2993, 15.6],
			"to": [18.49, 22.7007, 16.55],
			"rotation": {"angle": 22.5, "axis": "x", "origin": [19.05, 21, 8]},
			"faces": {
				"north": {"uv": [8.66667, 8.33333, 8.33333, 9.46713], "texture": "#0"},
				"east": {"uv": [8.65, 8.33333, 8.33333, 9.46713], "texture": "#0"},
				"south": {"uv": [8.66667, 8.33333, 8.33333, 9.46713], "texture": "#0"},
				"west": {"uv": [8.65, 8.33333, 8.33333, 9.46713], "texture": "#0"},
				"up": {"uv": [8.66667, 8.33333, 8.33333, 8.65], "texture": "#0"},
				"down": {"uv": [8.66667, 8.33333, 8.33333, 8.65], "texture": "#0"}
			}
		},
		{
			"name": "hexadecagon",
			"from": [17, 19.2993, 15.6],
			"to": [18.5, 22.7007, 16.55],
			"rotation": {"angle": 45, "axis": "x", "origin": [19.05, 21, 8]},
			"faces": {
				"north": {"uv": [8.66667, 10, 8.33333, 11.1338], "texture": "#0"},
				"east": {"uv": [8.65, 10, 8.33333, 11.1338], "texture": "#0"},
				"south": {"uv": [8.66667, 10, 8.33333, 11.1338], "texture": "#0"},
				"west": {"uv": [8.65, 10, 8.33333, 11.1338], "texture": "#0"},
				"up": {"uv": [8.66667, 10, 8.33333, 10.31667], "texture": "#0"},
				"down": {"uv": [8.66667, 10, 8.33333, 10.31667], "texture": "#0"}
			}
		},
		{
			"name": "hexadecagon",
			"from": [17.01, 12.45, 6.2993],
			"to": [18.49, 13.4, 9.7007],
			"rotation": {"angle": -22.5, "axis": "x", "origin": [19.05, 21, 8]},
			"faces": {
				"north": {"uv": [8.66667, 11.66667, 8.33333, 11.98333], "texture": "#0"},
				"east": {"uv": [9.46713, 11.66667, 8.33333, 11.98333], "texture": "#0"},
				"south": {"uv": [8.66667, 0, 8.33333, 0.31667], "texture": "#0"},
				"west": {"uv": [9.46713, 11.66667, 8.33333, 11.98333], "texture": "#0"},
				"up": {"uv": [8.66667, 11.66667, 8.33333, 12.80047], "texture": "#0"},
				"down": {"uv": [8.66667, 11.66667, 8.33333, 12.80047], "texture": "#0"}
			}
		},
		{
			"name": "hexadecagon",
			"from": [17, 12.45, 6.2993],
			"to": [18.5, 13.4, 9.7007],
			"rotation": {"angle": 0, "axis": "x", "origin": [19.05, 21, 8]},
			"faces": {
				"north": {"uv": [8.66667, 13.33333, 8.33333, 13.65], "texture": "#0"},
				"east": {"uv": [9.46713, 13.33333, 8.33333, 13.65], "texture": "#0"},
				"south": {"uv": [8.66667, 13.33333, 8.33333, 13.65], "texture": "#0"},
				"west": {"uv": [9.46713, 13.33333, 8.33333, 13.65], "texture": "#0"},
				"up": {"uv": [8.66667, 13.33333, 8.33333, 14.46713], "texture": "#0"},
				"down": {"uv": [8.66667, 13.33333, 8.33333, 14.46713], "texture": "#0"}
			}
		},
		{
			"name": "hexadecagon",
			"from": [17.01, 12.45, 6.2993],
			"to": [18.49, 13.4, 9.7007],
			"rotation": {"angle": 22.5, "axis": "x", "origin": [19.05, 21, 8]},
			"faces": {
				"north": {"uv": [8.66667, 11.66667, 8.33333, 11.98333], "texture": "#0"},
				"east": {"uv": [9.46713, 11.66667, 8.33333, 11.98333], "texture": "#0"},
				"south": {"uv": [8.66667, 0, 8.33333, 0.31667], "texture": "#0"},
				"west": {"uv": [9.46713, 11.66667, 8.33333, 11.98333], "texture": "#0"},
				"up": {"uv": [8.66667, 11.66667, 8.33333, 12.80047], "texture": "#0"},
				"down": {"uv": [8.66667, 11.66667, 8.33333, 12.80047], "texture": "#0"}
			}
		},
		{
			"name": "hexadecagon",
			"from": [17.01, 28.6, 6.2993],
			"to": [18.49, 29.55, 9.7007],
			"rotation": {"angle": -22.5, "axis": "x", "origin": [19.05, 21, 8]},
			"faces": {
				"north": {"uv": [8.66667, 1.66667, 8.33333, 1.98333], "texture": "#0"},
				"east": {"uv": [9.46713, 1.66667, 8.33333, 1.98333], "texture": "#0"},
				"south": {"uv": [8.66667, 1.66667, 8.33333, 1.98333], "texture": "#0"},
				"west": {"uv": [9.46713, 1.66667, 8.33333, 1.98333], "texture": "#0"},
				"up": {"uv": [8.66667, 1.66667, 8.33333, 2.80047], "texture": "#0"},
				"down": {"uv": [8.66667, 1.66667, 8.33333, 2.80047], "texture": "#0"}
			}
		},
		{
			"name": "hexadecagon",
			"from": [17, 28.6, 6.2993],
			"to": [18.5, 29.55, 9.7007],
			"rotation": {"angle": 0, "axis": "x", "origin": [19.05, 21, 8]},
			"faces": {
				"north": {"uv": [8.83333, 0, 8.33333, 0.31667], "texture": "#0"},
				"east": {"uv": [9.46713, 0, 8.33333, 0.31667], "texture": "#0"},
				"south": {"uv": [8.83333, 0, 8.33333, 0.31667], "texture": "#0"},
				"west": {"uv": [9.46713, 0, 8.33333, 0.31667], "texture": "#0"},
				"up": {"uv": [8.83333, 0, 8.33333, 1.1338], "texture": "#0"},
				"down": {"uv": [8.83333, 0, 8.33333, 1.1338], "texture": "#0"}
			}
		},
		{
			"name": "hexadecagon",
			"from": [17.01, 28.6, 6.2993],
			"to": [18.49, 29.55, 9.7007],
			"rotation": {"angle": 22.5, "axis": "x", "origin": [19.05, 21, 8]},
			"faces": {
				"north": {"uv": [8.66667, 1.66667, 8.33333, 1.98333], "texture": "#0"},
				"east": {"uv": [9.46713, 1.66667, 8.33333, 1.98333], "texture": "#0"},
				"south": {"uv": [8.66667, 1.66667, 8.33333, 1.98333], "texture": "#0"},
				"west": {"uv": [9.46713, 1.66667, 8.33333, 1.98333], "texture": "#0"},
				"up": {"uv": [8.66667, 1.66667, 8.33333, 2.80047], "texture": "#0"},
				"down": {"uv": [8.66667, 1.66667, 8.33333, 2.80047], "texture": "#0"}
			}
		},
		{
			"from": [-1.75, 13.0375, 8],
			"to": [-1.75, 29.0375, 16],
			"rotation": {"angle": 0, "axis": "y", "origin": [16, 0, 0]},
			"faces": {
				"east": {"uv": [10.66667, 0, 16, 10.66667], "texture": "#0"},
				"west": {"uv": [16, 0, 10.66667, 10.66667], "texture": "#0"}
			}
		},
		{
			"from": [-1.75, 13.0375, 0],
			"to": [-1.75, 29.0375, 8],
			"rotation": {"angle": 0, "axis": "y", "origin": [16, 0, 0]},
			"faces": {
				"east": {"uv": [16, 0, 10.66667, 10.66667], "texture": "#0"},
				"west": {"uv": [10.66667, 0, 16, 10.66667], "texture": "#0"}
			}
		},
		{
			"from": [17.75, 13.0375, 0],
			"to": [17.75, 29.0375, 8],
			"faces": {
				"east": {"uv": [16, 0, 10.66667, 10.66667], "texture": "#0"},
				"west": {"uv": [10.66667, 0, 16, 10.66667], "texture": "#0"}
			}
		},
		{
			"from": [17.75, 13.0375, 8],
			"to": [17.75, 29.0375, 16],
			"faces": {
				"east": {"uv": [10.66667, 0, 16, 10.66667], "texture": "#0"},
				"west": {"uv": [16, 0, 10.66667, 10.66667], "texture": "#0"}
			}
		}
	],
	"display": {
		"thirdperson_righthand": {
			"rotation": [0, 90, 0],
			"translation": [0, 2, 1.5],
			"scale": [0.75, 0.75, 0.75]
		},
		"thirdperson_lefthand": {
			"rotation": [0, 90, 0],
			"translation": [0, 2, 1.5],
			"scale": [0.75, 0.75, 0.75]
		},
		"firstperson_righthand": {
			"rotation": [-15, 90, 0],
			"translation": [-0.25, 2, 2.5],
			"scale": [0.25, 0.25, 0.25]
		},
		"firstperson_lefthand": {
			"rotation": [-15, 90, 0],
			"translation": [-0.25, 2, 2.5],
			"scale": [0.25, 0.25, 0.25]
		},
		"ground": {
			"rotation": [90, 0, 0],
			"translation": [0, 4, 0],
			"scale": [0.75, 0.75, 0.75]
		},
		"gui": {
			"rotation": [0, -25, -40],
			"translation": [-1.75, -2.15, 0],
			"scale": [0.4, 0.4, 0.4]
		},
		"head": {
			"rotation": [-80, 90, 0],
			"translation": [0, 13.25, 16.25],
			"scale": [1.1, 1.1, 1.1]
		}
	},
	"groups": [
		0,
		1,
		{
			"name": "hammer_head",
			"origin": [8, 8, 8],
			"color": 0,
			"nbt": "{}",
			"children": [
				{
					"name": "hexadecagon",
					"origin": [8, 8, 8],
					"color": 0,
					"nbt": "{}",
					"children": [2, 3, 4, 5, 6, 7, 8, 9, 10, 11, 12, 13, 14, 15, 16, 17]
				},
				{
					"name": "hexadecagon",
					"origin": [8, 8, 8],
					"color": 0,
					"nbt": "{}",
					"children": [18, 19, 20, 21, 22, 23, 24, 25, 26, 27, 28, 29, 30, 31, 32, 33]
				},
				{
					"name": "hexadecagon",
					"origin": [8, 8, 8],
					"color": 0,
					"nbt": "{}",
					"children": [34, 35, 36, 37, 38, 39, 40, 41, 42, 43, 44, 45, 46, 47, 48, 49]
				},
				{
					"name": "hexadecagon",
					"origin": [8, 8, 8],
					"color": 0,
					"nbt": "{}",
					"children": [50, 51, 52, 53, 54, 55, 56, 57, 58, 59, 60, 61, 62, 63, 64, 65]
				},
				{
					"name": "hexadecagon",
					"origin": [8, 8, 8],
					"color": 0,
					"nbt": "{}",
					"children": [66, 67, 68, 69, 70, 71, 72, 73, 74, 75, 76, 77, 78, 79, 80, 81]
				},
				{
					"name": "hexadecagon",
					"origin": [8, 8, 8],
					"color": 0,
					"nbt": "{}",
					"children": [82, 83, 84, 85, 86, 87, 88, 89, 90, 91, 92, 93, 94, 95, 96, 97]
				},
				{
					"name": "hexadecagon",
					"origin": [8, 8, 8],
					"color": 0,
					"nbt": "{}",
					"children": [98, 99, 100, 101, 102, 103, 104, 105, 106, 107, 108, 109, 110, 111, 112, 113]
				},
				114,
				115,
				116,
				117
			]
		}
	]
}
