{
	"parent": "item/handheld",
	"textures": {
		"layer0": "ssbrc:fighters/byleth/items/blue_lions/areadbhar/default"
	},
	"display": {
		"thirdperson_righthand": {
			"rotation": [0, 0, 45],
			"translation": [0, 14, 2],
			"scale": [2, 2, 1]
		},
		"thirdperson_lefthand": {
			"rotation": [0, 0, -45],
			"translation": [0, 14, 2],
			"scale": [2, 2, 1]
		},
		"firstperson_righthand": {
			"rotation": [-90, 0, 45],
			"translation": [3, 1.5, -9],
			"scale": [2, 2, 1]
		},
		"firstperson_lefthand": {
			"rotation": [-90, 0, -45],
			"translation": [3, 1.5, -9],
			"scale": [2, 2, 1]
		},
		"ground": {
			"translation": [0, 4.5, 0]
		}
	}
}
