{
	"credit": "Made with Blockbench",
	"texture_size": [64, 64],
	"textures": {
		"0": "ssbrc:common/super_mario_bros/item_box"
	},
	"elements": [
		{
			"from": [0, 5, 0],
			"to": [16, 5, 16],
			"rotation": {"angle": 0, "axis": "y", "origin": [8, 5, 8]},
			"faces": {
				"north": {"uv": [0, 0, 4, 4], "texture": "#0"},
				"east": {"uv": [0, 4, 4, 8], "texture": "#0"},
				"south": {"uv": [4, 0, 8, 4], "texture": "#0"},
				"west": {"uv": [4, 4, 8, 8], "texture": "#0"},
				"up": {"uv": [12, 4, 8, 0], "texture": "#0"},
				"down": {"uv": [12, 0, 8, 4], "texture": "#0"}
			}
		},
		{
			"from": [0, 21, 0],
			"to": [16, 21, 16],
			"rotation": {"angle": 0, "axis": "y", "origin": [8, 21, 8]},
			"faces": {
				"north": {"uv": [0, 0, 4, 4], "texture": "#0"},
				"east": {"uv": [0, 4, 4, 8], "texture": "#0"},
				"south": {"uv": [4, 0, 8, 4], "texture": "#0"},
				"west": {"uv": [4, 4, 8, 8], "texture": "#0"},
				"up": {"uv": [0, 12, 4, 8], "texture": "#0"},
				"down": {"uv": [0, 8, 4, 12], "texture": "#0"}
			}
		},
		{
			"from": [0, 5, 16],
			"to": [16, 21, 16],
			"rotation": {"angle": 0, "axis": "y", "origin": [8, 13, 16]},
			"faces": {
				"north": {"uv": [8, 0, 4, 4], "texture": "#0"},
				"east": {"uv": [0, 4, 4, 8], "texture": "#0"},
				"south": {"uv": [4, 0, 8, 4], "texture": "#0"},
				"west": {"uv": [4, 4, 8, 8], "texture": "#0"},
				"up": {"uv": [4, 12, 0, 8], "texture": "#0"},
				"down": {"uv": [12, 0, 8, 4], "texture": "#0"}
			}
		},
		{
			"from": [0, 5, 0],
			"to": [16, 21, 0],
			"rotation": {"angle": 0, "axis": "y", "origin": [8, 13, 0]},
			"faces": {
				"north": {"uv": [0, 0, 4, 4], "texture": "#0"},
				"east": {"uv": [0, 4, 4, 8], "texture": "#0"},
				"south": {"uv": [4, 0, 0, 4], "texture": "#0"},
				"west": {"uv": [4, 4, 8, 8], "texture": "#0"},
				"up": {"uv": [4, 12, 0, 8], "texture": "#0"},
				"down": {"uv": [12, 0, 8, 4], "texture": "#0"}
			}
		},
		{
			"from": [16, 5, 0],
			"to": [16, 21, 16],
			"rotation": {"angle": 0, "axis": "y", "origin": [16, 13, 8]},
			"faces": {
				"north": {"uv": [4, 0, 8, 4], "texture": "#0"},
				"east": {"uv": [0, 4, 4, 8], "texture": "#0"},
				"south": {"uv": [0, 0, 4, 4], "texture": "#0"},
				"west": {"uv": [4, 4, 0, 8], "texture": "#0"},
				"up": {"uv": [4, 12, 0, 8], "rotation": 180, "texture": "#0"},
				"down": {"uv": [12, 0, 8, 4], "rotation": 180, "texture": "#0"}
			}
		},
		{
			"from": [0, 5, 0],
			"to": [0, 21, 16],
			"rotation": {"angle": 0, "axis": "y", "origin": [0, 13, 8]},
			"faces": {
				"north": {"uv": [4, 0, 8, 4], "texture": "#0"},
				"east": {"uv": [8, 4, 4, 8], "texture": "#0"},
				"south": {"uv": [0, 0, 4, 4], "texture": "#0"},
				"west": {"uv": [4, 4, 8, 8], "texture": "#0"},
				"up": {"uv": [4, 12, 0, 8], "rotation": 180, "texture": "#0"},
				"down": {"uv": [12, 0, 8, 4], "rotation": 180, "texture": "#0"}
			}
		}
	],
	"display": {
		"thirdperson_righthand": {
			"rotation": [47.39, 34.24, 1.75],
			"translation": [0, 0.75, 0],
			"scale": [0.3, 0.3, 0.3]
		},
		"thirdperson_lefthand": {
			"rotation": [47.39, 34.24, 1.75],
			"translation": [0, 0.75, 0],
			"scale": [0.3, 0.3, 0.3]
		},
		"firstperson_righthand": {
			"rotation": [18.53, -10.97, -9.04],
			"translation": [0, 1, 0],
			"scale": [0.5, 0.5, 0.5]
		},
		"firstperson_lefthand": {
			"rotation": [18.53, -10.97, -9.04],
			"translation": [0, 1, 0],
			"scale": [0.5, 0.5, 0.5]
		},
		"ground": {
			"scale": [0.6, 0.6, 0.6]
		},
		"gui": {
			"rotation": [36, -43, 0],
			"translation": [0, -2.75, 0],
			"scale": [0.6, 0.6, 0.6]
		},
		"head": {
			"translation": [0, -11, 0],
			"scale": [1.5, 1.5, 1.5]
		},
		"fixed": {
			"translation": [0, -4.75, 0]
		}
	},
	"groups": [
		{
			"name": "bone3",
			"origin": [8, 5, 8],
			"color": 0,
			"children": [
				{
					"name": "bone",
					"origin": [8, 13, 8],
					"color": 0,
					"children": [0, 1, 2, 3, 4, 5]
				}
			]
		}
	]
}
