{
	"credit": "Made with Blockbench",
	"texture_size": [64, 64],
	"textures": {
		"0": "ssbrc:common/super_mario_bros/item_box"
	},
	"elements": [
		{
			"from": [0, 5, 8],
			"to": [16, 21, 8],
			"rotation": {"angle": 0, "axis": "y", "origin": [8, 5, 8]},
			"faces": {
				"north": {"uv": [4, 8, 8, 12], "texture": "#0"},
				"east": {"uv": [0, 0, 0, 4], "texture": "#0"},
				"south": {"uv": [8, 8, 4, 12], "texture": "#0"},
				"west": {"uv": [0, 0, 0, 4], "texture": "#0"},
				"up": {"uv": [4, 0, 0, 0], "texture": "#0"},
				"down": {"uv": [4, 0, 0, 0], "texture": "#0"}
			}
		}
	],
	"display": {
		"thirdperson_righthand": {
			"rotation": [47.39, -1, 1.75],
			"translation": [0, 0.25, 0],
			"scale": [0.7, 0.7, 0.7]
		},
		"thirdperson_lefthand": {
			"rotation": [47.39, -1, 1.75],
			"translation": [0, 0.25, 0],
			"scale": [0.7, 0.7, 0.7]
		},
		"firstperson_righthand": {
			"rotation": [-11, -43, 1],
			"translation": [3.5, 0.25, 0],
			"scale": [0.58, 0.59, 0.5]
		},
		"firstperson_lefthand": {
			"rotation": [-11, -43, 1],
			"translation": [3.5, 0.25, 0],
			"scale": [0.58, 0.59, 0.5]
		},
		"ground": {
			"scale": [0.6, 0.6, 0.6]
		},
		"gui": {
			"translation": [0, -5, 0]
		},
		"head": {
			"translation": [0, -11, 0],
			"scale": [1.5, 1.5, 1.5]
		},
		"fixed": {
			"translation": [0, -4.75, 0]
		}
	},
	"groups": [
		{
			"name": "bone3",
			"origin": [8, 5, 8],
			"color": 0,
			"children": [
				{
					"name": "bone2",
					"origin": [8, 13, 8],
					"color": 0,
					"children": [0]
				}
			]
		}
	]
}
