{
	"parent": "item/handheld",
	"textures": {
		"layer0": "ssbrc:fighters/ganondorf/items/sword/default"
	},
	"display": {
		"thirdperson_righthand": {
			"rotation": [-42, -90, 0],
			"translation": [0, 7.5, 2.5],
			"scale": [1.25, 1.25, 1]
		},
		"thirdperson_lefthand": {
			"rotation": [-42, 90, 0],
			"translation": [0, 7.5, 2.5],
			"scale": [1.25, 1.25, 1]
		},
		"firstperson_righthand": {
			"rotation": [-30, -90, 0],
			"translation": [1, 3, 1]
		},
		"firstperson_lefthand": {
			"rotation": [-30, 90, 0],
			"translation": [1, 3, 1]
		}
	}
}
