{
	"parent": "item/handheld",
	"textures": {
		"layer0": "ssbrc:fighters/ganondorf/items/sword/ocarina_of_time"
	},
	"display": {
		"thirdperson_righthand": {
			"rotation": [-40, -90, 0],
			"translation": [0, 10.75, 2.5],
			"scale": [1.3, 1.3, 1.3]
		},
		"thirdperson_lefthand": {
			"rotation": [51, -90, 0],
			"translation": [0, 10.75, 2.5],
			"scale": [1.3, 1.3, 1.3]
		},
		"firstperson_righthand": {
			"rotation": [0, -90, 25],
			"translation": [1.13, 3.2, 1.13]
		},
		"firstperson_lefthand": {
			"rotation": [0, 90, -25],
			"translation": [1.13, 3.2, 1.13]
		},
		"ground": {
			"translation": [0, 8.75, 0],
			"scale": [1.5, 1.5, 1.5]
		}
	}
}
