{
	"parent": "item/handheld",
	"textures": {
		"layer0": "ssbrc:fighters/ganondorf/items/sword/wind_waker"
	},
	"display": {
		"thirdperson_righthand": {
			"rotation": [45, 90, 0],
			"translation": [0, 7, 2],
			"scale": [1.3, 1.3, 1.3]
		},
		"thirdperson_lefthand": {
			"rotation": [45, -90, 0],
			"translation": [0, 7, 2],
			"scale": [1.3, 1.3, 1.3]
		},
		"firstperson_righthand": {
			"rotation": [45, 90, 0],
			"translation": [3.25, 3, 1]
		},
		"firstperson_lefthand": {
			"rotation": [45, -90, 0],
			"translation": [3.25, 3, 1]
		}
	}
}
