{
	"parent": "item/handheld",
	"textures": {
		"layer0": "ssbrc:fighters/link/items/master_sword/default/default"
	},
	"display": {
		"thirdperson_righthand": {
			"rotation": [-45, -90, 0],
			"translation": [0, 6, 2]
		},
		"thirdperson_lefthand": {
			"rotation": [-45, 90, 0],
			"translation": [0, 6, 2]
		},
		"firstperson_righthand": {
			"rotation": [0, -90, 25],
			"translation": [1, 3, 1],
			"scale": [0.75, 0.75, 0.75]
		},
		"firstperson_lefthand": {
			"rotation": [0, 90, -25],
			"translation": [1, 3, 1],
			"scale": [0.75, 0.75, 0.75]
		},
		"head": {
			"rotation": [0, 0, -135],
			"translation": [0, -36, 0]
		}
	}
}
