{
	"texture_size": [64, 64],
	"textures": {
		"0": "ssbrc:fighters/bowser/skins/bowsette/skin",
		"1": "ssbrc:fighters/bowser/skins/bowsette/crown"
	},
	"elements": [
		{
			"name": "Head",
			"from": [4, 0.5, 4],
			"to": [12, 8.5, 12],
			"rotation": {"angle": 0, "axis": "y", "origin": [8, 4.5, 8]},
			"faces": {
				"north": {"uv": [2, 2, 4, 4], "texture": "#0"},
				"east": {"uv": [0, 2, 2, 4], "texture": "#0"},
				"south": {"uv": [6, 2, 8, 4], "texture": "#0"},
				"west": {"uv": [4, 2, 6, 4], "texture": "#0"},
				"up": {"uv": [4, 2, 2, 0], "texture": "#0"},
				"down": {"uv": [6, 0, 4, 2], "texture": "#0"}
			}
		},
		{
			"name": "Hat Layer",
			"from": [3.5, 0, 3.5],
			"to": [12.5, 9, 12.5],
			"rotation": {"angle": 0, "axis": "y", "origin": [8, 4.5, 8]},
			"faces": {
				"north": {"uv": [10, 2, 12, 4], "texture": "#0"},
				"east": {"uv": [8, 2, 10, 4], "texture": "#0"},
				"south": {"uv": [14, 2, 16, 4], "texture": "#0"},
				"west": {"uv": [12, 2, 14, 4], "texture": "#0"},
				"up": {"uv": [12, 2, 10, 0], "texture": "#0"},
				"down": {"uv": [14, 0, 12, 2], "texture": "#0"}
			}
		},
		{
			"from": [6.94264, 8.55144, 5.51645],
			"to": [8.91736, 9.58981, 5.84557],
			"rotation": {"angle": 45, "axis": "y", "origin": [7.93, 10.49872, 7.93]},
			"faces": {
				"north": {"uv": [0, 0, 0.5, 0.5], "texture": "#1"},
				"east": {"uv": [0, 0, 0.5, 0.5], "texture": "#1"},
				"south": {"uv": [0, 0, 0.5, 0.5], "texture": "#1"},
				"west": {"uv": [0, 0, 0.5, 0.5], "texture": "#1"},
				"up": {"uv": [0, 0, 0.5, 0.5], "texture": "#1"},
				"down": {"uv": [0, 0, 0.5, 0.5], "texture": "#1"}
			}
		},
		{
			"from": [6.87295, 8.46893, 5.35792],
			"to": [8.98705, 9.13209, 5.71027],
			"rotation": {"angle": 45, "axis": "y", "origin": [7.93, 10.49872, 7.93]},
			"faces": {
				"north": {"uv": [0, 0, 0.5, 0.5], "texture": "#1"},
				"east": {"uv": [0, 0, 0.5, 0.5], "texture": "#1"},
				"south": {"uv": [0, 0, 0.5, 0.5], "texture": "#1"},
				"west": {"uv": [0, 0, 0.5, 0.5], "texture": "#1"},
				"up": {"uv": [0, 0, 0.5, 0.5], "texture": "#1"},
				"down": {"uv": [0, 0, 0.5, 0.5], "texture": "#1"}
			}
		},
		{
			"from": [6.85181, 8.63693, 5.30623],
			"to": [9.00819, 8.92209, 5.66563],
			"rotation": {"angle": 45, "axis": "y", "origin": [7.93, 10.49872, 7.93]},
			"faces": {
				"north": {"uv": [0, 0, 0.5, 0.5], "texture": "#1"},
				"east": {"uv": [0, 0, 0.5, 0.5], "texture": "#1"},
				"south": {"uv": [0, 0, 0.5, 0.5], "texture": "#1"},
				"west": {"uv": [0, 0, 0.5, 0.5], "texture": "#1"},
				"up": {"uv": [0, 0, 0.5, 0.5], "texture": "#1"},
				"down": {"uv": [0, 0, 0.5, 0.5], "texture": "#1"}
			}
		},
		{
			"from": [6.87625, 9.55832, 5.42875],
			"to": [8.98375, 9.81048, 5.64625],
			"rotation": {"angle": 45, "axis": "y", "origin": [7.93, 10.49872, 7.93]},
			"faces": {
				"north": {"uv": [0, 0, 0.5, 0.5], "texture": "#1"},
				"east": {"uv": [0, 0, 0.5, 0.5], "texture": "#1"},
				"south": {"uv": [0, 0, 0.5, 0.5], "texture": "#1"},
				"west": {"uv": [0, 0, 0.5, 0.5], "texture": "#1"},
				"up": {"uv": [0, 0, 0.5, 0.5], "texture": "#1"},
				"down": {"uv": [0, 0, 0.5, 0.5], "texture": "#1"}
			}
		},
		{
			"from": [6.95125, 9.70832, 5.42875],
			"to": [7.40875, 10.07298, 5.64625],
			"rotation": {"angle": 45, "axis": "y", "origin": [7.93, 10.49872, 7.93]},
			"faces": {
				"north": {"uv": [0, 0, 0.5, 0.5], "texture": "#1"},
				"east": {"uv": [0, 0, 0.5, 0.5], "texture": "#1"},
				"south": {"uv": [0, 0, 0.5, 0.5], "texture": "#1"},
				"west": {"uv": [0, 0, 0.5, 0.5], "texture": "#1"},
				"up": {"uv": [0, 0, 0.5, 0.5], "texture": "#1"},
				"down": {"uv": [0, 0, 0.5, 0.5], "texture": "#1"}
			}
		},
		{
			"from": [8.45125, 9.70832, 5.42875],
			"to": [8.90875, 10.07298, 5.64625],
			"rotation": {"angle": 45, "axis": "y", "origin": [7.93, 10.49872, 7.93]},
			"faces": {
				"north": {"uv": [0, 0, 0.5, 0.5], "texture": "#1"},
				"east": {"uv": [0, 0, 0.5, 0.5], "texture": "#1"},
				"south": {"uv": [0, 0, 0.5, 0.5], "texture": "#1"},
				"west": {"uv": [0, 0, 0.5, 0.5], "texture": "#1"},
				"up": {"uv": [0, 0, 0.5, 0.5], "texture": "#1"},
				"down": {"uv": [0, 0, 0.5, 0.5], "texture": "#1"}
			}
		},
		{
			"from": [10.21375, 9.70832, 8.45125],
			"to": [10.43125, 10.07298, 8.90875],
			"rotation": {"angle": 45, "axis": "y", "origin": [7.93, 10.49872, 7.93]},
			"faces": {
				"north": {"uv": [0, 0, 0.5, 0.5], "texture": "#1"},
				"east": {"uv": [0, 0, 0.5, 0.5], "texture": "#1"},
				"south": {"uv": [0, 0, 0.5, 0.5], "texture": "#1"},
				"west": {"uv": [0, 0, 0.5, 0.5], "texture": "#1"},
				"up": {"uv": [0, 0, 0.5, 0.5], "rotation": 90, "texture": "#1"},
				"down": {"uv": [0, 0, 0.5, 0.5], "rotation": 270, "texture": "#1"}
			}
		},
		{
			"from": [10.21375, 9.70832, 6.95125],
			"to": [10.43125, 10.07298, 7.40875],
			"rotation": {"angle": 45, "axis": "y", "origin": [7.93, 10.49872, 7.93]},
			"faces": {
				"north": {"uv": [0, 0, 0.5, 0.5], "texture": "#1"},
				"east": {"uv": [0, 0, 0.5, 0.5], "texture": "#1"},
				"south": {"uv": [0, 0, 0.5, 0.5], "texture": "#1"},
				"west": {"uv": [0, 0, 0.5, 0.5], "texture": "#1"},
				"up": {"uv": [0, 0, 0.5, 0.5], "rotation": 90, "texture": "#1"},
				"down": {"uv": [0, 0, 0.5, 0.5], "rotation": 270, "texture": "#1"}
			}
		},
		{
			"from": [6.95125, 9.70832, 10.21375],
			"to": [7.40875, 10.07298, 10.43125],
			"rotation": {"angle": 45, "axis": "y", "origin": [7.93, 10.49872, 7.93]},
			"faces": {
				"north": {"uv": [0, 0, 0.5, 0.5], "texture": "#1"},
				"east": {"uv": [0, 0, 0.5, 0.5], "texture": "#1"},
				"south": {"uv": [0, 0, 0.5, 0.5], "texture": "#1"},
				"west": {"uv": [0, 0, 0.5, 0.5], "texture": "#1"},
				"up": {"uv": [0, 0, 0.5, 0.5], "rotation": 180, "texture": "#1"},
				"down": {"uv": [0, 0, 0.5, 0.5], "rotation": 180, "texture": "#1"}
			}
		},
		{
			"from": [8.45125, 9.70832, 10.21375],
			"to": [8.90875, 10.07298, 10.43125],
			"rotation": {"angle": 45, "axis": "y", "origin": [7.93, 10.49872, 7.93]},
			"faces": {
				"north": {"uv": [0, 0, 0.5, 0.5], "texture": "#1"},
				"east": {"uv": [0, 0, 0.5, 0.5], "texture": "#1"},
				"south": {"uv": [0, 0, 0.5, 0.5], "texture": "#1"},
				"west": {"uv": [0, 0, 0.5, 0.5], "texture": "#1"},
				"up": {"uv": [0, 0, 0.5, 0.5], "rotation": 180, "texture": "#1"},
				"down": {"uv": [0, 0, 0.5, 0.5], "rotation": 180, "texture": "#1"}
			}
		},
		{
			"from": [5.42875, 9.70832, 6.95125],
			"to": [5.64625, 10.07298, 7.40875],
			"rotation": {"angle": 45, "axis": "y", "origin": [7.93, 10.49872, 7.93]},
			"faces": {
				"north": {"uv": [0, 0, 0.5, 0.5], "texture": "#1"},
				"east": {"uv": [0, 0, 0.5, 0.5], "texture": "#1"},
				"south": {"uv": [0, 0, 0.5, 0.5], "texture": "#1"},
				"west": {"uv": [0, 0, 0.5, 0.5], "texture": "#1"},
				"up": {"uv": [0, 0, 0.5, 0.5], "rotation": 270, "texture": "#1"},
				"down": {"uv": [0, 0, 0.5, 0.5], "rotation": 90, "texture": "#1"}
			}
		},
		{
			"from": [5.42875, 9.70832, 8.45125],
			"to": [5.64625, 10.07298, 8.90875],
			"rotation": {"angle": 45, "axis": "y", "origin": [7.93, 10.49872, 7.93]},
			"faces": {
				"north": {"uv": [0, 0, 0.5, 0.5], "texture": "#1"},
				"east": {"uv": [0, 0, 0.5, 0.5], "texture": "#1"},
				"south": {"uv": [0, 0, 0.5, 0.5], "texture": "#1"},
				"west": {"uv": [0, 0, 0.5, 0.5], "texture": "#1"},
				"up": {"uv": [0, 0, 0.5, 0.5], "rotation": 270, "texture": "#1"},
				"down": {"uv": [0, 0, 0.5, 0.5], "rotation": 90, "texture": "#1"}
			}
		},
		{
			"from": [5.51645, 8.55144, 6.94264],
			"to": [5.84557, 9.58981, 8.91736],
			"rotation": {"angle": 0, "axis": "y", "origin": [7.93, 10.49872, 7.93]},
			"faces": {
				"north": {"uv": [0, 0, 0.5, 0.5], "texture": "#1"},
				"east": {"uv": [0, 0, 0.5, 0.5], "texture": "#1"},
				"south": {"uv": [0, 0, 0.5, 0.5], "texture": "#1"},
				"west": {"uv": [0, 0, 0.5, 0.5], "texture": "#1"},
				"up": {"uv": [0, 0, 0.5, 0.5], "rotation": 270, "texture": "#1"},
				"down": {"uv": [0, 0, 0.5, 0.5], "rotation": 90, "texture": "#1"}
			}
		},
		{
			"from": [5.35446, 8.46893, 6.88131],
			"to": [5.70681, 9.13209, 8.9954],
			"rotation": {"angle": 0, "axis": "y", "origin": [7.93, 10.49872, 7.93]},
			"faces": {
				"north": {"uv": [0, 0, 0.5, 0.5], "texture": "#1"},
				"east": {"uv": [0, 0, 0.5, 0.5], "texture": "#1"},
				"south": {"uv": [0, 0, 0.5, 0.5], "texture": "#1"},
				"west": {"uv": [0, 0, 0.5, 0.5], "texture": "#1"},
				"up": {"uv": [0, 0, 0.5, 0.5], "rotation": 270, "texture": "#1"},
				"down": {"uv": [0, 0, 0.5, 0.5], "rotation": 90, "texture": "#1"}
			}
		},
		{
			"from": [5.30277, 8.63693, 6.86016],
			"to": [5.66217, 8.92209, 9.01654],
			"rotation": {"angle": 0, "axis": "y", "origin": [7.93, 10.49872, 7.93]},
			"faces": {
				"north": {"uv": [0, 0, 0.5, 0.5], "texture": "#1"},
				"east": {"uv": [0, 0, 0.5, 0.5], "texture": "#1"},
				"south": {"uv": [0, 0, 0.5, 0.5], "texture": "#1"},
				"west": {"uv": [0, 0, 0.5, 0.5], "texture": "#1"},
				"up": {"uv": [0, 0, 0.5, 0.5], "rotation": 270, "texture": "#1"},
				"down": {"uv": [0, 0, 0.5, 0.5], "rotation": 90, "texture": "#1"}
			}
		},
		{
			"from": [5.42875, 9.55832, 6.95125],
			"to": [5.64625, 10.22298, 8.90875],
			"rotation": {"angle": 0, "axis": "y", "origin": [7.93, 10.49872, 7.93]},
			"faces": {
				"north": {"uv": [0, 0, 0.5, 0.5], "texture": "#1"},
				"east": {"uv": [0, 0, 0.5, 0.5], "texture": "#1"},
				"south": {"uv": [0, 0, 0.5, 0.5], "texture": "#1"},
				"west": {"uv": [0, 0, 0.5, 0.5], "texture": "#1"},
				"up": {"uv": [0, 0, 0.5, 0.5], "rotation": 270, "texture": "#1"},
				"down": {"uv": [0, 0, 0.5, 0.5], "rotation": 90, "texture": "#1"}
			}
		},
		{
			"from": [5.245, 10.08125, 7.16875],
			"to": [5.5375, 10.66356, 8.69125],
			"rotation": {"angle": 0, "axis": "y", "origin": [7.93, 10.49872, 7.93]},
			"faces": {
				"north": {"uv": [0, 0, 0.5, 0.5], "texture": "#1"},
				"east": {"uv": [0, 0, 0.5, 0.5], "texture": "#1"},
				"south": {"uv": [0, 0, 0.5, 0.5], "texture": "#1"},
				"west": {"uv": [0, 0, 0.5, 0.5], "texture": "#1"},
				"up": {"uv": [0, 0, 0.5, 0.5], "rotation": 270, "texture": "#1"},
				"down": {"uv": [0, 0, 0.5, 0.5], "rotation": 90, "texture": "#1"}
			}
		},
		{
			"from": [5.13625, 10.51356, 7.495],
			"to": [5.42875, 10.92712, 8.365],
			"rotation": {"angle": 0, "axis": "y", "origin": [7.93, 10.49872, 7.93]},
			"faces": {
				"north": {"uv": [0, 0, 0.5, 0.5], "texture": "#1"},
				"east": {"uv": [0, 0, 0.5, 0.5], "texture": "#1"},
				"south": {"uv": [0, 0, 0.5, 0.5], "texture": "#1"},
				"west": {"uv": [0, 0, 0.5, 0.5], "texture": "#1"},
				"up": {"uv": [0, 0, 0.5, 0.5], "rotation": 270, "texture": "#1"},
				"down": {"uv": [0, 0, 0.5, 0.5], "rotation": 90, "texture": "#1"}
			}
		},
		{
			"from": [6.94264, 8.55144, 5.51645],
			"to": [8.91736, 9.58981, 5.84557],
			"rotation": {"angle": 0, "axis": "y", "origin": [7.93, 10.49872, 7.93]},
			"faces": {
				"north": {"uv": [0, 0, 0.5, 0.5], "texture": "#1"},
				"east": {"uv": [0, 0, 0.5, 0.5], "texture": "#1"},
				"south": {"uv": [0, 0, 0.5, 0.5], "texture": "#1"},
				"west": {"uv": [0, 0, 0.5, 0.5], "texture": "#1"},
				"up": {"uv": [0, 0, 0.5, 0.5], "texture": "#1"},
				"down": {"uv": [0, 0, 0.5, 0.5], "texture": "#1"}
			}
		},
		{
			"from": [6.88131, 8.46893, 5.35446],
			"to": [8.9954, 9.13209, 5.70681],
			"rotation": {"angle": 0, "axis": "y", "origin": [7.93, 10.49872, 7.93]},
			"faces": {
				"north": {"uv": [0, 0, 0.5, 0.5], "texture": "#1"},
				"east": {"uv": [0, 0, 0.5, 0.5], "texture": "#1"},
				"south": {"uv": [0, 0, 0.5, 0.5], "texture": "#1"},
				"west": {"uv": [0, 0, 0.5, 0.5], "texture": "#1"},
				"up": {"uv": [0, 0, 0.5, 0.5], "texture": "#1"},
				"down": {"uv": [0, 0, 0.5, 0.5], "texture": "#1"}
			}
		},
		{
			"from": [6.86016, 8.63693, 5.30277],
			"to": [9.01654, 8.92209, 5.66217],
			"rotation": {"angle": 0, "axis": "y", "origin": [7.93, 10.49872, 7.93]},
			"faces": {
				"north": {"uv": [0, 0, 0.5, 0.5], "texture": "#1"},
				"east": {"uv": [0, 0, 0.5, 0.5], "texture": "#1"},
				"south": {"uv": [0, 0, 0.5, 0.5], "texture": "#1"},
				"west": {"uv": [0, 0, 0.5, 0.5], "texture": "#1"},
				"up": {"uv": [0, 0, 0.5, 0.5], "texture": "#1"},
				"down": {"uv": [0, 0, 0.5, 0.5], "texture": "#1"}
			}
		},
		{
			"from": [6.95125, 9.55832, 5.42875],
			"to": [8.90875, 10.22298, 5.64625],
			"rotation": {"angle": 0, "axis": "y", "origin": [7.93, 10.49872, 7.93]},
			"faces": {
				"north": {"uv": [0, 0, 0.5, 0.5], "texture": "#1"},
				"east": {"uv": [0, 0, 0.5, 0.5], "texture": "#1"},
				"south": {"uv": [0, 0, 0.5, 0.5], "texture": "#1"},
				"west": {"uv": [0, 0, 0.5, 0.5], "texture": "#1"},
				"up": {"uv": [0, 0, 0.5, 0.5], "texture": "#1"},
				"down": {"uv": [0, 0, 0.5, 0.5], "texture": "#1"}
			}
		},
		{
			"from": [7.16875, 10.08125, 5.32],
			"to": [8.69125, 10.66356, 5.5375],
			"rotation": {"angle": 0, "axis": "y", "origin": [7.93, 10.49872, 7.93]},
			"faces": {
				"north": {"uv": [0, 0, 0.5, 0.5], "texture": "#1"},
				"east": {"uv": [0, 0, 0.5, 0.5], "texture": "#1"},
				"south": {"uv": [0, 0, 0.5, 0.5], "texture": "#1"},
				"west": {"uv": [0, 0, 0.5, 0.5], "texture": "#1"},
				"up": {"uv": [0, 0, 0.5, 0.5], "texture": "#1"},
				"down": {"uv": [0, 0, 0.5, 0.5], "texture": "#1"}
			}
		},
		{
			"from": [7.495, 10.51356, 5.21125],
			"to": [8.365, 10.92712, 5.42875],
			"rotation": {"angle": 0, "axis": "y", "origin": [7.93, 10.49872, 7.93]},
			"faces": {
				"north": {"uv": [0, 0, 0.5, 0.5], "texture": "#1"},
				"east": {"uv": [0, 0, 0.5, 0.5], "texture": "#1"},
				"south": {"uv": [0, 0, 0.5, 0.5], "texture": "#1"},
				"west": {"uv": [0, 0, 0.5, 0.5], "texture": "#1"},
				"up": {"uv": [0, 0, 0.5, 0.5], "texture": "#1"},
				"down": {"uv": [0, 0, 0.5, 0.5], "texture": "#1"}
			}
		},
		{
			"from": [7.53715, 11.97816, 7.56828],
			"to": [8.32285, 12.45771, 8.3176],
			"rotation": {"angle": 0, "axis": "y", "origin": [7.93, 10.49872, 7.93]},
			"faces": {
				"north": {"uv": [0, 0, 0.5, 0.5], "texture": "#1"},
				"east": {"uv": [0, 0, 0.5, 0.5], "texture": "#1"},
				"south": {"uv": [0, 0, 0.5, 0.5], "texture": "#1"},
				"west": {"uv": [0, 0, 0.5, 0.5], "texture": "#1"},
				"up": {"uv": [0, 0, 0.5, 0.5], "texture": "#1"},
				"down": {"uv": [0, 0, 0.5, 0.5], "texture": "#1"}
			}
		},
		{
			"from": [7.68265, 11.78676, 7.71378],
			"to": [8.17735, 12.6323, 8.1721],
			"rotation": {"angle": 0, "axis": "y", "origin": [7.93, 10.49872, 7.93]},
			"faces": {
				"north": {"uv": [0, 0, 0.5, 0.5], "texture": "#1"},
				"east": {"uv": [0, 0, 0.5, 0.5], "texture": "#1"},
				"south": {"uv": [0, 0, 0.5, 0.5], "texture": "#1"},
				"west": {"uv": [0, 0, 0.5, 0.5], "texture": "#1"},
				"up": {"uv": [0, 0, 0.5, 0.5], "texture": "#1"},
				"down": {"uv": [0, 0, 0.5, 0.5], "texture": "#1"}
			}
		},
		{
			"from": [7.42015, 10.92425, 7.45128],
			"to": [8.43985, 11.84481, 8.4346],
			"rotation": {"angle": 0, "axis": "y", "origin": [7.93, 10.49872, 7.93]},
			"faces": {
				"north": {"uv": [9.25, 9.25, 14.75, 14.75], "rotation": 270, "texture": "#1"},
				"east": {"uv": [9.25, 9.25, 14.75, 14.75], "rotation": 270, "texture": "#1"},
				"south": {"uv": [9.25, 9.25, 14.75, 14.75], "rotation": 270, "texture": "#1"},
				"west": {"uv": [9.25, 9.25, 14.75, 14.75], "rotation": 270, "texture": "#1"},
				"up": {"uv": [9.25, 9.25, 14.75, 14.75], "rotation": 270, "texture": "#1"},
				"down": {"uv": [9.25, 9.25, 14.75, 14.75], "rotation": 270, "texture": "#1"}
			}
		},
		{
			"from": [4.80426, 10.9677, 7.63307],
			"to": [5.37805, 11.43406, 8.22693],
			"rotation": {"angle": 0, "axis": "y", "origin": [7.93, 10.49872, 7.93]},
			"faces": {
				"north": {"uv": [0, 0, 0.5, 0.5], "texture": "#1"},
				"east": {"uv": [0, 0, 0.5, 0.5], "texture": "#1"},
				"south": {"uv": [0, 0, 0.5, 0.5], "texture": "#1"},
				"west": {"uv": [0, 0, 0.5, 0.5], "texture": "#1"},
				"up": {"uv": [0, 0, 0.5, 0.5], "rotation": 270, "texture": "#1"},
				"down": {"uv": [0, 0, 0.5, 0.5], "rotation": 90, "texture": "#1"}
			}
		},
		{
			"from": [4.88451, 10.9035, 7.71332],
			"to": [5.2978, 11.53036, 8.14668],
			"rotation": {"angle": 0, "axis": "y", "origin": [7.93, 10.49872, 7.93]},
			"faces": {
				"north": {"uv": [0, 0, 0.5, 0.5], "texture": "#1"},
				"east": {"uv": [0, 0, 0.5, 0.5], "texture": "#1"},
				"south": {"uv": [0, 0, 0.5, 0.5], "texture": "#1"},
				"west": {"uv": [0, 0, 0.5, 0.5], "texture": "#1"},
				"up": {"uv": [0, 0, 0.5, 0.5], "rotation": 270, "texture": "#1"},
				"down": {"uv": [0, 0, 0.5, 0.5], "rotation": 90, "texture": "#1"}
			}
		},
		{
			"from": [10.48195, 10.9677, 7.63307],
			"to": [11.05574, 11.43406, 8.22693],
			"rotation": {"angle": 0, "axis": "y", "origin": [7.93, 10.49872, 7.93]},
			"faces": {
				"north": {"uv": [0, 0, 0.5, 0.5], "texture": "#1"},
				"east": {"uv": [0, 0, 0.5, 0.5], "texture": "#1"},
				"south": {"uv": [0, 0, 0.5, 0.5], "texture": "#1"},
				"west": {"uv": [0, 0, 0.5, 0.5], "texture": "#1"},
				"up": {"uv": [0, 0, 0.5, 0.5], "rotation": 90, "texture": "#1"},
				"down": {"uv": [0, 0, 0.5, 0.5], "rotation": 270, "texture": "#1"}
			}
		},
		{
			"from": [10.5622, 10.9035, 7.71332],
			"to": [10.97549, 11.53036, 8.14668],
			"rotation": {"angle": 0, "axis": "y", "origin": [7.93, 10.49872, 7.93]},
			"faces": {
				"north": {"uv": [0, 0, 0.5, 0.5], "texture": "#1"},
				"east": {"uv": [0, 0, 0.5, 0.5], "texture": "#1"},
				"south": {"uv": [0, 0, 0.5, 0.5], "texture": "#1"},
				"west": {"uv": [0, 0, 0.5, 0.5], "texture": "#1"},
				"up": {"uv": [0, 0, 0.5, 0.5], "rotation": 90, "texture": "#1"},
				"down": {"uv": [0, 0, 0.5, 0.5], "rotation": 270, "texture": "#1"}
			}
		},
		{
			"from": [7.71332, 10.9035, 10.5622],
			"to": [8.14668, 11.53036, 10.97549],
			"rotation": {"angle": 0, "axis": "y", "origin": [7.93, 10.49872, 7.93]},
			"faces": {
				"north": {"uv": [0, 0, 0.5, 0.5], "texture": "#1"},
				"east": {"uv": [0, 0, 0.5, 0.5], "texture": "#1"},
				"south": {"uv": [0, 0, 0.5, 0.5], "texture": "#1"},
				"west": {"uv": [0, 0, 0.5, 0.5], "texture": "#1"},
				"up": {"uv": [0, 0, 0.5, 0.5], "rotation": 180, "texture": "#1"},
				"down": {"uv": [0, 0, 0.5, 0.5], "rotation": 180, "texture": "#1"}
			}
		},
		{
			"from": [7.63308, 10.9677, 10.48195],
			"to": [8.22693, 11.43406, 11.05574],
			"rotation": {"angle": 0, "axis": "y", "origin": [7.93, 10.49872, 7.93]},
			"faces": {
				"north": {"uv": [0, 0, 0.5, 0.5], "texture": "#1"},
				"east": {"uv": [0, 0, 0.5, 0.5], "texture": "#1"},
				"south": {"uv": [0, 0, 0.5, 0.5], "texture": "#1"},
				"west": {"uv": [0, 0, 0.5, 0.5], "texture": "#1"},
				"up": {"uv": [0, 0, 0.5, 0.5], "rotation": 180, "texture": "#1"},
				"down": {"uv": [0, 0, 0.5, 0.5], "rotation": 180, "texture": "#1"}
			}
		},
		{
			"from": [7.71332, 10.9035, 4.88451],
			"to": [8.14668, 11.53036, 5.2978],
			"rotation": {"angle": 0, "axis": "y", "origin": [7.93, 10.49872, 7.93]},
			"faces": {
				"north": {"uv": [0, 0, 0.5, 0.5], "texture": "#1"},
				"east": {"uv": [0, 0, 0.5, 0.5], "texture": "#1"},
				"south": {"uv": [0, 0, 0.5, 0.5], "texture": "#1"},
				"west": {"uv": [0, 0, 0.5, 0.5], "texture": "#1"},
				"up": {"uv": [0, 0, 0.5, 0.5], "texture": "#1"},
				"down": {"uv": [0, 0, 0.5, 0.5], "texture": "#1"}
			}
		},
		{
			"from": [7.63308, 10.9677, 4.80426],
			"to": [8.22693, 11.43406, 5.37805],
			"rotation": {"angle": 0, "axis": "y", "origin": [7.93, 10.49872, 7.93]},
			"faces": {
				"north": {"uv": [0, 0, 0.5, 0.5], "texture": "#1"},
				"east": {"uv": [0, 0, 0.5, 0.5], "texture": "#1"},
				"south": {"uv": [0, 0, 0.5, 0.5], "texture": "#1"},
				"west": {"uv": [0, 0, 0.5, 0.5], "texture": "#1"},
				"up": {"uv": [0, 0, 0.5, 0.5], "texture": "#1"},
				"down": {"uv": [0, 0, 0.5, 0.5], "texture": "#1"}
			}
		},
		{
			"from": [8.08375, 9.17929, 5.29],
			"to": [8.52625, 10.01195, 5.63875],
			"rotation": {"angle": 0, "axis": "y", "origin": [7.93, 10.49872, 7.93]},
			"faces": {
				"north": {"uv": [0, 9, 4, 14], "texture": "#1"},
				"east": {"uv": [0, 9, 2, 14], "texture": "#1"},
				"south": {"uv": [0, 9, 2, 14], "texture": "#1"},
				"west": {"uv": [0, 9, 2, 14], "texture": "#1"},
				"up": {"uv": [0, 9, 2, 14], "texture": "#1"},
				"down": {"uv": [0, 9, 2, 14], "texture": "#1"}
			}
		},
		{
			"from": [7.33375, 9.17929, 5.29],
			"to": [7.77625, 10.01195, 5.63875],
			"rotation": {"angle": 0, "axis": "y", "origin": [7.93, 10.49872, 7.93]},
			"faces": {
				"north": {"uv": [0, 9, 4, 14], "texture": "#1"},
				"east": {"uv": [0, 9, 2, 14], "texture": "#1"},
				"south": {"uv": [0, 9, 2, 14], "texture": "#1"},
				"west": {"uv": [0, 9, 2, 14], "texture": "#1"},
				"up": {"uv": [0, 9, 2, 14], "texture": "#1"},
				"down": {"uv": [0, 9, 2, 14], "texture": "#1"}
			}
		},
		{
			"from": [5.51645, 8.55144, 6.94264],
			"to": [5.84557, 9.58981, 8.91736],
			"rotation": {"angle": 45, "axis": "y", "origin": [7.93, 10.49872, 7.93]},
			"faces": {
				"north": {"uv": [0, 0, 0.5, 0.5], "texture": "#1"},
				"east": {"uv": [0, 0, 0.5, 0.5], "texture": "#1"},
				"south": {"uv": [0, 0, 0.5, 0.5], "texture": "#1"},
				"west": {"uv": [0, 0, 0.5, 0.5], "texture": "#1"},
				"up": {"uv": [0, 0, 0.5, 0.5], "rotation": 270, "texture": "#1"},
				"down": {"uv": [0, 0, 0.5, 0.5], "rotation": 90, "texture": "#1"}
			}
		},
		{
			"from": [5.3461, 8.46893, 6.88477],
			"to": [5.69845, 9.13209, 8.99887],
			"rotation": {"angle": 45, "axis": "y", "origin": [7.93, 10.49872, 7.93]},
			"faces": {
				"north": {"uv": [0, 0, 0.5, 0.5], "texture": "#1"},
				"east": {"uv": [0, 0, 0.5, 0.5], "texture": "#1"},
				"south": {"uv": [0, 0, 0.5, 0.5], "texture": "#1"},
				"west": {"uv": [0, 0, 0.5, 0.5], "texture": "#1"},
				"up": {"uv": [0, 0, 0.5, 0.5], "rotation": 270, "texture": "#1"},
				"down": {"uv": [0, 0, 0.5, 0.5], "rotation": 90, "texture": "#1"}
			}
		},
		{
			"from": [5.29443, 8.63693, 6.86362],
			"to": [5.65382, 8.92209, 9.02001],
			"rotation": {"angle": 45, "axis": "y", "origin": [7.93, 10.49872, 7.93]},
			"faces": {
				"north": {"uv": [0, 0, 0.5, 0.5], "texture": "#1"},
				"east": {"uv": [0, 0, 0.5, 0.5], "texture": "#1"},
				"south": {"uv": [0, 0, 0.5, 0.5], "texture": "#1"},
				"west": {"uv": [0, 0, 0.5, 0.5], "texture": "#1"},
				"up": {"uv": [0, 0, 0.5, 0.5], "rotation": 270, "texture": "#1"},
				"down": {"uv": [0, 0, 0.5, 0.5], "rotation": 90, "texture": "#1"}
			}
		},
		{
			"from": [5.42875, 9.55832, 6.87625],
			"to": [5.64625, 9.81048, 8.98375],
			"rotation": {"angle": 45, "axis": "y", "origin": [7.93, 10.49872, 7.93]},
			"faces": {
				"north": {"uv": [0, 0, 0.5, 0.5], "texture": "#1"},
				"east": {"uv": [0, 0, 0.5, 0.5], "texture": "#1"},
				"south": {"uv": [0, 0, 0.5, 0.5], "texture": "#1"},
				"west": {"uv": [0, 0, 0.5, 0.5], "texture": "#1"},
				"up": {"uv": [0, 0, 0.5, 0.5], "rotation": 270, "texture": "#1"},
				"down": {"uv": [0, 0, 0.5, 0.5], "rotation": 90, "texture": "#1"}
			}
		},
		{
			"from": [6.94264, 8.55144, 10.01443],
			"to": [8.91736, 9.58981, 10.34355],
			"rotation": {"angle": 45, "axis": "y", "origin": [7.93, 10.49872, 7.93]},
			"faces": {
				"north": {"uv": [0, 0, 0.5, 0.5], "texture": "#1"},
				"east": {"uv": [0, 0, 0.5, 0.5], "texture": "#1"},
				"south": {"uv": [0, 0, 0.5, 0.5], "texture": "#1"},
				"west": {"uv": [0, 0, 0.5, 0.5], "texture": "#1"},
				"up": {"uv": [0, 0, 0.5, 0.5], "rotation": 180, "texture": "#1"},
				"down": {"uv": [0, 0, 0.5, 0.5], "rotation": 180, "texture": "#1"}
			}
		},
		{
			"from": [6.87295, 8.46893, 10.17337],
			"to": [8.98705, 9.13209, 10.52572],
			"rotation": {"angle": 45, "axis": "y", "origin": [7.93, 10.49872, 7.93]},
			"faces": {
				"north": {"uv": [0, 0, 0.5, 0.5], "texture": "#1"},
				"east": {"uv": [0, 0, 0.5, 0.5], "texture": "#1"},
				"south": {"uv": [0, 0, 0.5, 0.5], "texture": "#1"},
				"west": {"uv": [0, 0, 0.5, 0.5], "texture": "#1"},
				"up": {"uv": [0, 0, 0.5, 0.5], "rotation": 180, "texture": "#1"},
				"down": {"uv": [0, 0, 0.5, 0.5], "rotation": 180, "texture": "#1"}
			}
		},
		{
			"from": [6.85181, 8.63693, 10.218],
			"to": [9.00819, 8.92209, 10.57739],
			"rotation": {"angle": 45, "axis": "y", "origin": [7.93, 10.49872, 7.93]},
			"faces": {
				"north": {"uv": [0, 0, 0.5, 0.5], "texture": "#1"},
				"east": {"uv": [0, 0, 0.5, 0.5], "texture": "#1"},
				"south": {"uv": [0, 0, 0.5, 0.5], "texture": "#1"},
				"west": {"uv": [0, 0, 0.5, 0.5], "texture": "#1"},
				"up": {"uv": [0, 0, 0.5, 0.5], "rotation": 180, "texture": "#1"},
				"down": {"uv": [0, 0, 0.5, 0.5], "rotation": 180, "texture": "#1"}
			}
		},
		{
			"from": [6.95125, 9.55832, 10.21375],
			"to": [8.90875, 9.81048, 10.43125],
			"rotation": {"angle": 45, "axis": "y", "origin": [7.93, 10.49872, 7.93]},
			"faces": {
				"north": {"uv": [0, 0, 0.5, 0.5], "texture": "#1"},
				"east": {"uv": [0, 0, 0.5, 0.5], "texture": "#1"},
				"south": {"uv": [0, 0, 0.5, 0.5], "texture": "#1"},
				"west": {"uv": [0, 0, 0.5, 0.5], "texture": "#1"},
				"up": {"uv": [0, 0, 0.5, 0.5], "rotation": 180, "texture": "#1"},
				"down": {"uv": [0, 0, 0.5, 0.5], "rotation": 180, "texture": "#1"}
			}
		},
		{
			"from": [10.01443, 8.55144, 6.94264],
			"to": [10.34355, 9.58981, 8.91736],
			"rotation": {"angle": 45, "axis": "y", "origin": [7.93, 10.49872, 7.93]},
			"faces": {
				"north": {"uv": [0, 0, 0.5, 0.5], "texture": "#1"},
				"east": {"uv": [0, 0, 0.5, 0.5], "texture": "#1"},
				"south": {"uv": [0, 0, 0.5, 0.5], "texture": "#1"},
				"west": {"uv": [0, 0, 0.5, 0.5], "texture": "#1"},
				"up": {"uv": [0, 0, 0.5, 0.5], "rotation": 90, "texture": "#1"},
				"down": {"uv": [0, 0, 0.5, 0.5], "rotation": 270, "texture": "#1"}
			}
		},
		{
			"from": [10.16155, 8.46893, 6.88477],
			"to": [10.5139, 9.13209, 8.99887],
			"rotation": {"angle": 45, "axis": "y", "origin": [7.93, 10.49872, 7.93]},
			"faces": {
				"north": {"uv": [0, 0, 0.5, 0.5], "texture": "#1"},
				"east": {"uv": [0, 0, 0.5, 0.5], "texture": "#1"},
				"south": {"uv": [0, 0, 0.5, 0.5], "texture": "#1"},
				"west": {"uv": [0, 0, 0.5, 0.5], "texture": "#1"},
				"up": {"uv": [0, 0, 0.5, 0.5], "rotation": 90, "texture": "#1"},
				"down": {"uv": [0, 0, 0.5, 0.5], "rotation": 270, "texture": "#1"}
			}
		},
		{
			"from": [10.20618, 8.63693, 6.86362],
			"to": [10.56558, 8.92209, 9.02001],
			"rotation": {"angle": 45, "axis": "y", "origin": [7.93, 10.49872, 7.93]},
			"faces": {
				"north": {"uv": [0, 0, 0.5, 0.5], "texture": "#1"},
				"east": {"uv": [0, 0, 0.5, 0.5], "texture": "#1"},
				"south": {"uv": [0, 0, 0.5, 0.5], "texture": "#1"},
				"west": {"uv": [0, 0, 0.5, 0.5], "texture": "#1"},
				"up": {"uv": [0, 0, 0.5, 0.5], "rotation": 90, "texture": "#1"},
				"down": {"uv": [0, 0, 0.5, 0.5], "rotation": 270, "texture": "#1"}
			}
		},
		{
			"from": [10.21375, 9.55832, 6.95125],
			"to": [10.43125, 9.81048, 8.90875],
			"rotation": {"angle": 45, "axis": "y", "origin": [7.93, 10.49872, 7.93]},
			"faces": {
				"north": {"uv": [0, 0, 0.5, 0.5], "texture": "#1"},
				"east": {"uv": [0, 0, 0.5, 0.5], "texture": "#1"},
				"south": {"uv": [0, 0, 0.5, 0.5], "texture": "#1"},
				"west": {"uv": [0, 0, 0.5, 0.5], "texture": "#1"},
				"up": {"uv": [0, 0, 0.5, 0.5], "rotation": 90, "texture": "#1"},
				"down": {"uv": [0, 0, 0.5, 0.5], "rotation": 270, "texture": "#1"}
			}
		},
		{
			"from": [6.94264, 8.55144, 10.01443],
			"to": [8.91736, 9.58981, 10.34355],
			"rotation": {"angle": 0, "axis": "y", "origin": [7.93, 10.49872, 7.93]},
			"faces": {
				"north": {"uv": [0, 0, 0.5, 0.5], "texture": "#1"},
				"east": {"uv": [0, 0, 0.5, 0.5], "texture": "#1"},
				"south": {"uv": [0, 0, 0.5, 0.5], "texture": "#1"},
				"west": {"uv": [0, 0, 0.5, 0.5], "texture": "#1"},
				"up": {"uv": [0, 0, 0.5, 0.5], "rotation": 180, "texture": "#1"},
				"down": {"uv": [0, 0, 0.5, 0.5], "rotation": 180, "texture": "#1"}
			}
		},
		{
			"from": [6.88131, 8.46893, 10.16991],
			"to": [8.9954, 9.13209, 10.52226],
			"rotation": {"angle": 0, "axis": "y", "origin": [7.93, 10.49872, 7.93]},
			"faces": {
				"north": {"uv": [0, 0, 0.5, 0.5], "texture": "#1"},
				"east": {"uv": [0, 0, 0.5, 0.5], "texture": "#1"},
				"south": {"uv": [0, 0, 0.5, 0.5], "texture": "#1"},
				"west": {"uv": [0, 0, 0.5, 0.5], "texture": "#1"},
				"up": {"uv": [0, 0, 0.5, 0.5], "rotation": 180, "texture": "#1"},
				"down": {"uv": [0, 0, 0.5, 0.5], "rotation": 180, "texture": "#1"}
			}
		},
		{
			"from": [6.86016, 8.63693, 10.21453],
			"to": [9.01654, 8.92209, 10.57393],
			"rotation": {"angle": 0, "axis": "y", "origin": [7.93, 10.49872, 7.93]},
			"faces": {
				"north": {"uv": [0, 0, 0.5, 0.5], "texture": "#1"},
				"east": {"uv": [0, 0, 0.5, 0.5], "texture": "#1"},
				"south": {"uv": [0, 0, 0.5, 0.5], "texture": "#1"},
				"west": {"uv": [0, 0, 0.5, 0.5], "texture": "#1"},
				"up": {"uv": [0, 0, 0.5, 0.5], "rotation": 180, "texture": "#1"},
				"down": {"uv": [0, 0, 0.5, 0.5], "rotation": 180, "texture": "#1"}
			}
		},
		{
			"from": [6.95125, 9.55832, 10.21375],
			"to": [8.90875, 10.22298, 10.43125],
			"rotation": {"angle": 0, "axis": "y", "origin": [7.93, 10.49872, 7.93]},
			"faces": {
				"north": {"uv": [0, 0, 0.5, 0.5], "texture": "#1"},
				"east": {"uv": [0, 0, 0.5, 0.5], "texture": "#1"},
				"south": {"uv": [0, 0, 0.5, 0.5], "texture": "#1"},
				"west": {"uv": [0, 0, 0.5, 0.5], "texture": "#1"},
				"up": {"uv": [0, 0, 0.5, 0.5], "rotation": 180, "texture": "#1"},
				"down": {"uv": [0, 0, 0.5, 0.5], "rotation": 180, "texture": "#1"}
			}
		},
		{
			"from": [10.01443, 8.55144, 6.94264],
			"to": [10.34355, 9.58981, 8.91736],
			"rotation": {"angle": 0, "axis": "y", "origin": [7.93, 10.49872, 7.93]},
			"faces": {
				"north": {"uv": [0, 0, 0.5, 0.5], "texture": "#1"},
				"east": {"uv": [0, 0, 0.5, 0.5], "texture": "#1"},
				"south": {"uv": [0, 0, 0.5, 0.5], "texture": "#1"},
				"west": {"uv": [0, 0, 0.5, 0.5], "texture": "#1"},
				"up": {"uv": [0, 0, 0.5, 0.5], "rotation": 90, "texture": "#1"},
				"down": {"uv": [0, 0, 0.5, 0.5], "rotation": 270, "texture": "#1"}
			}
		},
		{
			"from": [8.5789, 9.82091, 7.0996],
			"to": [10.0432, 11.11641, 8.7604],
			"rotation": {"angle": 45, "axis": "y", "origin": [7.93, 10.49872, 7.93]},
			"faces": {
				"north": {"uv": [9.25, 9.25, 14.75, 14.75], "texture": "#1"},
				"east": {"uv": [9.25, 9.25, 14.75, 14.75], "texture": "#1"},
				"south": {"uv": [9.25, 9.25, 14.75, 14.75], "texture": "#1"},
				"west": {"uv": [9.25, 9.25, 14.75, 14.75], "texture": "#1"},
				"up": {"uv": [9.25, 9.25, 14.75, 14.75], "texture": "#1"},
				"down": {"uv": [9.25, 9.25, 14.75, 14.75], "texture": "#1"}
			}
		},
		{
			"from": [8.5789, 9.82091, 7.0996],
			"to": [9.8557, 11.49141, 8.7604],
			"rotation": {"angle": 45, "axis": "y", "origin": [7.93, 10.49872, 7.93]},
			"faces": {
				"north": {"uv": [9.25, 9.25, 14.75, 14.75], "texture": "#1"},
				"east": {"uv": [9.25, 9.25, 14.75, 14.75], "texture": "#1"},
				"south": {"uv": [9.25, 9.25, 14.75, 14.75], "texture": "#1"},
				"west": {"uv": [9.25, 9.25, 14.75, 14.75], "texture": "#1"},
				"up": {"uv": [9.25, 9.25, 14.75, 14.75], "texture": "#1"},
				"down": {"uv": [9.25, 9.25, 14.75, 14.75], "texture": "#1"}
			}
		},
		{
			"from": [8.7664, 9.82091, 6.9871],
			"to": [10.2307, 10.55391, 8.8729],
			"rotation": {"angle": 45, "axis": "y", "origin": [7.93, 10.49872, 7.93]},
			"faces": {
				"north": {"uv": [9.25, 9.25, 14.75, 14.75], "texture": "#1"},
				"east": {"uv": [9.25, 9.25, 14.75, 14.75], "texture": "#1"},
				"south": {"uv": [9.25, 9.25, 14.75, 14.75], "texture": "#1"},
				"west": {"uv": [9.25, 9.25, 14.75, 14.75], "texture": "#1"},
				"up": {"uv": [9.25, 9.25, 14.75, 14.75], "texture": "#1"},
				"down": {"uv": [9.25, 9.25, 14.75, 14.75], "texture": "#1"}
			}
		},
		{
			"from": [6.9871, 9.82091, 5.6293],
			"to": [8.8729, 10.55391, 7.0936],
			"rotation": {"angle": 45, "axis": "y", "origin": [7.93, 10.49872, 7.93]},
			"faces": {
				"north": {"uv": [9.25, 9.25, 14.75, 14.75], "rotation": 270, "texture": "#1"},
				"east": {"uv": [9.25, 9.25, 14.75, 14.75], "rotation": 270, "texture": "#1"},
				"south": {"uv": [9.25, 9.25, 14.75, 14.75], "rotation": 270, "texture": "#1"},
				"west": {"uv": [9.25, 9.25, 14.75, 14.75], "rotation": 270, "texture": "#1"},
				"up": {"uv": [9.25, 9.25, 14.75, 14.75], "rotation": 270, "texture": "#1"},
				"down": {"uv": [9.25, 9.25, 14.75, 14.75], "rotation": 270, "texture": "#1"}
			}
		},
		{
			"from": [7.0996, 9.82091, 5.8168],
			"to": [8.7604, 11.11641, 7.2811],
			"rotation": {"angle": 45, "axis": "y", "origin": [7.93, 10.49872, 7.93]},
			"faces": {
				"north": {"uv": [9.25, 9.25, 14.75, 14.75], "rotation": 270, "texture": "#1"},
				"east": {"uv": [9.25, 9.25, 14.75, 14.75], "rotation": 270, "texture": "#1"},
				"south": {"uv": [9.25, 9.25, 14.75, 14.75], "rotation": 270, "texture": "#1"},
				"west": {"uv": [9.25, 9.25, 14.75, 14.75], "rotation": 270, "texture": "#1"},
				"up": {"uv": [9.25, 9.25, 14.75, 14.75], "rotation": 270, "texture": "#1"},
				"down": {"uv": [9.25, 9.25, 14.75, 14.75], "rotation": 270, "texture": "#1"}
			}
		},
		{
			"from": [7.0996, 9.82091, 6.0043],
			"to": [8.7604, 11.49141, 7.2811],
			"rotation": {"angle": 45, "axis": "y", "origin": [7.93, 10.49872, 7.93]},
			"faces": {
				"north": {"uv": [9.25, 9.25, 14.75, 14.75], "rotation": 270, "texture": "#1"},
				"east": {"uv": [9.25, 9.25, 14.75, 14.75], "rotation": 270, "texture": "#1"},
				"south": {"uv": [9.25, 9.25, 14.75, 14.75], "rotation": 270, "texture": "#1"},
				"west": {"uv": [9.25, 9.25, 14.75, 14.75], "rotation": 270, "texture": "#1"},
				"up": {"uv": [9.25, 9.25, 14.75, 14.75], "rotation": 270, "texture": "#1"},
				"down": {"uv": [9.25, 9.25, 14.75, 14.75], "rotation": 270, "texture": "#1"}
			}
		},
		{
			"from": [5.6293, 9.82091, 6.9871],
			"to": [7.0936, 10.55391, 8.8729],
			"rotation": {"angle": 45, "axis": "y", "origin": [7.93, 10.49872, 7.93]},
			"faces": {
				"north": {"uv": [9.25, 9.25, 14.75, 14.75], "rotation": 180, "texture": "#1"},
				"east": {"uv": [9.25, 9.25, 14.75, 14.75], "rotation": 180, "texture": "#1"},
				"south": {"uv": [9.25, 9.25, 14.75, 14.75], "rotation": 180, "texture": "#1"},
				"west": {"uv": [9.25, 9.25, 14.75, 14.75], "rotation": 180, "texture": "#1"},
				"up": {"uv": [9.25, 9.25, 14.75, 14.75], "rotation": 180, "texture": "#1"},
				"down": {"uv": [9.25, 9.25, 14.75, 14.75], "rotation": 180, "texture": "#1"}
			}
		},
		{
			"from": [5.8168, 9.82091, 7.0996],
			"to": [7.2811, 11.11641, 8.7604],
			"rotation": {"angle": 45, "axis": "y", "origin": [7.93, 10.49872, 7.93]},
			"faces": {
				"north": {"uv": [9.25, 9.25, 14.75, 14.75], "rotation": 180, "texture": "#1"},
				"east": {"uv": [9.25, 9.25, 14.75, 14.75], "rotation": 180, "texture": "#1"},
				"south": {"uv": [9.25, 9.25, 14.75, 14.75], "rotation": 180, "texture": "#1"},
				"west": {"uv": [9.25, 9.25, 14.75, 14.75], "rotation": 180, "texture": "#1"},
				"up": {"uv": [9.25, 9.25, 14.75, 14.75], "rotation": 180, "texture": "#1"},
				"down": {"uv": [9.25, 9.25, 14.75, 14.75], "rotation": 180, "texture": "#1"}
			}
		},
		{
			"from": [6.0043, 9.82091, 7.0996],
			"to": [7.2811, 11.41641, 8.7604],
			"rotation": {"angle": 45, "axis": "y", "origin": [7.93, 10.49872, 7.93]},
			"faces": {
				"north": {"uv": [9.25, 9.25, 14.75, 14.75], "rotation": 180, "texture": "#1"},
				"east": {"uv": [9.25, 9.25, 14.75, 14.75], "rotation": 180, "texture": "#1"},
				"south": {"uv": [9.25, 9.25, 14.75, 14.75], "rotation": 180, "texture": "#1"},
				"west": {"uv": [9.25, 9.25, 14.75, 14.75], "rotation": 180, "texture": "#1"},
				"up": {"uv": [9.25, 9.25, 14.75, 14.75], "rotation": 180, "texture": "#1"},
				"down": {"uv": [9.25, 9.25, 14.75, 14.75], "rotation": 180, "texture": "#1"}
			}
		},
		{
			"from": [8.7664, 9.82091, 6.9871],
			"to": [10.2307, 10.55391, 8.8729],
			"rotation": {"angle": -45, "axis": "y", "origin": [7.93, 10.49872, 7.93]},
			"faces": {
				"north": {"uv": [9.25, 9.25, 14.75, 14.75], "texture": "#1"},
				"east": {"uv": [9.25, 9.25, 14.75, 14.75], "texture": "#1"},
				"south": {"uv": [9.25, 9.25, 14.75, 14.75], "texture": "#1"},
				"west": {"uv": [9.25, 9.25, 14.75, 14.75], "texture": "#1"},
				"up": {"uv": [9.25, 9.25, 14.75, 14.75], "texture": "#1"},
				"down": {"uv": [9.25, 9.25, 14.75, 14.75], "texture": "#1"}
			}
		},
		{
			"from": [8.5789, 9.82091, 7.0996],
			"to": [10.0432, 11.11641, 8.7604],
			"rotation": {"angle": -45, "axis": "y", "origin": [7.93, 10.49872, 7.93]},
			"faces": {
				"north": {"uv": [9.25, 9.25, 14.75, 14.75], "texture": "#1"},
				"east": {"uv": [9.25, 9.25, 14.75, 14.75], "texture": "#1"},
				"south": {"uv": [9.25, 9.25, 14.75, 14.75], "texture": "#1"},
				"west": {"uv": [9.25, 9.25, 14.75, 14.75], "texture": "#1"},
				"up": {"uv": [9.25, 9.25, 14.75, 14.75], "texture": "#1"},
				"down": {"uv": [9.25, 9.25, 14.75, 14.75], "texture": "#1"}
			}
		},
		{
			"from": [8.5789, 9.82091, 7.0996],
			"to": [9.8557, 11.49141, 8.7604],
			"rotation": {"angle": -45, "axis": "y", "origin": [7.93, 10.49872, 7.93]},
			"faces": {
				"north": {"uv": [9.25, 9.25, 14.75, 14.75], "texture": "#1"},
				"east": {"uv": [9.25, 9.25, 14.75, 14.75], "texture": "#1"},
				"south": {"uv": [9.25, 9.25, 14.75, 14.75], "texture": "#1"},
				"west": {"uv": [9.25, 9.25, 14.75, 14.75], "texture": "#1"},
				"up": {"uv": [9.25, 9.25, 14.75, 14.75], "texture": "#1"},
				"down": {"uv": [9.25, 9.25, 14.75, 14.75], "texture": "#1"}
			}
		},
		{
			"from": [8.5789, 10.00841, 7.0996],
			"to": [9.5932, 11.75391, 8.7604],
			"rotation": {"angle": 45, "axis": "y", "origin": [7.93, 10.49872, 7.93]},
			"faces": {
				"north": {"uv": [9.25, 9.25, 14.75, 14.75], "texture": "#1"},
				"east": {"uv": [9.25, 9.25, 14.75, 14.75], "texture": "#1"},
				"south": {"uv": [9.25, 9.25, 14.75, 14.75], "texture": "#1"},
				"west": {"uv": [9.25, 9.25, 14.75, 14.75], "texture": "#1"},
				"up": {"uv": [9.25, 9.25, 14.75, 14.75], "texture": "#1"},
				"down": {"uv": [9.25, 9.25, 14.75, 14.75], "texture": "#1"}
			}
		},
		{
			"from": [7.0996, 10.00841, 6.2668],
			"to": [8.7604, 11.75391, 7.2811],
			"rotation": {"angle": 45, "axis": "y", "origin": [7.93, 10.49872, 7.93]},
			"faces": {
				"north": {"uv": [9.25, 9.25, 14.75, 14.75], "rotation": 270, "texture": "#1"},
				"east": {"uv": [9.25, 9.25, 14.75, 14.75], "rotation": 270, "texture": "#1"},
				"south": {"uv": [9.25, 9.25, 14.75, 14.75], "rotation": 270, "texture": "#1"},
				"west": {"uv": [9.25, 9.25, 14.75, 14.75], "rotation": 270, "texture": "#1"},
				"up": {"uv": [9.25, 9.25, 14.75, 14.75], "rotation": 270, "texture": "#1"},
				"down": {"uv": [9.25, 9.25, 14.75, 14.75], "rotation": 270, "texture": "#1"}
			}
		},
		{
			"from": [6.1918, 10.00841, 7.0996],
			"to": [7.2811, 11.75391, 8.7604],
			"rotation": {"angle": 45, "axis": "y", "origin": [7.93, 10.49872, 7.93]},
			"faces": {
				"north": {"uv": [9.25, 9.25, 14.75, 14.75], "rotation": 180, "texture": "#1"},
				"east": {"uv": [9.25, 9.25, 14.75, 14.75], "rotation": 180, "texture": "#1"},
				"south": {"uv": [9.25, 9.25, 14.75, 14.75], "rotation": 180, "texture": "#1"},
				"west": {"uv": [9.25, 9.25, 14.75, 14.75], "rotation": 180, "texture": "#1"},
				"up": {"uv": [9.25, 9.25, 14.75, 14.75], "rotation": 180, "texture": "#1"},
				"down": {"uv": [9.25, 9.25, 14.75, 14.75], "rotation": 180, "texture": "#1"}
			}
		},
		{
			"from": [8.5789, 10.00841, 7.0996],
			"to": [9.5932, 11.75391, 8.7604],
			"rotation": {"angle": -45, "axis": "y", "origin": [7.93, 10.49872, 7.93]},
			"faces": {
				"north": {"uv": [9.25, 9.25, 14.75, 14.75], "texture": "#1"},
				"east": {"uv": [9.25, 9.25, 14.75, 14.75], "texture": "#1"},
				"south": {"uv": [9.25, 9.25, 14.75, 14.75], "texture": "#1"},
				"west": {"uv": [9.25, 9.25, 14.75, 14.75], "texture": "#1"},
				"up": {"uv": [9.25, 9.25, 14.75, 14.75], "texture": "#1"},
				"down": {"uv": [9.25, 9.25, 14.75, 14.75], "texture": "#1"}
			}
		},
		{
			"from": [8.7664, 9.82091, 6.9871],
			"to": [9.9682, 11.64141, 8.8729],
			"rotation": {"angle": 0, "axis": "y", "origin": [7.93, 10.49872, 7.93]},
			"faces": {
				"north": {"uv": [9.25, 9.25, 14.75, 14.75], "texture": "#1"},
				"east": {"uv": [9.25, 9.25, 14.75, 14.75], "texture": "#1"},
				"south": {"uv": [9.25, 9.25, 14.75, 14.75], "texture": "#1"},
				"west": {"uv": [9.25, 9.25, 14.75, 14.75], "texture": "#1"},
				"up": {"uv": [9.25, 9.25, 14.75, 14.75], "texture": "#1"},
				"down": {"uv": [9.25, 9.25, 14.75, 14.75], "texture": "#1"}
			}
		},
		{
			"from": [8.6914, 9.82091, 6.8746],
			"to": [10.1182, 11.45391, 8.9854],
			"rotation": {"angle": 0, "axis": "y", "origin": [7.93, 10.49872, 7.93]},
			"faces": {
				"north": {"uv": [12, 2, 16, 6], "texture": "#1"},
				"east": {"uv": [12, 2, 16, 6], "texture": "#1"},
				"south": {"uv": [12, 2, 16, 6], "texture": "#1"},
				"west": {"uv": [12, 2, 16, 6], "texture": "#1"},
				"up": {"uv": [12, 2, 16, 6], "texture": "#1"},
				"down": {"uv": [12, 2, 16, 6], "texture": "#1"}
			}
		},
		{
			"from": [8.7664, 9.82091, 6.9871],
			"to": [10.2307, 10.55391, 8.8729],
			"rotation": {"angle": 0, "axis": "y", "origin": [7.93, 10.49872, 7.93]},
			"faces": {
				"north": {"uv": [9.25, 9.25, 14.75, 14.75], "texture": "#1"},
				"east": {"uv": [9.25, 9.25, 14.75, 14.75], "texture": "#1"},
				"south": {"uv": [9.25, 9.25, 14.75, 14.75], "texture": "#1"},
				"west": {"uv": [9.25, 9.25, 14.75, 14.75], "texture": "#1"},
				"up": {"uv": [9.25, 9.25, 14.75, 14.75], "texture": "#1"},
				"down": {"uv": [9.25, 9.25, 14.75, 14.75], "texture": "#1"}
			}
		},
		{
			"from": [6.9121, 9.82091, 5.8168],
			"to": [8.9479, 11.64141, 7.0936],
			"rotation": {"angle": 0, "axis": "y", "origin": [7.93, 10.49872, 7.93]},
			"faces": {
				"north": {"uv": [9.25, 9.25, 14.75, 14.75], "rotation": 270, "texture": "#1"},
				"east": {"uv": [9.25, 9.25, 14.75, 14.75], "rotation": 270, "texture": "#1"},
				"south": {"uv": [9.25, 9.25, 14.75, 14.75], "rotation": 270, "texture": "#1"},
				"west": {"uv": [9.25, 9.25, 14.75, 14.75], "rotation": 270, "texture": "#1"},
				"up": {"uv": [9.25, 9.25, 14.75, 14.75], "rotation": 270, "texture": "#1"},
				"down": {"uv": [9.25, 9.25, 14.75, 14.75], "rotation": 270, "texture": "#1"}
			}
		},
		{
			"from": [8.7664, 9.82091, 7.0996],
			"to": [9.7807, 11.90391, 8.7604],
			"rotation": {"angle": 0, "axis": "y", "origin": [7.93, 10.49872, 7.93]},
			"faces": {
				"north": {"uv": [9.25, 9.25, 14.75, 14.75], "texture": "#1"},
				"east": {"uv": [9.25, 9.25, 14.75, 14.75], "texture": "#1"},
				"south": {"uv": [9.25, 9.25, 14.75, 14.75], "texture": "#1"},
				"west": {"uv": [9.25, 9.25, 14.75, 14.75], "texture": "#1"},
				"up": {"uv": [9.25, 9.25, 14.75, 14.75], "texture": "#1"},
				"down": {"uv": [9.25, 9.25, 14.75, 14.75], "texture": "#1"}
			}
		},
		{
			"from": [5.8918, 9.82091, 6.9871],
			"to": [7.0936, 11.64141, 8.8729],
			"rotation": {"angle": 0, "axis": "y", "origin": [7.93, 10.49872, 7.93]},
			"faces": {
				"north": {"uv": [9.25, 9.25, 14.75, 14.75], "rotation": 180, "texture": "#1"},
				"east": {"uv": [9.25, 9.25, 14.75, 14.75], "rotation": 180, "texture": "#1"},
				"south": {"uv": [9.25, 9.25, 14.75, 14.75], "rotation": 180, "texture": "#1"},
				"west": {"uv": [9.25, 9.25, 14.75, 14.75], "rotation": 180, "texture": "#1"},
				"up": {"uv": [9.25, 9.25, 14.75, 14.75], "rotation": 180, "texture": "#1"},
				"down": {"uv": [9.25, 9.25, 14.75, 14.75], "rotation": 180, "texture": "#1"}
			}
		},
		{
			"from": [6.0793, 9.82091, 7.0996],
			"to": [7.0936, 11.90391, 8.7604],
			"rotation": {"angle": 0, "axis": "y", "origin": [7.93, 10.49872, 7.93]},
			"faces": {
				"north": {"uv": [9.25, 9.25, 14.75, 14.75], "rotation": 180, "texture": "#1"},
				"east": {"uv": [9.25, 9.25, 14.75, 14.75], "rotation": 180, "texture": "#1"},
				"south": {"uv": [9.25, 9.25, 14.75, 14.75], "rotation": 180, "texture": "#1"},
				"west": {"uv": [9.25, 9.25, 14.75, 14.75], "rotation": 180, "texture": "#1"},
				"up": {"uv": [9.25, 9.25, 14.75, 14.75], "rotation": 180, "texture": "#1"},
				"down": {"uv": [9.25, 9.25, 14.75, 14.75], "rotation": 180, "texture": "#1"}
			}
		},
		{
			"from": [5.7793, 9.82091, 6.8746],
			"to": [7.2061, 11.45391, 8.9854],
			"rotation": {"angle": 0, "axis": "y", "origin": [7.93, 10.49872, 7.93]},
			"faces": {
				"north": {"uv": [12, 2, 16, 6], "texture": "#1"},
				"east": {"uv": [12, 2, 16, 6], "texture": "#1"},
				"south": {"uv": [12, 2, 16, 6], "texture": "#1"},
				"west": {"uv": [12, 2, 16, 6], "texture": "#1"},
				"up": {"uv": [12, 2, 16, 6], "texture": "#1"},
				"down": {"uv": [12, 2, 16, 6], "texture": "#1"}
			}
		},
		{
			"from": [5.6293, 9.82091, 6.9871],
			"to": [7.0936, 10.55391, 8.8729],
			"rotation": {"angle": 0, "axis": "y", "origin": [7.93, 10.49872, 7.93]},
			"faces": {
				"north": {"uv": [9.25, 9.25, 14.75, 14.75], "rotation": 180, "texture": "#1"},
				"east": {"uv": [9.25, 9.25, 14.75, 14.75], "rotation": 180, "texture": "#1"},
				"south": {"uv": [9.25, 9.25, 14.75, 14.75], "rotation": 180, "texture": "#1"},
				"west": {"uv": [9.25, 9.25, 14.75, 14.75], "rotation": 180, "texture": "#1"},
				"up": {"uv": [9.25, 9.25, 14.75, 14.75], "rotation": 180, "texture": "#1"},
				"down": {"uv": [9.25, 9.25, 14.75, 14.75], "rotation": 180, "texture": "#1"}
			}
		},
		{
			"from": [6.9871, 9.82091, 8.7664],
			"to": [8.8729, 10.55391, 10.2307],
			"rotation": {"angle": 0, "axis": "y", "origin": [7.93, 10.49872, 7.93]},
			"faces": {
				"north": {"uv": [9.25, 9.25, 14.75, 14.75], "rotation": 90, "texture": "#1"},
				"east": {"uv": [9.25, 9.25, 14.75, 14.75], "rotation": 90, "texture": "#1"},
				"south": {"uv": [9.25, 9.25, 14.75, 14.75], "rotation": 90, "texture": "#1"},
				"west": {"uv": [9.25, 9.25, 14.75, 14.75], "rotation": 90, "texture": "#1"},
				"up": {"uv": [9.25, 9.25, 14.75, 14.75], "rotation": 90, "texture": "#1"},
				"down": {"uv": [9.25, 9.25, 14.75, 14.75], "rotation": 90, "texture": "#1"}
			}
		},
		{
			"from": [6.8746, 9.82091, 8.6539],
			"to": [8.9854, 11.45391, 10.1182],
			"rotation": {"angle": 0, "axis": "y", "origin": [7.93, 10.49872, 7.93]},
			"faces": {
				"north": {"uv": [12, 2, 16, 6], "texture": "#1"},
				"east": {"uv": [12, 2, 16, 6], "texture": "#1"},
				"south": {"uv": [12, 2, 16, 6], "texture": "#1"},
				"west": {"uv": [12, 2, 16, 6], "texture": "#1"},
				"up": {"uv": [12, 2, 16, 6], "texture": "#1"},
				"down": {"uv": [12, 2, 16, 6], "texture": "#1"}
			}
		},
		{
			"from": [6.9871, 9.82091, 8.7664],
			"to": [8.8729, 11.64141, 9.9682],
			"rotation": {"angle": 0, "axis": "y", "origin": [7.93, 10.49872, 7.93]},
			"faces": {
				"north": {"uv": [9.25, 9.25, 14.75, 14.75], "rotation": 90, "texture": "#1"},
				"east": {"uv": [9.25, 9.25, 14.75, 14.75], "rotation": 90, "texture": "#1"},
				"south": {"uv": [9.25, 9.25, 14.75, 14.75], "rotation": 90, "texture": "#1"},
				"west": {"uv": [9.25, 9.25, 14.75, 14.75], "rotation": 90, "texture": "#1"},
				"up": {"uv": [9.25, 9.25, 14.75, 14.75], "rotation": 90, "texture": "#1"},
				"down": {"uv": [9.25, 9.25, 14.75, 14.75], "rotation": 90, "texture": "#1"}
			}
		},
		{
			"from": [7.0996, 9.82091, 8.74765],
			"to": [8.7604, 11.90391, 9.7807],
			"rotation": {"angle": 0, "axis": "y", "origin": [7.93, 10.49872, 7.93]},
			"faces": {
				"north": {"uv": [9.25, 9.25, 14.75, 14.75], "rotation": 90, "texture": "#1"},
				"east": {"uv": [9.25, 9.25, 14.75, 14.75], "rotation": 90, "texture": "#1"},
				"south": {"uv": [9.25, 9.25, 14.75, 14.75], "rotation": 90, "texture": "#1"},
				"west": {"uv": [9.25, 9.25, 14.75, 14.75], "rotation": 90, "texture": "#1"},
				"up": {"uv": [9.25, 9.25, 14.75, 14.75], "rotation": 90, "texture": "#1"},
				"down": {"uv": [9.25, 9.25, 14.75, 14.75], "rotation": 90, "texture": "#1"}
			}
		},
		{
			"from": [7.0996, 9.98966, 7.0789],
			"to": [8.7604, 11.67891, 8.7682],
			"rotation": {"angle": 0, "axis": "y", "origin": [7.93, 10.49872, 7.93]},
			"faces": {
				"north": {"uv": [9.25, 9.25, 14.75, 14.75], "rotation": 90, "texture": "#1"},
				"east": {"uv": [9.25, 9.25, 14.75, 14.75], "rotation": 90, "texture": "#1"},
				"south": {"uv": [9.25, 9.25, 14.75, 14.75], "rotation": 90, "texture": "#1"},
				"west": {"uv": [9.25, 9.25, 14.75, 14.75], "rotation": 90, "texture": "#1"},
				"up": {"uv": [9.25, 9.25, 14.75, 14.75], "rotation": 90, "texture": "#1"},
				"down": {"uv": [9.25, 9.25, 14.75, 14.75], "rotation": 90, "texture": "#1"}
			}
		},
		{
			"from": [7.0996, 9.82091, 6.0793],
			"to": [8.7604, 11.90391, 7.11235],
			"rotation": {"angle": 0, "axis": "y", "origin": [7.93, 10.49872, 7.93]},
			"faces": {
				"north": {"uv": [9.25, 9.25, 14.75, 14.75], "rotation": 270, "texture": "#1"},
				"east": {"uv": [9.25, 9.25, 14.75, 14.75], "rotation": 270, "texture": "#1"},
				"south": {"uv": [9.25, 9.25, 14.75, 14.75], "rotation": 270, "texture": "#1"},
				"west": {"uv": [9.25, 9.25, 14.75, 14.75], "rotation": 270, "texture": "#1"},
				"up": {"uv": [9.25, 9.25, 14.75, 14.75], "rotation": 270, "texture": "#1"},
				"down": {"uv": [9.25, 9.25, 14.75, 14.75], "rotation": 270, "texture": "#1"}
			}
		},
		{
			"from": [6.9871, 9.82091, 5.6293],
			"to": [8.8729, 10.55391, 7.0936],
			"rotation": {"angle": 0, "axis": "y", "origin": [7.93, 10.49872, 7.93]},
			"faces": {
				"north": {"uv": [9.25, 9.25, 14.75, 14.75], "rotation": 270, "texture": "#1"},
				"east": {"uv": [9.25, 9.25, 14.75, 14.75], "rotation": 270, "texture": "#1"},
				"south": {"uv": [9.25, 9.25, 14.75, 14.75], "rotation": 270, "texture": "#1"},
				"west": {"uv": [9.25, 9.25, 14.75, 14.75], "rotation": 270, "texture": "#1"},
				"up": {"uv": [9.25, 9.25, 14.75, 14.75], "rotation": 270, "texture": "#1"},
				"down": {"uv": [9.25, 9.25, 14.75, 14.75], "rotation": 270, "texture": "#1"}
			}
		},
		{
			"from": [10.16991, 8.46893, 6.88131],
			"to": [10.52226, 9.13209, 8.9954],
			"rotation": {"angle": 0, "axis": "y", "origin": [7.93, 10.49872, 7.93]},
			"faces": {
				"north": {"uv": [0, 0, 0.5, 0.5], "texture": "#1"},
				"east": {"uv": [0, 0, 0.5, 0.5], "texture": "#1"},
				"south": {"uv": [0, 0, 0.5, 0.5], "texture": "#1"},
				"west": {"uv": [0, 0, 0.5, 0.5], "texture": "#1"},
				"up": {"uv": [0, 0, 0.5, 0.5], "rotation": 90, "texture": "#1"},
				"down": {"uv": [0, 0, 0.5, 0.5], "rotation": 270, "texture": "#1"}
			}
		},
		{
			"from": [10.21453, 8.63693, 6.86016],
			"to": [10.57393, 8.92209, 9.01654],
			"rotation": {"angle": 0, "axis": "y", "origin": [7.93, 10.49872, 7.93]},
			"faces": {
				"north": {"uv": [0, 0, 0.5, 0.5], "texture": "#1"},
				"east": {"uv": [0, 0, 0.5, 0.5], "texture": "#1"},
				"south": {"uv": [0, 0, 0.5, 0.5], "texture": "#1"},
				"west": {"uv": [0, 0, 0.5, 0.5], "texture": "#1"},
				"up": {"uv": [0, 0, 0.5, 0.5], "rotation": 90, "texture": "#1"},
				"down": {"uv": [0, 0, 0.5, 0.5], "rotation": 270, "texture": "#1"}
			}
		},
		{
			"from": [10.21375, 9.55832, 6.95125],
			"to": [10.43125, 10.22298, 8.90875],
			"rotation": {"angle": 0, "axis": "y", "origin": [7.93, 10.49872, 7.93]},
			"faces": {
				"north": {"uv": [0, 0, 0.5, 0.5], "texture": "#1"},
				"east": {"uv": [0, 0, 0.5, 0.5], "texture": "#1"},
				"south": {"uv": [0, 0, 0.5, 0.5], "texture": "#1"},
				"west": {"uv": [0, 0, 0.5, 0.5], "texture": "#1"},
				"up": {"uv": [0, 0, 0.5, 0.5], "rotation": 90, "texture": "#1"},
				"down": {"uv": [0, 0, 0.5, 0.5], "rotation": 270, "texture": "#1"}
			}
		},
		{
			"from": [10.3225, 10.08125, 7.16875],
			"to": [10.615, 10.66356, 8.69125],
			"rotation": {"angle": 0, "axis": "y", "origin": [7.93, 10.49872, 7.93]},
			"faces": {
				"north": {"uv": [0, 0, 0.5, 0.5], "texture": "#1"},
				"east": {"uv": [0, 0, 0.5, 0.5], "texture": "#1"},
				"south": {"uv": [0, 0, 0.5, 0.5], "texture": "#1"},
				"west": {"uv": [0, 0, 0.5, 0.5], "texture": "#1"},
				"up": {"uv": [0, 0, 0.5, 0.5], "rotation": 90, "texture": "#1"},
				"down": {"uv": [0, 0, 0.5, 0.5], "rotation": 270, "texture": "#1"}
			}
		},
		{
			"from": [10.43125, 10.51356, 7.495],
			"to": [10.72375, 10.92712, 8.365],
			"rotation": {"angle": 0, "axis": "y", "origin": [7.93, 10.49872, 7.93]},
			"faces": {
				"north": {"uv": [0, 0, 0.5, 0.5], "texture": "#1"},
				"east": {"uv": [0, 0, 0.5, 0.5], "texture": "#1"},
				"south": {"uv": [0, 0, 0.5, 0.5], "texture": "#1"},
				"west": {"uv": [0, 0, 0.5, 0.5], "texture": "#1"},
				"up": {"uv": [0, 0, 0.5, 0.5], "rotation": 90, "texture": "#1"},
				"down": {"uv": [0, 0, 0.5, 0.5], "rotation": 270, "texture": "#1"}
			}
		},
		{
			"from": [7.495, 10.51356, 10.43125],
			"to": [8.365, 10.92712, 10.72375],
			"rotation": {"angle": 0, "axis": "y", "origin": [7.93, 10.49872, 7.93]},
			"faces": {
				"north": {"uv": [0, 0, 0.5, 0.5], "texture": "#1"},
				"east": {"uv": [0, 0, 0.5, 0.5], "texture": "#1"},
				"south": {"uv": [0, 0, 0.5, 0.5], "texture": "#1"},
				"west": {"uv": [0, 0, 0.5, 0.5], "texture": "#1"},
				"up": {"uv": [0, 0, 0.5, 0.5], "rotation": 180, "texture": "#1"},
				"down": {"uv": [0, 0, 0.5, 0.5], "rotation": 180, "texture": "#1"}
			}
		},
		{
			"from": [7.16875, 10.08125, 10.3225],
			"to": [8.69125, 10.66356, 10.615],
			"rotation": {"angle": 0, "axis": "y", "origin": [7.93, 10.49872, 7.93]},
			"faces": {
				"north": {"uv": [0, 0, 0.5, 0.5], "texture": "#1"},
				"east": {"uv": [0, 0, 0.5, 0.5], "texture": "#1"},
				"south": {"uv": [0, 0, 0.5, 0.5], "texture": "#1"},
				"west": {"uv": [0, 0, 0.5, 0.5], "texture": "#1"},
				"up": {"uv": [0, 0, 0.5, 0.5], "rotation": 180, "texture": "#1"},
				"down": {"uv": [0, 0, 0.5, 0.5], "rotation": 180, "texture": "#1"}
			}
		}
	],
	"display": {
		"thirdperson_righthand": {
			"translation": [0, 3, 1],
			"scale": [0.55, 0.55, 0.55]
		},
		"thirdperson_lefthand": {
			"translation": [0, 3, 1],
			"scale": [0.55, 0.55, 0.55]
		},
		"firstperson_righthand": {
			"rotation": [0, -90, 25],
			"translation": [1.13, 3.2, 1.13],
			"scale": [0.68, 0.68, 0.68]
		},
		"firstperson_lefthand": {
			"rotation": [0, -90, 25],
			"translation": [1.13, 3.2, 1.13],
			"scale": [0.68, 0.68, 0.68]
		},
		"ground": {
			"translation": [0, 2, 0],
			"scale": [0.5, 0.5, 0.5]
		},
		"gui": {
			"rotation": [30, 225, 0],
			"translation": [0, 2.5, 0]
		},
		"head": {
			"translation": [0, 6.5, 0],
			"scale": [1.85, 1.85, 1.85]
		},
		"fixed": {
			"rotation": [0, 180, 0]
		}
	},
	"groups": [
		{
			"name": "Head",
			"origin": [8, 4.5, 8],
			"color": 0,
			"children": [0, 1]
		},
		{
			"name": "crown",
			"origin": [8, 8, 8],
			"color": 0,
			"children": [
				2,
				3,
				4,
				5,
				6,
				7,
				8,
				9,
				10,
				11,
				12,
				13,
				14,
				15,
				16,
				17,
				18,
				19,
				20,
				21,
				22,
				23,
				24,
				25,
				26,
				27,
				28,
				29,
				30,
				31,
				32,
				33,
				34,
				35,
				36,
				37,
				38,
				39,
				40,
				41,
				42,
				43,
				44,
				45,
				46,
				47,
				48,
				49,
				50,
				51,
				52,
				53,
				54,
				55,
				56,
				57,
				58,
				59,
				60,
				61,
				62,
				63,
				64,
				65,
				66,
				67,
				68,
				69,
				70,
				71,
				72,
				73,
				74,
				75,
				76,
				77,
				78,
				79,
				80,
				81,
				82,
				83,
				84,
				85,
				86,
				87,
				88,
				89,
				90,
				91,
				92,
				93,
				94
			]
		}
	]
}
