{
	"texture_size": [64, 64],
	"textures": {
		"0": "ssbrc:fighters/bowser/skins/bowsette/skin",
		"1": "ssbrc:fighters/bowser/skins/bowsette/crown"
	},
	"elements": [
		{
			"name": "Head",
			"from": [4, 15, 4],
			"to": [12, 23, 12],
			"rotation": {"angle": 0, "axis": "y", "origin": [8, 18.75, 8]},
			"faces": {
				"north": {"uv": [2, 2, 4, 4], "texture": "#0"},
				"east": {"uv": [0, 2, 2, 4], "texture": "#0"},
				"south": {"uv": [6, 2, 8, 4], "texture": "#0"},
				"west": {"uv": [4, 2, 6, 4], "texture": "#0"},
				"up": {"uv": [4, 2, 2, 0], "texture": "#0"},
				"down": {"uv": [6, 0, 4, 2], "texture": "#0"}
			}
		},
		{
			"name": "Hat Layer",
			"from": [3.5, 14.5, 3.5],
			"to": [12.5, 23.5, 12.5],
			"rotation": {"angle": 0, "axis": "y", "origin": [8, 18.75, 8]},
			"faces": {
				"north": {"uv": [10, 2, 12, 4], "texture": "#0"},
				"east": {"uv": [8, 2, 10, 4], "texture": "#0"},
				"south": {"uv": [14, 2, 16, 4], "texture": "#0"},
				"west": {"uv": [12, 2, 14, 4], "texture": "#0"},
				"up": {"uv": [12, 2, 10, 0], "texture": "#0"},
				"down": {"uv": [14, 0, 12, 2], "texture": "#0"}
			}
		},
		{
			"name": "Body",
			"from": [4, 3, 6],
			"to": [12, 15, 10],
			"rotation": {"angle": 0, "axis": "y", "origin": [8, 9, 8]},
			"faces": {
				"north": {"uv": [5, 5, 7, 8], "texture": "#0"},
				"east": {"uv": [4, 5, 5, 8], "texture": "#0"},
				"south": {"uv": [8, 5, 10, 8], "texture": "#0"},
				"west": {"uv": [7, 5, 8, 8], "texture": "#0"},
				"up": {"uv": [7, 5, 5, 4], "texture": "#0"},
				"down": {"uv": [9, 4, 7, 5], "texture": "#0"}
			}
		},
		{
			"name": "Body Layer",
			"from": [3.75, 2.75, 5.75],
			"to": [12.25, 15.25, 10.25],
			"rotation": {"angle": 0, "axis": "y", "origin": [8, 9, 8]},
			"faces": {
				"north": {"uv": [5, 9, 7, 12], "texture": "#0"},
				"east": {"uv": [4, 9, 5, 12], "texture": "#0"},
				"south": {"uv": [8, 9, 10, 12], "texture": "#0"},
				"west": {"uv": [7, 9, 8, 12], "texture": "#0"},
				"up": {"uv": [7, 9, 5, 8], "texture": "#0"},
				"down": {"uv": [9, 8, 7, 9], "texture": "#0"}
			}
		},
		{
			"name": "Right Arm",
			"from": [12, 3, 6],
			"to": [16, 15, 10],
			"rotation": {"angle": 0, "axis": "y", "origin": [14, 13, 8]},
			"faces": {
				"north": {"uv": [11, 5, 12, 8], "texture": "#0"},
				"east": {"uv": [10, 5, 11, 8], "texture": "#0"},
				"south": {"uv": [13, 5, 14, 8], "texture": "#0"},
				"west": {"uv": [12, 5, 13, 8], "texture": "#0"},
				"up": {"uv": [12, 5, 11, 4], "texture": "#0"},
				"down": {"uv": [13, 4, 12, 5], "texture": "#0"}
			}
		},
		{
			"name": "Right Arm Layer",
			"from": [11.75, 2.75, 5.75],
			"to": [16.25, 15.25, 10.25],
			"rotation": {"angle": 0, "axis": "y", "origin": [14, 13, 8]},
			"faces": {
				"north": {"uv": [11, 9, 12, 12], "texture": "#0"},
				"east": {"uv": [10, 9, 11, 12], "texture": "#0"},
				"south": {"uv": [13, 9, 14, 12], "texture": "#0"},
				"west": {"uv": [12, 9, 13, 12], "texture": "#0"},
				"up": {"uv": [12, 9, 11, 8], "texture": "#0"},
				"down": {"uv": [13, 8, 12, 9], "texture": "#0"}
			}
		},
		{
			"name": "Left Arm",
			"from": [0, 3, 6],
			"to": [4, 15, 10],
			"rotation": {"angle": 0, "axis": "y", "origin": [2, 13, 8]},
			"faces": {
				"north": {"uv": [9, 13, 10, 16], "texture": "#0"},
				"east": {"uv": [8, 13, 9, 16], "texture": "#0"},
				"south": {"uv": [11, 13, 12, 16], "texture": "#0"},
				"west": {"uv": [10, 13, 11, 16], "texture": "#0"},
				"up": {"uv": [10, 13, 9, 12], "texture": "#0"},
				"down": {"uv": [11, 12, 10, 13], "texture": "#0"}
			}
		},
		{
			"name": "Left Arm Layer",
			"from": [-0.25, 2.75, 5.75],
			"to": [4.25, 15.25, 10.25],
			"rotation": {"angle": 0, "axis": "y", "origin": [2, 13, 8]},
			"faces": {
				"north": {"uv": [13, 13, 14, 16], "texture": "#0"},
				"east": {"uv": [12, 13, 13, 16], "texture": "#0"},
				"south": {"uv": [15, 13, 16, 16], "texture": "#0"},
				"west": {"uv": [14, 13, 15, 16], "texture": "#0"},
				"up": {"uv": [14, 13, 13, 12], "texture": "#0"},
				"down": {"uv": [15, 12, 14, 13], "texture": "#0"}
			}
		},
		{
			"name": "Right Leg",
			"from": [7.9, -9, 6],
			"to": [11.9, 3, 10],
			"rotation": {"angle": 0, "axis": "y", "origin": [9.9, 1, 8]},
			"faces": {
				"north": {"uv": [1, 5, 2, 8], "texture": "#0"},
				"east": {"uv": [0, 5, 1, 8], "texture": "#0"},
				"south": {"uv": [3, 5, 4, 8], "texture": "#0"},
				"west": {"uv": [2, 5, 3, 8], "texture": "#0"},
				"up": {"uv": [2, 5, 1, 4], "texture": "#0"},
				"down": {"uv": [3, 4, 2, 5], "texture": "#0"}
			}
		},
		{
			"name": "Right Leg Layer",
			"from": [7.65, -9.25, 5.75],
			"to": [12.15, 3.25, 10.25],
			"rotation": {"angle": 0, "axis": "y", "origin": [9.9, 1, 8]},
			"faces": {
				"north": {"uv": [1, 9, 2, 12], "texture": "#0"},
				"east": {"uv": [0, 9, 1, 12], "texture": "#0"},
				"south": {"uv": [3, 9, 4, 12], "texture": "#0"},
				"west": {"uv": [2, 9, 3, 12], "texture": "#0"},
				"up": {"uv": [2, 9, 1, 8], "texture": "#0"},
				"down": {"uv": [3, 8, 2, 9], "texture": "#0"}
			}
		},
		{
			"name": "Left Leg",
			"from": [4.1, -9, 6],
			"to": [8.1, 3, 10],
			"rotation": {"angle": 0, "axis": "y", "origin": [6.1, 0, 8]},
			"faces": {
				"north": {"uv": [5, 13, 6, 16], "texture": "#0"},
				"east": {"uv": [4, 13, 5, 16], "texture": "#0"},
				"south": {"uv": [7, 13, 8, 16], "texture": "#0"},
				"west": {"uv": [6, 13, 7, 16], "texture": "#0"},
				"up": {"uv": [6, 13, 5, 12], "texture": "#0"},
				"down": {"uv": [7, 12, 6, 13], "texture": "#0"}
			}
		},
		{
			"name": "Left Leg Layer",
			"from": [3.85, -9.25, 5.75],
			"to": [8.35, 3.25, 10.25],
			"rotation": {"angle": 0, "axis": "y", "origin": [6.1, 0, 8]},
			"faces": {
				"north": {"uv": [1, 13, 2, 16], "texture": "#0"},
				"east": {"uv": [0, 13, 1, 16], "texture": "#0"},
				"south": {"uv": [3, 13, 4, 16], "texture": "#0"},
				"west": {"uv": [2, 13, 3, 16], "texture": "#0"},
				"up": {"uv": [2, 13, 1, 12], "texture": "#0"},
				"down": {"uv": [3, 12, 2, 13], "texture": "#0"}
			}
		},
		{
			"from": [6.94264, 23.05144, 5.51645],
			"to": [8.91736, 24.08981, 5.84557],
			"rotation": {"angle": 45, "axis": "y", "origin": [7.93, 24.99872, 7.93]},
			"faces": {
				"north": {"uv": [0, 0, 0.5, 0.5], "texture": "#1"},
				"east": {"uv": [0, 0, 0.5, 0.5], "texture": "#1"},
				"south": {"uv": [0, 0, 0.5, 0.5], "texture": "#1"},
				"west": {"uv": [0, 0, 0.5, 0.5], "texture": "#1"},
				"up": {"uv": [0, 0, 0.5, 0.5], "texture": "#1"},
				"down": {"uv": [0, 0, 0.5, 0.5], "texture": "#1"}
			}
		},
		{
			"from": [6.87295, 22.96893, 5.35792],
			"to": [8.98705, 23.63209, 5.71027],
			"rotation": {"angle": 45, "axis": "y", "origin": [7.93, 24.99872, 7.93]},
			"faces": {
				"north": {"uv": [0, 0, 0.5, 0.5], "texture": "#1"},
				"east": {"uv": [0, 0, 0.5, 0.5], "texture": "#1"},
				"south": {"uv": [0, 0, 0.5, 0.5], "texture": "#1"},
				"west": {"uv": [0, 0, 0.5, 0.5], "texture": "#1"},
				"up": {"uv": [0, 0, 0.5, 0.5], "texture": "#1"},
				"down": {"uv": [0, 0, 0.5, 0.5], "texture": "#1"}
			}
		},
		{
			"from": [6.85181, 23.13693, 5.30623],
			"to": [9.00819, 23.42209, 5.66563],
			"rotation": {"angle": 45, "axis": "y", "origin": [7.93, 24.99872, 7.93]},
			"faces": {
				"north": {"uv": [0, 0, 0.5, 0.5], "texture": "#1"},
				"east": {"uv": [0, 0, 0.5, 0.5], "texture": "#1"},
				"south": {"uv": [0, 0, 0.5, 0.5], "texture": "#1"},
				"west": {"uv": [0, 0, 0.5, 0.5], "texture": "#1"},
				"up": {"uv": [0, 0, 0.5, 0.5], "texture": "#1"},
				"down": {"uv": [0, 0, 0.5, 0.5], "texture": "#1"}
			}
		},
		{
			"from": [6.87625, 24.05832, 5.42875],
			"to": [8.98375, 24.31048, 5.64625],
			"rotation": {"angle": 45, "axis": "y", "origin": [7.93, 24.99872, 7.93]},
			"faces": {
				"north": {"uv": [0, 0, 0.5, 0.5], "texture": "#1"},
				"east": {"uv": [0, 0, 0.5, 0.5], "texture": "#1"},
				"south": {"uv": [0, 0, 0.5, 0.5], "texture": "#1"},
				"west": {"uv": [0, 0, 0.5, 0.5], "texture": "#1"},
				"up": {"uv": [0, 0, 0.5, 0.5], "texture": "#1"},
				"down": {"uv": [0, 0, 0.5, 0.5], "texture": "#1"}
			}
		},
		{
			"from": [6.95125, 24.20832, 5.42875],
			"to": [7.40875, 24.57298, 5.64625],
			"rotation": {"angle": 45, "axis": "y", "origin": [7.93, 24.99872, 7.93]},
			"faces": {
				"north": {"uv": [0, 0, 0.5, 0.5], "texture": "#1"},
				"east": {"uv": [0, 0, 0.5, 0.5], "texture": "#1"},
				"south": {"uv": [0, 0, 0.5, 0.5], "texture": "#1"},
				"west": {"uv": [0, 0, 0.5, 0.5], "texture": "#1"},
				"up": {"uv": [0, 0, 0.5, 0.5], "texture": "#1"},
				"down": {"uv": [0, 0, 0.5, 0.5], "texture": "#1"}
			}
		},
		{
			"from": [8.45125, 24.20832, 5.42875],
			"to": [8.90875, 24.57298, 5.64625],
			"rotation": {"angle": 45, "axis": "y", "origin": [7.93, 24.99872, 7.93]},
			"faces": {
				"north": {"uv": [0, 0, 0.5, 0.5], "texture": "#1"},
				"east": {"uv": [0, 0, 0.5, 0.5], "texture": "#1"},
				"south": {"uv": [0, 0, 0.5, 0.5], "texture": "#1"},
				"west": {"uv": [0, 0, 0.5, 0.5], "texture": "#1"},
				"up": {"uv": [0, 0, 0.5, 0.5], "texture": "#1"},
				"down": {"uv": [0, 0, 0.5, 0.5], "texture": "#1"}
			}
		},
		{
			"from": [10.21375, 24.20832, 8.45125],
			"to": [10.43125, 24.57298, 8.90875],
			"rotation": {"angle": 45, "axis": "y", "origin": [7.93, 24.99872, 7.93]},
			"faces": {
				"north": {"uv": [0, 0, 0.5, 0.5], "texture": "#1"},
				"east": {"uv": [0, 0, 0.5, 0.5], "texture": "#1"},
				"south": {"uv": [0, 0, 0.5, 0.5], "texture": "#1"},
				"west": {"uv": [0, 0, 0.5, 0.5], "texture": "#1"},
				"up": {"uv": [0, 0, 0.5, 0.5], "rotation": 90, "texture": "#1"},
				"down": {"uv": [0, 0, 0.5, 0.5], "rotation": 270, "texture": "#1"}
			}
		},
		{
			"from": [10.21375, 24.20832, 6.95125],
			"to": [10.43125, 24.57298, 7.40875],
			"rotation": {"angle": 45, "axis": "y", "origin": [7.93, 24.99872, 7.93]},
			"faces": {
				"north": {"uv": [0, 0, 0.5, 0.5], "texture": "#1"},
				"east": {"uv": [0, 0, 0.5, 0.5], "texture": "#1"},
				"south": {"uv": [0, 0, 0.5, 0.5], "texture": "#1"},
				"west": {"uv": [0, 0, 0.5, 0.5], "texture": "#1"},
				"up": {"uv": [0, 0, 0.5, 0.5], "rotation": 90, "texture": "#1"},
				"down": {"uv": [0, 0, 0.5, 0.5], "rotation": 270, "texture": "#1"}
			}
		},
		{
			"from": [6.95125, 24.20832, 10.21375],
			"to": [7.40875, 24.57298, 10.43125],
			"rotation": {"angle": 45, "axis": "y", "origin": [7.93, 24.99872, 7.93]},
			"faces": {
				"north": {"uv": [0, 0, 0.5, 0.5], "texture": "#1"},
				"east": {"uv": [0, 0, 0.5, 0.5], "texture": "#1"},
				"south": {"uv": [0, 0, 0.5, 0.5], "texture": "#1"},
				"west": {"uv": [0, 0, 0.5, 0.5], "texture": "#1"},
				"up": {"uv": [0, 0, 0.5, 0.5], "rotation": 180, "texture": "#1"},
				"down": {"uv": [0, 0, 0.5, 0.5], "rotation": 180, "texture": "#1"}
			}
		},
		{
			"from": [8.45125, 24.20832, 10.21375],
			"to": [8.90875, 24.57298, 10.43125],
			"rotation": {"angle": 45, "axis": "y", "origin": [7.93, 24.99872, 7.93]},
			"faces": {
				"north": {"uv": [0, 0, 0.5, 0.5], "texture": "#1"},
				"east": {"uv": [0, 0, 0.5, 0.5], "texture": "#1"},
				"south": {"uv": [0, 0, 0.5, 0.5], "texture": "#1"},
				"west": {"uv": [0, 0, 0.5, 0.5], "texture": "#1"},
				"up": {"uv": [0, 0, 0.5, 0.5], "rotation": 180, "texture": "#1"},
				"down": {"uv": [0, 0, 0.5, 0.5], "rotation": 180, "texture": "#1"}
			}
		},
		{
			"from": [5.42875, 24.20832, 6.95125],
			"to": [5.64625, 24.57298, 7.40875],
			"rotation": {"angle": 45, "axis": "y", "origin": [7.93, 24.99872, 7.93]},
			"faces": {
				"north": {"uv": [0, 0, 0.5, 0.5], "texture": "#1"},
				"east": {"uv": [0, 0, 0.5, 0.5], "texture": "#1"},
				"south": {"uv": [0, 0, 0.5, 0.5], "texture": "#1"},
				"west": {"uv": [0, 0, 0.5, 0.5], "texture": "#1"},
				"up": {"uv": [0, 0, 0.5, 0.5], "rotation": 270, "texture": "#1"},
				"down": {"uv": [0, 0, 0.5, 0.5], "rotation": 90, "texture": "#1"}
			}
		},
		{
			"from": [5.42875, 24.20832, 8.45125],
			"to": [5.64625, 24.57298, 8.90875],
			"rotation": {"angle": 45, "axis": "y", "origin": [7.93, 24.99872, 7.93]},
			"faces": {
				"north": {"uv": [0, 0, 0.5, 0.5], "texture": "#1"},
				"east": {"uv": [0, 0, 0.5, 0.5], "texture": "#1"},
				"south": {"uv": [0, 0, 0.5, 0.5], "texture": "#1"},
				"west": {"uv": [0, 0, 0.5, 0.5], "texture": "#1"},
				"up": {"uv": [0, 0, 0.5, 0.5], "rotation": 270, "texture": "#1"},
				"down": {"uv": [0, 0, 0.5, 0.5], "rotation": 90, "texture": "#1"}
			}
		},
		{
			"from": [5.51645, 23.05144, 6.94264],
			"to": [5.84557, 24.08981, 8.91736],
			"rotation": {"angle": 0, "axis": "y", "origin": [7.93, 24.99872, 7.93]},
			"faces": {
				"north": {"uv": [0, 0, 0.5, 0.5], "texture": "#1"},
				"east": {"uv": [0, 0, 0.5, 0.5], "texture": "#1"},
				"south": {"uv": [0, 0, 0.5, 0.5], "texture": "#1"},
				"west": {"uv": [0, 0, 0.5, 0.5], "texture": "#1"},
				"up": {"uv": [0, 0, 0.5, 0.5], "rotation": 270, "texture": "#1"},
				"down": {"uv": [0, 0, 0.5, 0.5], "rotation": 90, "texture": "#1"}
			}
		},
		{
			"from": [5.35446, 22.96893, 6.88131],
			"to": [5.70681, 23.63209, 8.9954],
			"rotation": {"angle": 0, "axis": "y", "origin": [7.93, 24.99872, 7.93]},
			"faces": {
				"north": {"uv": [0, 0, 0.5, 0.5], "texture": "#1"},
				"east": {"uv": [0, 0, 0.5, 0.5], "texture": "#1"},
				"south": {"uv": [0, 0, 0.5, 0.5], "texture": "#1"},
				"west": {"uv": [0, 0, 0.5, 0.5], "texture": "#1"},
				"up": {"uv": [0, 0, 0.5, 0.5], "rotation": 270, "texture": "#1"},
				"down": {"uv": [0, 0, 0.5, 0.5], "rotation": 90, "texture": "#1"}
			}
		},
		{
			"from": [5.30277, 23.13693, 6.86016],
			"to": [5.66217, 23.42209, 9.01654],
			"rotation": {"angle": 0, "axis": "y", "origin": [7.93, 24.99872, 7.93]},
			"faces": {
				"north": {"uv": [0, 0, 0.5, 0.5], "texture": "#1"},
				"east": {"uv": [0, 0, 0.5, 0.5], "texture": "#1"},
				"south": {"uv": [0, 0, 0.5, 0.5], "texture": "#1"},
				"west": {"uv": [0, 0, 0.5, 0.5], "texture": "#1"},
				"up": {"uv": [0, 0, 0.5, 0.5], "rotation": 270, "texture": "#1"},
				"down": {"uv": [0, 0, 0.5, 0.5], "rotation": 90, "texture": "#1"}
			}
		},
		{
			"from": [5.42875, 24.05832, 6.95125],
			"to": [5.64625, 24.72298, 8.90875],
			"rotation": {"angle": 0, "axis": "y", "origin": [7.93, 24.99872, 7.93]},
			"faces": {
				"north": {"uv": [0, 0, 0.5, 0.5], "texture": "#1"},
				"east": {"uv": [0, 0, 0.5, 0.5], "texture": "#1"},
				"south": {"uv": [0, 0, 0.5, 0.5], "texture": "#1"},
				"west": {"uv": [0, 0, 0.5, 0.5], "texture": "#1"},
				"up": {"uv": [0, 0, 0.5, 0.5], "rotation": 270, "texture": "#1"},
				"down": {"uv": [0, 0, 0.5, 0.5], "rotation": 90, "texture": "#1"}
			}
		},
		{
			"from": [5.245, 24.58125, 7.16875],
			"to": [5.5375, 25.16356, 8.69125],
			"rotation": {"angle": 0, "axis": "y", "origin": [7.93, 24.99872, 7.93]},
			"faces": {
				"north": {"uv": [0, 0, 0.5, 0.5], "texture": "#1"},
				"east": {"uv": [0, 0, 0.5, 0.5], "texture": "#1"},
				"south": {"uv": [0, 0, 0.5, 0.5], "texture": "#1"},
				"west": {"uv": [0, 0, 0.5, 0.5], "texture": "#1"},
				"up": {"uv": [0, 0, 0.5, 0.5], "rotation": 270, "texture": "#1"},
				"down": {"uv": [0, 0, 0.5, 0.5], "rotation": 90, "texture": "#1"}
			}
		},
		{
			"from": [5.13625, 25.01356, 7.495],
			"to": [5.42875, 25.42712, 8.365],
			"rotation": {"angle": 0, "axis": "y", "origin": [7.93, 24.99872, 7.93]},
			"faces": {
				"north": {"uv": [0, 0, 0.5, 0.5], "texture": "#1"},
				"east": {"uv": [0, 0, 0.5, 0.5], "texture": "#1"},
				"south": {"uv": [0, 0, 0.5, 0.5], "texture": "#1"},
				"west": {"uv": [0, 0, 0.5, 0.5], "texture": "#1"},
				"up": {"uv": [0, 0, 0.5, 0.5], "rotation": 270, "texture": "#1"},
				"down": {"uv": [0, 0, 0.5, 0.5], "rotation": 90, "texture": "#1"}
			}
		},
		{
			"from": [6.94264, 23.05144, 5.51645],
			"to": [8.91736, 24.08981, 5.84557],
			"rotation": {"angle": 0, "axis": "y", "origin": [7.93, 24.99872, 7.93]},
			"faces": {
				"north": {"uv": [0, 0, 0.5, 0.5], "texture": "#1"},
				"east": {"uv": [0, 0, 0.5, 0.5], "texture": "#1"},
				"south": {"uv": [0, 0, 0.5, 0.5], "texture": "#1"},
				"west": {"uv": [0, 0, 0.5, 0.5], "texture": "#1"},
				"up": {"uv": [0, 0, 0.5, 0.5], "texture": "#1"},
				"down": {"uv": [0, 0, 0.5, 0.5], "texture": "#1"}
			}
		},
		{
			"from": [6.88131, 22.96893, 5.35446],
			"to": [8.9954, 23.63209, 5.70681],
			"rotation": {"angle": 0, "axis": "y", "origin": [7.93, 24.99872, 7.93]},
			"faces": {
				"north": {"uv": [0, 0, 0.5, 0.5], "texture": "#1"},
				"east": {"uv": [0, 0, 0.5, 0.5], "texture": "#1"},
				"south": {"uv": [0, 0, 0.5, 0.5], "texture": "#1"},
				"west": {"uv": [0, 0, 0.5, 0.5], "texture": "#1"},
				"up": {"uv": [0, 0, 0.5, 0.5], "texture": "#1"},
				"down": {"uv": [0, 0, 0.5, 0.5], "texture": "#1"}
			}
		},
		{
			"from": [6.86016, 23.13693, 5.30277],
			"to": [9.01654, 23.42209, 5.66217],
			"rotation": {"angle": 0, "axis": "y", "origin": [7.93, 24.99872, 7.93]},
			"faces": {
				"north": {"uv": [0, 0, 0.5, 0.5], "texture": "#1"},
				"east": {"uv": [0, 0, 0.5, 0.5], "texture": "#1"},
				"south": {"uv": [0, 0, 0.5, 0.5], "texture": "#1"},
				"west": {"uv": [0, 0, 0.5, 0.5], "texture": "#1"},
				"up": {"uv": [0, 0, 0.5, 0.5], "texture": "#1"},
				"down": {"uv": [0, 0, 0.5, 0.5], "texture": "#1"}
			}
		},
		{
			"from": [6.95125, 24.05832, 5.42875],
			"to": [8.90875, 24.72298, 5.64625],
			"rotation": {"angle": 0, "axis": "y", "origin": [7.93, 24.99872, 7.93]},
			"faces": {
				"north": {"uv": [0, 0, 0.5, 0.5], "texture": "#1"},
				"east": {"uv": [0, 0, 0.5, 0.5], "texture": "#1"},
				"south": {"uv": [0, 0, 0.5, 0.5], "texture": "#1"},
				"west": {"uv": [0, 0, 0.5, 0.5], "texture": "#1"},
				"up": {"uv": [0, 0, 0.5, 0.5], "texture": "#1"},
				"down": {"uv": [0, 0, 0.5, 0.5], "texture": "#1"}
			}
		},
		{
			"from": [7.16875, 24.58125, 5.32],
			"to": [8.69125, 25.16356, 5.5375],
			"rotation": {"angle": 0, "axis": "y", "origin": [7.93, 24.99872, 7.93]},
			"faces": {
				"north": {"uv": [0, 0, 0.5, 0.5], "texture": "#1"},
				"east": {"uv": [0, 0, 0.5, 0.5], "texture": "#1"},
				"south": {"uv": [0, 0, 0.5, 0.5], "texture": "#1"},
				"west": {"uv": [0, 0, 0.5, 0.5], "texture": "#1"},
				"up": {"uv": [0, 0, 0.5, 0.5], "texture": "#1"},
				"down": {"uv": [0, 0, 0.5, 0.5], "texture": "#1"}
			}
		},
		{
			"from": [7.495, 25.01356, 5.21125],
			"to": [8.365, 25.42712, 5.42875],
			"rotation": {"angle": 0, "axis": "y", "origin": [7.93, 24.99872, 7.93]},
			"faces": {
				"north": {"uv": [0, 0, 0.5, 0.5], "texture": "#1"},
				"east": {"uv": [0, 0, 0.5, 0.5], "texture": "#1"},
				"south": {"uv": [0, 0, 0.5, 0.5], "texture": "#1"},
				"west": {"uv": [0, 0, 0.5, 0.5], "texture": "#1"},
				"up": {"uv": [0, 0, 0.5, 0.5], "texture": "#1"},
				"down": {"uv": [0, 0, 0.5, 0.5], "texture": "#1"}
			}
		},
		{
			"from": [7.53715, 26.47816, 7.56828],
			"to": [8.32285, 26.95771, 8.3176],
			"rotation": {"angle": 0, "axis": "y", "origin": [7.93, 24.99872, 7.93]},
			"faces": {
				"north": {"uv": [0, 0, 0.5, 0.5], "texture": "#1"},
				"east": {"uv": [0, 0, 0.5, 0.5], "texture": "#1"},
				"south": {"uv": [0, 0, 0.5, 0.5], "texture": "#1"},
				"west": {"uv": [0, 0, 0.5, 0.5], "texture": "#1"},
				"up": {"uv": [0, 0, 0.5, 0.5], "texture": "#1"},
				"down": {"uv": [0, 0, 0.5, 0.5], "texture": "#1"}
			}
		},
		{
			"from": [7.68265, 26.28676, 7.71378],
			"to": [8.17735, 27.1323, 8.1721],
			"rotation": {"angle": 0, "axis": "y", "origin": [7.93, 24.99872, 7.93]},
			"faces": {
				"north": {"uv": [0, 0, 0.5, 0.5], "texture": "#1"},
				"east": {"uv": [0, 0, 0.5, 0.5], "texture": "#1"},
				"south": {"uv": [0, 0, 0.5, 0.5], "texture": "#1"},
				"west": {"uv": [0, 0, 0.5, 0.5], "texture": "#1"},
				"up": {"uv": [0, 0, 0.5, 0.5], "texture": "#1"},
				"down": {"uv": [0, 0, 0.5, 0.5], "texture": "#1"}
			}
		},
		{
			"from": [7.42015, 25.42425, 7.45128],
			"to": [8.43985, 26.34481, 8.4346],
			"rotation": {"angle": 0, "axis": "y", "origin": [7.93, 24.99872, 7.93]},
			"faces": {
				"north": {"uv": [9.25, 9.25, 14.75, 14.75], "rotation": 270, "texture": "#1"},
				"east": {"uv": [9.25, 9.25, 14.75, 14.75], "rotation": 270, "texture": "#1"},
				"south": {"uv": [9.25, 9.25, 14.75, 14.75], "rotation": 270, "texture": "#1"},
				"west": {"uv": [9.25, 9.25, 14.75, 14.75], "rotation": 270, "texture": "#1"},
				"up": {"uv": [9.25, 9.25, 14.75, 14.75], "rotation": 270, "texture": "#1"},
				"down": {"uv": [9.25, 9.25, 14.75, 14.75], "rotation": 270, "texture": "#1"}
			}
		},
		{
			"from": [4.80426, 25.4677, 7.63307],
			"to": [5.37805, 25.93406, 8.22693],
			"rotation": {"angle": 0, "axis": "y", "origin": [7.93, 24.99872, 7.93]},
			"faces": {
				"north": {"uv": [0, 0, 0.5, 0.5], "texture": "#1"},
				"east": {"uv": [0, 0, 0.5, 0.5], "texture": "#1"},
				"south": {"uv": [0, 0, 0.5, 0.5], "texture": "#1"},
				"west": {"uv": [0, 0, 0.5, 0.5], "texture": "#1"},
				"up": {"uv": [0, 0, 0.5, 0.5], "rotation": 270, "texture": "#1"},
				"down": {"uv": [0, 0, 0.5, 0.5], "rotation": 90, "texture": "#1"}
			}
		},
		{
			"from": [4.88451, 25.4035, 7.71332],
			"to": [5.2978, 26.03036, 8.14668],
			"rotation": {"angle": 0, "axis": "y", "origin": [7.93, 24.99872, 7.93]},
			"faces": {
				"north": {"uv": [0, 0, 0.5, 0.5], "texture": "#1"},
				"east": {"uv": [0, 0, 0.5, 0.5], "texture": "#1"},
				"south": {"uv": [0, 0, 0.5, 0.5], "texture": "#1"},
				"west": {"uv": [0, 0, 0.5, 0.5], "texture": "#1"},
				"up": {"uv": [0, 0, 0.5, 0.5], "rotation": 270, "texture": "#1"},
				"down": {"uv": [0, 0, 0.5, 0.5], "rotation": 90, "texture": "#1"}
			}
		},
		{
			"from": [10.48195, 25.4677, 7.63307],
			"to": [11.05574, 25.93406, 8.22693],
			"rotation": {"angle": 0, "axis": "y", "origin": [7.93, 24.99872, 7.93]},
			"faces": {
				"north": {"uv": [0, 0, 0.5, 0.5], "texture": "#1"},
				"east": {"uv": [0, 0, 0.5, 0.5], "texture": "#1"},
				"south": {"uv": [0, 0, 0.5, 0.5], "texture": "#1"},
				"west": {"uv": [0, 0, 0.5, 0.5], "texture": "#1"},
				"up": {"uv": [0, 0, 0.5, 0.5], "rotation": 90, "texture": "#1"},
				"down": {"uv": [0, 0, 0.5, 0.5], "rotation": 270, "texture": "#1"}
			}
		},
		{
			"from": [10.5622, 25.4035, 7.71332],
			"to": [10.97549, 26.03036, 8.14668],
			"rotation": {"angle": 0, "axis": "y", "origin": [7.93, 24.99872, 7.93]},
			"faces": {
				"north": {"uv": [0, 0, 0.5, 0.5], "texture": "#1"},
				"east": {"uv": [0, 0, 0.5, 0.5], "texture": "#1"},
				"south": {"uv": [0, 0, 0.5, 0.5], "texture": "#1"},
				"west": {"uv": [0, 0, 0.5, 0.5], "texture": "#1"},
				"up": {"uv": [0, 0, 0.5, 0.5], "rotation": 90, "texture": "#1"},
				"down": {"uv": [0, 0, 0.5, 0.5], "rotation": 270, "texture": "#1"}
			}
		},
		{
			"from": [7.71332, 25.4035, 10.5622],
			"to": [8.14668, 26.03036, 10.97549],
			"rotation": {"angle": 0, "axis": "y", "origin": [7.93, 24.99872, 7.93]},
			"faces": {
				"north": {"uv": [0, 0, 0.5, 0.5], "texture": "#1"},
				"east": {"uv": [0, 0, 0.5, 0.5], "texture": "#1"},
				"south": {"uv": [0, 0, 0.5, 0.5], "texture": "#1"},
				"west": {"uv": [0, 0, 0.5, 0.5], "texture": "#1"},
				"up": {"uv": [0, 0, 0.5, 0.5], "rotation": 180, "texture": "#1"},
				"down": {"uv": [0, 0, 0.5, 0.5], "rotation": 180, "texture": "#1"}
			}
		},
		{
			"from": [7.63308, 25.4677, 10.48195],
			"to": [8.22693, 25.93406, 11.05574],
			"rotation": {"angle": 0, "axis": "y", "origin": [7.93, 24.99872, 7.93]},
			"faces": {
				"north": {"uv": [0, 0, 0.5, 0.5], "texture": "#1"},
				"east": {"uv": [0, 0, 0.5, 0.5], "texture": "#1"},
				"south": {"uv": [0, 0, 0.5, 0.5], "texture": "#1"},
				"west": {"uv": [0, 0, 0.5, 0.5], "texture": "#1"},
				"up": {"uv": [0, 0, 0.5, 0.5], "rotation": 180, "texture": "#1"},
				"down": {"uv": [0, 0, 0.5, 0.5], "rotation": 180, "texture": "#1"}
			}
		},
		{
			"from": [7.71332, 25.4035, 4.88451],
			"to": [8.14668, 26.03036, 5.2978],
			"rotation": {"angle": 0, "axis": "y", "origin": [7.93, 24.99872, 7.93]},
			"faces": {
				"north": {"uv": [0, 0, 0.5, 0.5], "texture": "#1"},
				"east": {"uv": [0, 0, 0.5, 0.5], "texture": "#1"},
				"south": {"uv": [0, 0, 0.5, 0.5], "texture": "#1"},
				"west": {"uv": [0, 0, 0.5, 0.5], "texture": "#1"},
				"up": {"uv": [0, 0, 0.5, 0.5], "texture": "#1"},
				"down": {"uv": [0, 0, 0.5, 0.5], "texture": "#1"}
			}
		},
		{
			"from": [7.63308, 25.4677, 4.80426],
			"to": [8.22693, 25.93406, 5.37805],
			"rotation": {"angle": 0, "axis": "y", "origin": [7.93, 24.99872, 7.93]},
			"faces": {
				"north": {"uv": [0, 0, 0.5, 0.5], "texture": "#1"},
				"east": {"uv": [0, 0, 0.5, 0.5], "texture": "#1"},
				"south": {"uv": [0, 0, 0.5, 0.5], "texture": "#1"},
				"west": {"uv": [0, 0, 0.5, 0.5], "texture": "#1"},
				"up": {"uv": [0, 0, 0.5, 0.5], "texture": "#1"},
				"down": {"uv": [0, 0, 0.5, 0.5], "texture": "#1"}
			}
		},
		{
			"from": [8.08375, 23.67929, 5.29],
			"to": [8.52625, 24.51195, 5.63875],
			"rotation": {"angle": 0, "axis": "y", "origin": [7.93, 24.99872, 7.93]},
			"faces": {
				"north": {"uv": [0, 9, 4, 14], "texture": "#1"},
				"east": {"uv": [0, 9, 2, 14], "texture": "#1"},
				"south": {"uv": [0, 9, 2, 14], "texture": "#1"},
				"west": {"uv": [0, 9, 2, 14], "texture": "#1"},
				"up": {"uv": [0, 9, 2, 14], "texture": "#1"},
				"down": {"uv": [0, 9, 2, 14], "texture": "#1"}
			}
		},
		{
			"from": [7.33375, 23.67929, 5.29],
			"to": [7.77625, 24.51195, 5.63875],
			"rotation": {"angle": 0, "axis": "y", "origin": [7.93, 24.99872, 7.93]},
			"faces": {
				"north": {"uv": [0, 9, 4, 14], "texture": "#1"},
				"east": {"uv": [0, 9, 2, 14], "texture": "#1"},
				"south": {"uv": [0, 9, 2, 14], "texture": "#1"},
				"west": {"uv": [0, 9, 2, 14], "texture": "#1"},
				"up": {"uv": [0, 9, 2, 14], "texture": "#1"},
				"down": {"uv": [0, 9, 2, 14], "texture": "#1"}
			}
		},
		{
			"from": [5.51645, 23.05144, 6.94264],
			"to": [5.84557, 24.08981, 8.91736],
			"rotation": {"angle": 45, "axis": "y", "origin": [7.93, 24.99872, 7.93]},
			"faces": {
				"north": {"uv": [0, 0, 0.5, 0.5], "texture": "#1"},
				"east": {"uv": [0, 0, 0.5, 0.5], "texture": "#1"},
				"south": {"uv": [0, 0, 0.5, 0.5], "texture": "#1"},
				"west": {"uv": [0, 0, 0.5, 0.5], "texture": "#1"},
				"up": {"uv": [0, 0, 0.5, 0.5], "rotation": 270, "texture": "#1"},
				"down": {"uv": [0, 0, 0.5, 0.5], "rotation": 90, "texture": "#1"}
			}
		},
		{
			"from": [5.3461, 22.96893, 6.88477],
			"to": [5.69845, 23.63209, 8.99887],
			"rotation": {"angle": 45, "axis": "y", "origin": [7.93, 24.99872, 7.93]},
			"faces": {
				"north": {"uv": [0, 0, 0.5, 0.5], "texture": "#1"},
				"east": {"uv": [0, 0, 0.5, 0.5], "texture": "#1"},
				"south": {"uv": [0, 0, 0.5, 0.5], "texture": "#1"},
				"west": {"uv": [0, 0, 0.5, 0.5], "texture": "#1"},
				"up": {"uv": [0, 0, 0.5, 0.5], "rotation": 270, "texture": "#1"},
				"down": {"uv": [0, 0, 0.5, 0.5], "rotation": 90, "texture": "#1"}
			}
		},
		{
			"from": [5.29443, 23.13693, 6.86362],
			"to": [5.65382, 23.42209, 9.02001],
			"rotation": {"angle": 45, "axis": "y", "origin": [7.93, 24.99872, 7.93]},
			"faces": {
				"north": {"uv": [0, 0, 0.5, 0.5], "texture": "#1"},
				"east": {"uv": [0, 0, 0.5, 0.5], "texture": "#1"},
				"south": {"uv": [0, 0, 0.5, 0.5], "texture": "#1"},
				"west": {"uv": [0, 0, 0.5, 0.5], "texture": "#1"},
				"up": {"uv": [0, 0, 0.5, 0.5], "rotation": 270, "texture": "#1"},
				"down": {"uv": [0, 0, 0.5, 0.5], "rotation": 90, "texture": "#1"}
			}
		},
		{
			"from": [5.42875, 24.05832, 6.87625],
			"to": [5.64625, 24.31048, 8.98375],
			"rotation": {"angle": 45, "axis": "y", "origin": [7.93, 24.99872, 7.93]},
			"faces": {
				"north": {"uv": [0, 0, 0.5, 0.5], "texture": "#1"},
				"east": {"uv": [0, 0, 0.5, 0.5], "texture": "#1"},
				"south": {"uv": [0, 0, 0.5, 0.5], "texture": "#1"},
				"west": {"uv": [0, 0, 0.5, 0.5], "texture": "#1"},
				"up": {"uv": [0, 0, 0.5, 0.5], "rotation": 270, "texture": "#1"},
				"down": {"uv": [0, 0, 0.5, 0.5], "rotation": 90, "texture": "#1"}
			}
		},
		{
			"from": [6.94264, 23.05144, 10.01443],
			"to": [8.91736, 24.08981, 10.34355],
			"rotation": {"angle": 45, "axis": "y", "origin": [7.93, 24.99872, 7.93]},
			"faces": {
				"north": {"uv": [0, 0, 0.5, 0.5], "texture": "#1"},
				"east": {"uv": [0, 0, 0.5, 0.5], "texture": "#1"},
				"south": {"uv": [0, 0, 0.5, 0.5], "texture": "#1"},
				"west": {"uv": [0, 0, 0.5, 0.5], "texture": "#1"},
				"up": {"uv": [0, 0, 0.5, 0.5], "rotation": 180, "texture": "#1"},
				"down": {"uv": [0, 0, 0.5, 0.5], "rotation": 180, "texture": "#1"}
			}
		},
		{
			"from": [6.87295, 22.96893, 10.17337],
			"to": [8.98705, 23.63209, 10.52572],
			"rotation": {"angle": 45, "axis": "y", "origin": [7.93, 24.99872, 7.93]},
			"faces": {
				"north": {"uv": [0, 0, 0.5, 0.5], "texture": "#1"},
				"east": {"uv": [0, 0, 0.5, 0.5], "texture": "#1"},
				"south": {"uv": [0, 0, 0.5, 0.5], "texture": "#1"},
				"west": {"uv": [0, 0, 0.5, 0.5], "texture": "#1"},
				"up": {"uv": [0, 0, 0.5, 0.5], "rotation": 180, "texture": "#1"},
				"down": {"uv": [0, 0, 0.5, 0.5], "rotation": 180, "texture": "#1"}
			}
		},
		{
			"from": [6.85181, 23.13693, 10.218],
			"to": [9.00819, 23.42209, 10.57739],
			"rotation": {"angle": 45, "axis": "y", "origin": [7.93, 24.99872, 7.93]},
			"faces": {
				"north": {"uv": [0, 0, 0.5, 0.5], "texture": "#1"},
				"east": {"uv": [0, 0, 0.5, 0.5], "texture": "#1"},
				"south": {"uv": [0, 0, 0.5, 0.5], "texture": "#1"},
				"west": {"uv": [0, 0, 0.5, 0.5], "texture": "#1"},
				"up": {"uv": [0, 0, 0.5, 0.5], "rotation": 180, "texture": "#1"},
				"down": {"uv": [0, 0, 0.5, 0.5], "rotation": 180, "texture": "#1"}
			}
		},
		{
			"from": [6.95125, 24.05832, 10.21375],
			"to": [8.90875, 24.31048, 10.43125],
			"rotation": {"angle": 45, "axis": "y", "origin": [7.93, 24.99872, 7.93]},
			"faces": {
				"north": {"uv": [0, 0, 0.5, 0.5], "texture": "#1"},
				"east": {"uv": [0, 0, 0.5, 0.5], "texture": "#1"},
				"south": {"uv": [0, 0, 0.5, 0.5], "texture": "#1"},
				"west": {"uv": [0, 0, 0.5, 0.5], "texture": "#1"},
				"up": {"uv": [0, 0, 0.5, 0.5], "rotation": 180, "texture": "#1"},
				"down": {"uv": [0, 0, 0.5, 0.5], "rotation": 180, "texture": "#1"}
			}
		},
		{
			"from": [10.01443, 23.05144, 6.94264],
			"to": [10.34355, 24.08981, 8.91736],
			"rotation": {"angle": 45, "axis": "y", "origin": [7.93, 24.99872, 7.93]},
			"faces": {
				"north": {"uv": [0, 0, 0.5, 0.5], "texture": "#1"},
				"east": {"uv": [0, 0, 0.5, 0.5], "texture": "#1"},
				"south": {"uv": [0, 0, 0.5, 0.5], "texture": "#1"},
				"west": {"uv": [0, 0, 0.5, 0.5], "texture": "#1"},
				"up": {"uv": [0, 0, 0.5, 0.5], "rotation": 90, "texture": "#1"},
				"down": {"uv": [0, 0, 0.5, 0.5], "rotation": 270, "texture": "#1"}
			}
		},
		{
			"from": [10.16155, 22.96893, 6.88477],
			"to": [10.5139, 23.63209, 8.99887],
			"rotation": {"angle": 45, "axis": "y", "origin": [7.93, 24.99872, 7.93]},
			"faces": {
				"north": {"uv": [0, 0, 0.5, 0.5], "texture": "#1"},
				"east": {"uv": [0, 0, 0.5, 0.5], "texture": "#1"},
				"south": {"uv": [0, 0, 0.5, 0.5], "texture": "#1"},
				"west": {"uv": [0, 0, 0.5, 0.5], "texture": "#1"},
				"up": {"uv": [0, 0, 0.5, 0.5], "rotation": 90, "texture": "#1"},
				"down": {"uv": [0, 0, 0.5, 0.5], "rotation": 270, "texture": "#1"}
			}
		},
		{
			"from": [10.20618, 23.13693, 6.86362],
			"to": [10.56558, 23.42209, 9.02001],
			"rotation": {"angle": 45, "axis": "y", "origin": [7.93, 24.99872, 7.93]},
			"faces": {
				"north": {"uv": [0, 0, 0.5, 0.5], "texture": "#1"},
				"east": {"uv": [0, 0, 0.5, 0.5], "texture": "#1"},
				"south": {"uv": [0, 0, 0.5, 0.5], "texture": "#1"},
				"west": {"uv": [0, 0, 0.5, 0.5], "texture": "#1"},
				"up": {"uv": [0, 0, 0.5, 0.5], "rotation": 90, "texture": "#1"},
				"down": {"uv": [0, 0, 0.5, 0.5], "rotation": 270, "texture": "#1"}
			}
		},
		{
			"from": [10.21375, 24.05832, 6.95125],
			"to": [10.43125, 24.31048, 8.90875],
			"rotation": {"angle": 45, "axis": "y", "origin": [7.93, 24.99872, 7.93]},
			"faces": {
				"north": {"uv": [0, 0, 0.5, 0.5], "texture": "#1"},
				"east": {"uv": [0, 0, 0.5, 0.5], "texture": "#1"},
				"south": {"uv": [0, 0, 0.5, 0.5], "texture": "#1"},
				"west": {"uv": [0, 0, 0.5, 0.5], "texture": "#1"},
				"up": {"uv": [0, 0, 0.5, 0.5], "rotation": 90, "texture": "#1"},
				"down": {"uv": [0, 0, 0.5, 0.5], "rotation": 270, "texture": "#1"}
			}
		},
		{
			"from": [6.94264, 23.05144, 10.01443],
			"to": [8.91736, 24.08981, 10.34355],
			"rotation": {"angle": 0, "axis": "y", "origin": [7.93, 24.99872, 7.93]},
			"faces": {
				"north": {"uv": [0, 0, 0.5, 0.5], "texture": "#1"},
				"east": {"uv": [0, 0, 0.5, 0.5], "texture": "#1"},
				"south": {"uv": [0, 0, 0.5, 0.5], "texture": "#1"},
				"west": {"uv": [0, 0, 0.5, 0.5], "texture": "#1"},
				"up": {"uv": [0, 0, 0.5, 0.5], "rotation": 180, "texture": "#1"},
				"down": {"uv": [0, 0, 0.5, 0.5], "rotation": 180, "texture": "#1"}
			}
		},
		{
			"from": [6.88131, 22.96893, 10.16991],
			"to": [8.9954, 23.63209, 10.52226],
			"rotation": {"angle": 0, "axis": "y", "origin": [7.93, 24.99872, 7.93]},
			"faces": {
				"north": {"uv": [0, 0, 0.5, 0.5], "texture": "#1"},
				"east": {"uv": [0, 0, 0.5, 0.5], "texture": "#1"},
				"south": {"uv": [0, 0, 0.5, 0.5], "texture": "#1"},
				"west": {"uv": [0, 0, 0.5, 0.5], "texture": "#1"},
				"up": {"uv": [0, 0, 0.5, 0.5], "rotation": 180, "texture": "#1"},
				"down": {"uv": [0, 0, 0.5, 0.5], "rotation": 180, "texture": "#1"}
			}
		},
		{
			"from": [6.86016, 23.13693, 10.21453],
			"to": [9.01654, 23.42209, 10.57393],
			"rotation": {"angle": 0, "axis": "y", "origin": [7.93, 24.99872, 7.93]},
			"faces": {
				"north": {"uv": [0, 0, 0.5, 0.5], "texture": "#1"},
				"east": {"uv": [0, 0, 0.5, 0.5], "texture": "#1"},
				"south": {"uv": [0, 0, 0.5, 0.5], "texture": "#1"},
				"west": {"uv": [0, 0, 0.5, 0.5], "texture": "#1"},
				"up": {"uv": [0, 0, 0.5, 0.5], "rotation": 180, "texture": "#1"},
				"down": {"uv": [0, 0, 0.5, 0.5], "rotation": 180, "texture": "#1"}
			}
		},
		{
			"from": [6.95125, 24.05832, 10.21375],
			"to": [8.90875, 24.72298, 10.43125],
			"rotation": {"angle": 0, "axis": "y", "origin": [7.93, 24.99872, 7.93]},
			"faces": {
				"north": {"uv": [0, 0, 0.5, 0.5], "texture": "#1"},
				"east": {"uv": [0, 0, 0.5, 0.5], "texture": "#1"},
				"south": {"uv": [0, 0, 0.5, 0.5], "texture": "#1"},
				"west": {"uv": [0, 0, 0.5, 0.5], "texture": "#1"},
				"up": {"uv": [0, 0, 0.5, 0.5], "rotation": 180, "texture": "#1"},
				"down": {"uv": [0, 0, 0.5, 0.5], "rotation": 180, "texture": "#1"}
			}
		},
		{
			"from": [10.01443, 23.05144, 6.94264],
			"to": [10.34355, 24.08981, 8.91736],
			"rotation": {"angle": 0, "axis": "y", "origin": [7.93, 24.99872, 7.93]},
			"faces": {
				"north": {"uv": [0, 0, 0.5, 0.5], "texture": "#1"},
				"east": {"uv": [0, 0, 0.5, 0.5], "texture": "#1"},
				"south": {"uv": [0, 0, 0.5, 0.5], "texture": "#1"},
				"west": {"uv": [0, 0, 0.5, 0.5], "texture": "#1"},
				"up": {"uv": [0, 0, 0.5, 0.5], "rotation": 90, "texture": "#1"},
				"down": {"uv": [0, 0, 0.5, 0.5], "rotation": 270, "texture": "#1"}
			}
		},
		{
			"from": [8.5789, 24.32091, 7.0996],
			"to": [10.0432, 25.61641, 8.7604],
			"rotation": {"angle": 45, "axis": "y", "origin": [7.93, 24.99872, 7.93]},
			"faces": {
				"north": {"uv": [9.25, 9.25, 14.75, 14.75], "texture": "#1"},
				"east": {"uv": [9.25, 9.25, 14.75, 14.75], "texture": "#1"},
				"south": {"uv": [9.25, 9.25, 14.75, 14.75], "texture": "#1"},
				"west": {"uv": [9.25, 9.25, 14.75, 14.75], "texture": "#1"},
				"up": {"uv": [9.25, 9.25, 14.75, 14.75], "texture": "#1"},
				"down": {"uv": [9.25, 9.25, 14.75, 14.75], "texture": "#1"}
			}
		},
		{
			"from": [8.5789, 24.32091, 7.0996],
			"to": [9.8557, 25.99141, 8.7604],
			"rotation": {"angle": 45, "axis": "y", "origin": [7.93, 24.99872, 7.93]},
			"faces": {
				"north": {"uv": [9.25, 9.25, 14.75, 14.75], "texture": "#1"},
				"east": {"uv": [9.25, 9.25, 14.75, 14.75], "texture": "#1"},
				"south": {"uv": [9.25, 9.25, 14.75, 14.75], "texture": "#1"},
				"west": {"uv": [9.25, 9.25, 14.75, 14.75], "texture": "#1"},
				"up": {"uv": [9.25, 9.25, 14.75, 14.75], "texture": "#1"},
				"down": {"uv": [9.25, 9.25, 14.75, 14.75], "texture": "#1"}
			}
		},
		{
			"from": [8.7664, 24.32091, 6.9871],
			"to": [10.2307, 25.05391, 8.8729],
			"rotation": {"angle": 45, "axis": "y", "origin": [7.93, 24.99872, 7.93]},
			"faces": {
				"north": {"uv": [9.25, 9.25, 14.75, 14.75], "texture": "#1"},
				"east": {"uv": [9.25, 9.25, 14.75, 14.75], "texture": "#1"},
				"south": {"uv": [9.25, 9.25, 14.75, 14.75], "texture": "#1"},
				"west": {"uv": [9.25, 9.25, 14.75, 14.75], "texture": "#1"},
				"up": {"uv": [9.25, 9.25, 14.75, 14.75], "texture": "#1"},
				"down": {"uv": [9.25, 9.25, 14.75, 14.75], "texture": "#1"}
			}
		},
		{
			"from": [6.9871, 24.32091, 5.6293],
			"to": [8.8729, 25.05391, 7.0936],
			"rotation": {"angle": 45, "axis": "y", "origin": [7.93, 24.99872, 7.93]},
			"faces": {
				"north": {"uv": [9.25, 9.25, 14.75, 14.75], "rotation": 270, "texture": "#1"},
				"east": {"uv": [9.25, 9.25, 14.75, 14.75], "rotation": 270, "texture": "#1"},
				"south": {"uv": [9.25, 9.25, 14.75, 14.75], "rotation": 270, "texture": "#1"},
				"west": {"uv": [9.25, 9.25, 14.75, 14.75], "rotation": 270, "texture": "#1"},
				"up": {"uv": [9.25, 9.25, 14.75, 14.75], "rotation": 270, "texture": "#1"},
				"down": {"uv": [9.25, 9.25, 14.75, 14.75], "rotation": 270, "texture": "#1"}
			}
		},
		{
			"from": [7.0996, 24.32091, 5.8168],
			"to": [8.7604, 25.61641, 7.2811],
			"rotation": {"angle": 45, "axis": "y", "origin": [7.93, 24.99872, 7.93]},
			"faces": {
				"north": {"uv": [9.25, 9.25, 14.75, 14.75], "rotation": 270, "texture": "#1"},
				"east": {"uv": [9.25, 9.25, 14.75, 14.75], "rotation": 270, "texture": "#1"},
				"south": {"uv": [9.25, 9.25, 14.75, 14.75], "rotation": 270, "texture": "#1"},
				"west": {"uv": [9.25, 9.25, 14.75, 14.75], "rotation": 270, "texture": "#1"},
				"up": {"uv": [9.25, 9.25, 14.75, 14.75], "rotation": 270, "texture": "#1"},
				"down": {"uv": [9.25, 9.25, 14.75, 14.75], "rotation": 270, "texture": "#1"}
			}
		},
		{
			"from": [7.0996, 24.32091, 6.0043],
			"to": [8.7604, 25.99141, 7.2811],
			"rotation": {"angle": 45, "axis": "y", "origin": [7.93, 24.99872, 7.93]},
			"faces": {
				"north": {"uv": [9.25, 9.25, 14.75, 14.75], "rotation": 270, "texture": "#1"},
				"east": {"uv": [9.25, 9.25, 14.75, 14.75], "rotation": 270, "texture": "#1"},
				"south": {"uv": [9.25, 9.25, 14.75, 14.75], "rotation": 270, "texture": "#1"},
				"west": {"uv": [9.25, 9.25, 14.75, 14.75], "rotation": 270, "texture": "#1"},
				"up": {"uv": [9.25, 9.25, 14.75, 14.75], "rotation": 270, "texture": "#1"},
				"down": {"uv": [9.25, 9.25, 14.75, 14.75], "rotation": 270, "texture": "#1"}
			}
		},
		{
			"from": [5.6293, 24.32091, 6.9871],
			"to": [7.0936, 25.05391, 8.8729],
			"rotation": {"angle": 45, "axis": "y", "origin": [7.93, 24.99872, 7.93]},
			"faces": {
				"north": {"uv": [9.25, 9.25, 14.75, 14.75], "rotation": 180, "texture": "#1"},
				"east": {"uv": [9.25, 9.25, 14.75, 14.75], "rotation": 180, "texture": "#1"},
				"south": {"uv": [9.25, 9.25, 14.75, 14.75], "rotation": 180, "texture": "#1"},
				"west": {"uv": [9.25, 9.25, 14.75, 14.75], "rotation": 180, "texture": "#1"},
				"up": {"uv": [9.25, 9.25, 14.75, 14.75], "rotation": 180, "texture": "#1"},
				"down": {"uv": [9.25, 9.25, 14.75, 14.75], "rotation": 180, "texture": "#1"}
			}
		},
		{
			"from": [5.8168, 24.32091, 7.0996],
			"to": [7.2811, 25.61641, 8.7604],
			"rotation": {"angle": 45, "axis": "y", "origin": [7.93, 24.99872, 7.93]},
			"faces": {
				"north": {"uv": [9.25, 9.25, 14.75, 14.75], "rotation": 180, "texture": "#1"},
				"east": {"uv": [9.25, 9.25, 14.75, 14.75], "rotation": 180, "texture": "#1"},
				"south": {"uv": [9.25, 9.25, 14.75, 14.75], "rotation": 180, "texture": "#1"},
				"west": {"uv": [9.25, 9.25, 14.75, 14.75], "rotation": 180, "texture": "#1"},
				"up": {"uv": [9.25, 9.25, 14.75, 14.75], "rotation": 180, "texture": "#1"},
				"down": {"uv": [9.25, 9.25, 14.75, 14.75], "rotation": 180, "texture": "#1"}
			}
		},
		{
			"from": [6.0043, 24.32091, 7.0996],
			"to": [7.2811, 25.91641, 8.7604],
			"rotation": {"angle": 45, "axis": "y", "origin": [7.93, 24.99872, 7.93]},
			"faces": {
				"north": {"uv": [9.25, 9.25, 14.75, 14.75], "rotation": 180, "texture": "#1"},
				"east": {"uv": [9.25, 9.25, 14.75, 14.75], "rotation": 180, "texture": "#1"},
				"south": {"uv": [9.25, 9.25, 14.75, 14.75], "rotation": 180, "texture": "#1"},
				"west": {"uv": [9.25, 9.25, 14.75, 14.75], "rotation": 180, "texture": "#1"},
				"up": {"uv": [9.25, 9.25, 14.75, 14.75], "rotation": 180, "texture": "#1"},
				"down": {"uv": [9.25, 9.25, 14.75, 14.75], "rotation": 180, "texture": "#1"}
			}
		},
		{
			"from": [8.7664, 24.32091, 6.9871],
			"to": [10.2307, 25.05391, 8.8729],
			"rotation": {"angle": -45, "axis": "y", "origin": [7.93, 24.99872, 7.93]},
			"faces": {
				"north": {"uv": [9.25, 9.25, 14.75, 14.75], "texture": "#1"},
				"east": {"uv": [9.25, 9.25, 14.75, 14.75], "texture": "#1"},
				"south": {"uv": [9.25, 9.25, 14.75, 14.75], "texture": "#1"},
				"west": {"uv": [9.25, 9.25, 14.75, 14.75], "texture": "#1"},
				"up": {"uv": [9.25, 9.25, 14.75, 14.75], "texture": "#1"},
				"down": {"uv": [9.25, 9.25, 14.75, 14.75], "texture": "#1"}
			}
		},
		{
			"from": [8.5789, 24.32091, 7.0996],
			"to": [10.0432, 25.61641, 8.7604],
			"rotation": {"angle": -45, "axis": "y", "origin": [7.93, 24.99872, 7.93]},
			"faces": {
				"north": {"uv": [9.25, 9.25, 14.75, 14.75], "texture": "#1"},
				"east": {"uv": [9.25, 9.25, 14.75, 14.75], "texture": "#1"},
				"south": {"uv": [9.25, 9.25, 14.75, 14.75], "texture": "#1"},
				"west": {"uv": [9.25, 9.25, 14.75, 14.75], "texture": "#1"},
				"up": {"uv": [9.25, 9.25, 14.75, 14.75], "texture": "#1"},
				"down": {"uv": [9.25, 9.25, 14.75, 14.75], "texture": "#1"}
			}
		},
		{
			"from": [8.5789, 24.32091, 7.0996],
			"to": [9.8557, 25.99141, 8.7604],
			"rotation": {"angle": -45, "axis": "y", "origin": [7.93, 24.99872, 7.93]},
			"faces": {
				"north": {"uv": [9.25, 9.25, 14.75, 14.75], "texture": "#1"},
				"east": {"uv": [9.25, 9.25, 14.75, 14.75], "texture": "#1"},
				"south": {"uv": [9.25, 9.25, 14.75, 14.75], "texture": "#1"},
				"west": {"uv": [9.25, 9.25, 14.75, 14.75], "texture": "#1"},
				"up": {"uv": [9.25, 9.25, 14.75, 14.75], "texture": "#1"},
				"down": {"uv": [9.25, 9.25, 14.75, 14.75], "texture": "#1"}
			}
		},
		{
			"from": [8.5789, 24.50841, 7.0996],
			"to": [9.5932, 26.25391, 8.7604],
			"rotation": {"angle": 45, "axis": "y", "origin": [7.93, 24.99872, 7.93]},
			"faces": {
				"north": {"uv": [9.25, 9.25, 14.75, 14.75], "texture": "#1"},
				"east": {"uv": [9.25, 9.25, 14.75, 14.75], "texture": "#1"},
				"south": {"uv": [9.25, 9.25, 14.75, 14.75], "texture": "#1"},
				"west": {"uv": [9.25, 9.25, 14.75, 14.75], "texture": "#1"},
				"up": {"uv": [9.25, 9.25, 14.75, 14.75], "texture": "#1"},
				"down": {"uv": [9.25, 9.25, 14.75, 14.75], "texture": "#1"}
			}
		},
		{
			"from": [7.0996, 24.50841, 6.2668],
			"to": [8.7604, 26.25391, 7.2811],
			"rotation": {"angle": 45, "axis": "y", "origin": [7.93, 24.99872, 7.93]},
			"faces": {
				"north": {"uv": [9.25, 9.25, 14.75, 14.75], "rotation": 270, "texture": "#1"},
				"east": {"uv": [9.25, 9.25, 14.75, 14.75], "rotation": 270, "texture": "#1"},
				"south": {"uv": [9.25, 9.25, 14.75, 14.75], "rotation": 270, "texture": "#1"},
				"west": {"uv": [9.25, 9.25, 14.75, 14.75], "rotation": 270, "texture": "#1"},
				"up": {"uv": [9.25, 9.25, 14.75, 14.75], "rotation": 270, "texture": "#1"},
				"down": {"uv": [9.25, 9.25, 14.75, 14.75], "rotation": 270, "texture": "#1"}
			}
		},
		{
			"from": [6.1918, 24.50841, 7.0996],
			"to": [7.2811, 26.25391, 8.7604],
			"rotation": {"angle": 45, "axis": "y", "origin": [7.93, 24.99872, 7.93]},
			"faces": {
				"north": {"uv": [9.25, 9.25, 14.75, 14.75], "rotation": 180, "texture": "#1"},
				"east": {"uv": [9.25, 9.25, 14.75, 14.75], "rotation": 180, "texture": "#1"},
				"south": {"uv": [9.25, 9.25, 14.75, 14.75], "rotation": 180, "texture": "#1"},
				"west": {"uv": [9.25, 9.25, 14.75, 14.75], "rotation": 180, "texture": "#1"},
				"up": {"uv": [9.25, 9.25, 14.75, 14.75], "rotation": 180, "texture": "#1"},
				"down": {"uv": [9.25, 9.25, 14.75, 14.75], "rotation": 180, "texture": "#1"}
			}
		},
		{
			"from": [8.5789, 24.50841, 7.0996],
			"to": [9.5932, 26.25391, 8.7604],
			"rotation": {"angle": -45, "axis": "y", "origin": [7.93, 24.99872, 7.93]},
			"faces": {
				"north": {"uv": [9.25, 9.25, 14.75, 14.75], "texture": "#1"},
				"east": {"uv": [9.25, 9.25, 14.75, 14.75], "texture": "#1"},
				"south": {"uv": [9.25, 9.25, 14.75, 14.75], "texture": "#1"},
				"west": {"uv": [9.25, 9.25, 14.75, 14.75], "texture": "#1"},
				"up": {"uv": [9.25, 9.25, 14.75, 14.75], "texture": "#1"},
				"down": {"uv": [9.25, 9.25, 14.75, 14.75], "texture": "#1"}
			}
		},
		{
			"from": [8.7664, 24.32091, 6.9871],
			"to": [9.9682, 26.14141, 8.8729],
			"rotation": {"angle": 0, "axis": "y", "origin": [7.93, 24.99872, 7.93]},
			"faces": {
				"north": {"uv": [9.25, 9.25, 14.75, 14.75], "texture": "#1"},
				"east": {"uv": [9.25, 9.25, 14.75, 14.75], "texture": "#1"},
				"south": {"uv": [9.25, 9.25, 14.75, 14.75], "texture": "#1"},
				"west": {"uv": [9.25, 9.25, 14.75, 14.75], "texture": "#1"},
				"up": {"uv": [9.25, 9.25, 14.75, 14.75], "texture": "#1"},
				"down": {"uv": [9.25, 9.25, 14.75, 14.75], "texture": "#1"}
			}
		},
		{
			"from": [8.6914, 24.32091, 6.8746],
			"to": [10.1182, 25.95391, 8.9854],
			"rotation": {"angle": 0, "axis": "y", "origin": [7.93, 24.99872, 7.93]},
			"faces": {
				"north": {"uv": [12, 2, 16, 6], "texture": "#1"},
				"east": {"uv": [12, 2, 16, 6], "texture": "#1"},
				"south": {"uv": [12, 2, 16, 6], "texture": "#1"},
				"west": {"uv": [12, 2, 16, 6], "texture": "#1"},
				"up": {"uv": [12, 2, 16, 6], "texture": "#1"},
				"down": {"uv": [12, 2, 16, 6], "texture": "#1"}
			}
		},
		{
			"from": [8.7664, 24.32091, 6.9871],
			"to": [10.2307, 25.05391, 8.8729],
			"rotation": {"angle": 0, "axis": "y", "origin": [7.93, 24.99872, 7.93]},
			"faces": {
				"north": {"uv": [9.25, 9.25, 14.75, 14.75], "texture": "#1"},
				"east": {"uv": [9.25, 9.25, 14.75, 14.75], "texture": "#1"},
				"south": {"uv": [9.25, 9.25, 14.75, 14.75], "texture": "#1"},
				"west": {"uv": [9.25, 9.25, 14.75, 14.75], "texture": "#1"},
				"up": {"uv": [9.25, 9.25, 14.75, 14.75], "texture": "#1"},
				"down": {"uv": [9.25, 9.25, 14.75, 14.75], "texture": "#1"}
			}
		},
		{
			"from": [6.9121, 24.32091, 5.8168],
			"to": [8.9479, 26.14141, 7.0936],
			"rotation": {"angle": 0, "axis": "y", "origin": [7.93, 24.99872, 7.93]},
			"faces": {
				"north": {"uv": [9.25, 9.25, 14.75, 14.75], "rotation": 270, "texture": "#1"},
				"east": {"uv": [9.25, 9.25, 14.75, 14.75], "rotation": 270, "texture": "#1"},
				"south": {"uv": [9.25, 9.25, 14.75, 14.75], "rotation": 270, "texture": "#1"},
				"west": {"uv": [9.25, 9.25, 14.75, 14.75], "rotation": 270, "texture": "#1"},
				"up": {"uv": [9.25, 9.25, 14.75, 14.75], "rotation": 270, "texture": "#1"},
				"down": {"uv": [9.25, 9.25, 14.75, 14.75], "rotation": 270, "texture": "#1"}
			}
		},
		{
			"from": [8.7664, 24.32091, 7.0996],
			"to": [9.7807, 26.40391, 8.7604],
			"rotation": {"angle": 0, "axis": "y", "origin": [7.93, 24.99872, 7.93]},
			"faces": {
				"north": {"uv": [9.25, 9.25, 14.75, 14.75], "texture": "#1"},
				"east": {"uv": [9.25, 9.25, 14.75, 14.75], "texture": "#1"},
				"south": {"uv": [9.25, 9.25, 14.75, 14.75], "texture": "#1"},
				"west": {"uv": [9.25, 9.25, 14.75, 14.75], "texture": "#1"},
				"up": {"uv": [9.25, 9.25, 14.75, 14.75], "texture": "#1"},
				"down": {"uv": [9.25, 9.25, 14.75, 14.75], "texture": "#1"}
			}
		},
		{
			"from": [5.8918, 24.32091, 6.9871],
			"to": [7.0936, 26.14141, 8.8729],
			"rotation": {"angle": 0, "axis": "y", "origin": [7.93, 24.99872, 7.93]},
			"faces": {
				"north": {"uv": [9.25, 9.25, 14.75, 14.75], "rotation": 180, "texture": "#1"},
				"east": {"uv": [9.25, 9.25, 14.75, 14.75], "rotation": 180, "texture": "#1"},
				"south": {"uv": [9.25, 9.25, 14.75, 14.75], "rotation": 180, "texture": "#1"},
				"west": {"uv": [9.25, 9.25, 14.75, 14.75], "rotation": 180, "texture": "#1"},
				"up": {"uv": [9.25, 9.25, 14.75, 14.75], "rotation": 180, "texture": "#1"},
				"down": {"uv": [9.25, 9.25, 14.75, 14.75], "rotation": 180, "texture": "#1"}
			}
		},
		{
			"from": [6.0793, 24.32091, 7.0996],
			"to": [7.0936, 26.40391, 8.7604],
			"rotation": {"angle": 0, "axis": "y", "origin": [7.93, 24.99872, 7.93]},
			"faces": {
				"north": {"uv": [9.25, 9.25, 14.75, 14.75], "rotation": 180, "texture": "#1"},
				"east": {"uv": [9.25, 9.25, 14.75, 14.75], "rotation": 180, "texture": "#1"},
				"south": {"uv": [9.25, 9.25, 14.75, 14.75], "rotation": 180, "texture": "#1"},
				"west": {"uv": [9.25, 9.25, 14.75, 14.75], "rotation": 180, "texture": "#1"},
				"up": {"uv": [9.25, 9.25, 14.75, 14.75], "rotation": 180, "texture": "#1"},
				"down": {"uv": [9.25, 9.25, 14.75, 14.75], "rotation": 180, "texture": "#1"}
			}
		},
		{
			"from": [5.7793, 24.32091, 6.8746],
			"to": [7.2061, 25.95391, 8.9854],
			"rotation": {"angle": 0, "axis": "y", "origin": [7.93, 24.99872, 7.93]},
			"faces": {
				"north": {"uv": [12, 2, 16, 6], "texture": "#1"},
				"east": {"uv": [12, 2, 16, 6], "texture": "#1"},
				"south": {"uv": [12, 2, 16, 6], "texture": "#1"},
				"west": {"uv": [12, 2, 16, 6], "texture": "#1"},
				"up": {"uv": [12, 2, 16, 6], "texture": "#1"},
				"down": {"uv": [12, 2, 16, 6], "texture": "#1"}
			}
		},
		{
			"from": [5.6293, 24.32091, 6.9871],
			"to": [7.0936, 25.05391, 8.8729],
			"rotation": {"angle": 0, "axis": "y", "origin": [7.93, 24.99872, 7.93]},
			"faces": {
				"north": {"uv": [9.25, 9.25, 14.75, 14.75], "rotation": 180, "texture": "#1"},
				"east": {"uv": [9.25, 9.25, 14.75, 14.75], "rotation": 180, "texture": "#1"},
				"south": {"uv": [9.25, 9.25, 14.75, 14.75], "rotation": 180, "texture": "#1"},
				"west": {"uv": [9.25, 9.25, 14.75, 14.75], "rotation": 180, "texture": "#1"},
				"up": {"uv": [9.25, 9.25, 14.75, 14.75], "rotation": 180, "texture": "#1"},
				"down": {"uv": [9.25, 9.25, 14.75, 14.75], "rotation": 180, "texture": "#1"}
			}
		},
		{
			"from": [6.9871, 24.32091, 8.7664],
			"to": [8.8729, 25.05391, 10.2307],
			"rotation": {"angle": 0, "axis": "y", "origin": [7.93, 24.99872, 7.93]},
			"faces": {
				"north": {"uv": [9.25, 9.25, 14.75, 14.75], "rotation": 90, "texture": "#1"},
				"east": {"uv": [9.25, 9.25, 14.75, 14.75], "rotation": 90, "texture": "#1"},
				"south": {"uv": [9.25, 9.25, 14.75, 14.75], "rotation": 90, "texture": "#1"},
				"west": {"uv": [9.25, 9.25, 14.75, 14.75], "rotation": 90, "texture": "#1"},
				"up": {"uv": [9.25, 9.25, 14.75, 14.75], "rotation": 90, "texture": "#1"},
				"down": {"uv": [9.25, 9.25, 14.75, 14.75], "rotation": 90, "texture": "#1"}
			}
		},
		{
			"from": [6.8746, 24.32091, 8.6539],
			"to": [8.9854, 25.95391, 10.1182],
			"rotation": {"angle": 0, "axis": "y", "origin": [7.93, 24.99872, 7.93]},
			"faces": {
				"north": {"uv": [12, 2, 16, 6], "texture": "#1"},
				"east": {"uv": [12, 2, 16, 6], "texture": "#1"},
				"south": {"uv": [12, 2, 16, 6], "texture": "#1"},
				"west": {"uv": [12, 2, 16, 6], "texture": "#1"},
				"up": {"uv": [12, 2, 16, 6], "texture": "#1"},
				"down": {"uv": [12, 2, 16, 6], "texture": "#1"}
			}
		},
		{
			"from": [6.9871, 24.32091, 8.7664],
			"to": [8.8729, 26.14141, 9.9682],
			"rotation": {"angle": 0, "axis": "y", "origin": [7.93, 24.99872, 7.93]},
			"faces": {
				"north": {"uv": [9.25, 9.25, 14.75, 14.75], "rotation": 90, "texture": "#1"},
				"east": {"uv": [9.25, 9.25, 14.75, 14.75], "rotation": 90, "texture": "#1"},
				"south": {"uv": [9.25, 9.25, 14.75, 14.75], "rotation": 90, "texture": "#1"},
				"west": {"uv": [9.25, 9.25, 14.75, 14.75], "rotation": 90, "texture": "#1"},
				"up": {"uv": [9.25, 9.25, 14.75, 14.75], "rotation": 90, "texture": "#1"},
				"down": {"uv": [9.25, 9.25, 14.75, 14.75], "rotation": 90, "texture": "#1"}
			}
		},
		{
			"from": [7.0996, 24.32091, 8.74765],
			"to": [8.7604, 26.40391, 9.7807],
			"rotation": {"angle": 0, "axis": "y", "origin": [7.93, 24.99872, 7.93]},
			"faces": {
				"north": {"uv": [9.25, 9.25, 14.75, 14.75], "rotation": 90, "texture": "#1"},
				"east": {"uv": [9.25, 9.25, 14.75, 14.75], "rotation": 90, "texture": "#1"},
				"south": {"uv": [9.25, 9.25, 14.75, 14.75], "rotation": 90, "texture": "#1"},
				"west": {"uv": [9.25, 9.25, 14.75, 14.75], "rotation": 90, "texture": "#1"},
				"up": {"uv": [9.25, 9.25, 14.75, 14.75], "rotation": 90, "texture": "#1"},
				"down": {"uv": [9.25, 9.25, 14.75, 14.75], "rotation": 90, "texture": "#1"}
			}
		},
		{
			"from": [7.0996, 24.48966, 7.0789],
			"to": [8.7604, 26.17891, 8.7682],
			"rotation": {"angle": 0, "axis": "y", "origin": [7.93, 24.99872, 7.93]},
			"faces": {
				"north": {"uv": [9.25, 9.25, 14.75, 14.75], "rotation": 90, "texture": "#1"},
				"east": {"uv": [9.25, 9.25, 14.75, 14.75], "rotation": 90, "texture": "#1"},
				"south": {"uv": [9.25, 9.25, 14.75, 14.75], "rotation": 90, "texture": "#1"},
				"west": {"uv": [9.25, 9.25, 14.75, 14.75], "rotation": 90, "texture": "#1"},
				"up": {"uv": [9.25, 9.25, 14.75, 14.75], "rotation": 90, "texture": "#1"},
				"down": {"uv": [9.25, 9.25, 14.75, 14.75], "rotation": 90, "texture": "#1"}
			}
		},
		{
			"from": [7.0996, 24.32091, 6.0793],
			"to": [8.7604, 26.40391, 7.11235],
			"rotation": {"angle": 0, "axis": "y", "origin": [7.93, 24.99872, 7.93]},
			"faces": {
				"north": {"uv": [9.25, 9.25, 14.75, 14.75], "rotation": 270, "texture": "#1"},
				"east": {"uv": [9.25, 9.25, 14.75, 14.75], "rotation": 270, "texture": "#1"},
				"south": {"uv": [9.25, 9.25, 14.75, 14.75], "rotation": 270, "texture": "#1"},
				"west": {"uv": [9.25, 9.25, 14.75, 14.75], "rotation": 270, "texture": "#1"},
				"up": {"uv": [9.25, 9.25, 14.75, 14.75], "rotation": 270, "texture": "#1"},
				"down": {"uv": [9.25, 9.25, 14.75, 14.75], "rotation": 270, "texture": "#1"}
			}
		},
		{
			"from": [6.9871, 24.32091, 5.6293],
			"to": [8.8729, 25.05391, 7.0936],
			"rotation": {"angle": 0, "axis": "y", "origin": [7.93, 24.99872, 7.93]},
			"faces": {
				"north": {"uv": [9.25, 9.25, 14.75, 14.75], "rotation": 270, "texture": "#1"},
				"east": {"uv": [9.25, 9.25, 14.75, 14.75], "rotation": 270, "texture": "#1"},
				"south": {"uv": [9.25, 9.25, 14.75, 14.75], "rotation": 270, "texture": "#1"},
				"west": {"uv": [9.25, 9.25, 14.75, 14.75], "rotation": 270, "texture": "#1"},
				"up": {"uv": [9.25, 9.25, 14.75, 14.75], "rotation": 270, "texture": "#1"},
				"down": {"uv": [9.25, 9.25, 14.75, 14.75], "rotation": 270, "texture": "#1"}
			}
		},
		{
			"from": [10.16991, 22.96893, 6.88131],
			"to": [10.52226, 23.63209, 8.9954],
			"rotation": {"angle": 0, "axis": "y", "origin": [7.93, 24.99872, 7.93]},
			"faces": {
				"north": {"uv": [0, 0, 0.5, 0.5], "texture": "#1"},
				"east": {"uv": [0, 0, 0.5, 0.5], "texture": "#1"},
				"south": {"uv": [0, 0, 0.5, 0.5], "texture": "#1"},
				"west": {"uv": [0, 0, 0.5, 0.5], "texture": "#1"},
				"up": {"uv": [0, 0, 0.5, 0.5], "rotation": 90, "texture": "#1"},
				"down": {"uv": [0, 0, 0.5, 0.5], "rotation": 270, "texture": "#1"}
			}
		},
		{
			"from": [10.21453, 23.13693, 6.86016],
			"to": [10.57393, 23.42209, 9.01654],
			"rotation": {"angle": 0, "axis": "y", "origin": [7.93, 24.99872, 7.93]},
			"faces": {
				"north": {"uv": [0, 0, 0.5, 0.5], "texture": "#1"},
				"east": {"uv": [0, 0, 0.5, 0.5], "texture": "#1"},
				"south": {"uv": [0, 0, 0.5, 0.5], "texture": "#1"},
				"west": {"uv": [0, 0, 0.5, 0.5], "texture": "#1"},
				"up": {"uv": [0, 0, 0.5, 0.5], "rotation": 90, "texture": "#1"},
				"down": {"uv": [0, 0, 0.5, 0.5], "rotation": 270, "texture": "#1"}
			}
		},
		{
			"from": [10.21375, 24.05832, 6.95125],
			"to": [10.43125, 24.72298, 8.90875],
			"rotation": {"angle": 0, "axis": "y", "origin": [7.93, 24.99872, 7.93]},
			"faces": {
				"north": {"uv": [0, 0, 0.5, 0.5], "texture": "#1"},
				"east": {"uv": [0, 0, 0.5, 0.5], "texture": "#1"},
				"south": {"uv": [0, 0, 0.5, 0.5], "texture": "#1"},
				"west": {"uv": [0, 0, 0.5, 0.5], "texture": "#1"},
				"up": {"uv": [0, 0, 0.5, 0.5], "rotation": 90, "texture": "#1"},
				"down": {"uv": [0, 0, 0.5, 0.5], "rotation": 270, "texture": "#1"}
			}
		},
		{
			"from": [10.3225, 24.58125, 7.16875],
			"to": [10.615, 25.16356, 8.69125],
			"rotation": {"angle": 0, "axis": "y", "origin": [7.93, 24.99872, 7.93]},
			"faces": {
				"north": {"uv": [0, 0, 0.5, 0.5], "texture": "#1"},
				"east": {"uv": [0, 0, 0.5, 0.5], "texture": "#1"},
				"south": {"uv": [0, 0, 0.5, 0.5], "texture": "#1"},
				"west": {"uv": [0, 0, 0.5, 0.5], "texture": "#1"},
				"up": {"uv": [0, 0, 0.5, 0.5], "rotation": 90, "texture": "#1"},
				"down": {"uv": [0, 0, 0.5, 0.5], "rotation": 270, "texture": "#1"}
			}
		},
		{
			"from": [10.43125, 25.01356, 7.495],
			"to": [10.72375, 25.42712, 8.365],
			"rotation": {"angle": 0, "axis": "y", "origin": [7.93, 24.99872, 7.93]},
			"faces": {
				"north": {"uv": [0, 0, 0.5, 0.5], "texture": "#1"},
				"east": {"uv": [0, 0, 0.5, 0.5], "texture": "#1"},
				"south": {"uv": [0, 0, 0.5, 0.5], "texture": "#1"},
				"west": {"uv": [0, 0, 0.5, 0.5], "texture": "#1"},
				"up": {"uv": [0, 0, 0.5, 0.5], "rotation": 90, "texture": "#1"},
				"down": {"uv": [0, 0, 0.5, 0.5], "rotation": 270, "texture": "#1"}
			}
		},
		{
			"from": [7.495, 25.01356, 10.43125],
			"to": [8.365, 25.42712, 10.72375],
			"rotation": {"angle": 0, "axis": "y", "origin": [7.93, 24.99872, 7.93]},
			"faces": {
				"north": {"uv": [0, 0, 0.5, 0.5], "texture": "#1"},
				"east": {"uv": [0, 0, 0.5, 0.5], "texture": "#1"},
				"south": {"uv": [0, 0, 0.5, 0.5], "texture": "#1"},
				"west": {"uv": [0, 0, 0.5, 0.5], "texture": "#1"},
				"up": {"uv": [0, 0, 0.5, 0.5], "rotation": 180, "texture": "#1"},
				"down": {"uv": [0, 0, 0.5, 0.5], "rotation": 180, "texture": "#1"}
			}
		},
		{
			"from": [7.16875, 24.58125, 10.3225],
			"to": [8.69125, 25.16356, 10.615],
			"rotation": {"angle": 0, "axis": "y", "origin": [7.93, 24.99872, 7.93]},
			"faces": {
				"north": {"uv": [0, 0, 0.5, 0.5], "texture": "#1"},
				"east": {"uv": [0, 0, 0.5, 0.5], "texture": "#1"},
				"south": {"uv": [0, 0, 0.5, 0.5], "texture": "#1"},
				"west": {"uv": [0, 0, 0.5, 0.5], "texture": "#1"},
				"up": {"uv": [0, 0, 0.5, 0.5], "rotation": 180, "texture": "#1"},
				"down": {"uv": [0, 0, 0.5, 0.5], "rotation": 180, "texture": "#1"}
			}
		}
	],
	"groups": [
		{
			"name": "Head",
			"origin": [0, 24, 0],
			"rotation": [6, -5, 0],
			"color": 0,
			"children": [0, 1]
		},
		{
			"name": "Body",
			"origin": [0, 24, 0],
			"color": 0,
			"children": [2, 3]
		},
		{
			"name": "RightArm",
			"origin": [5, 22, 0],
			"rotation": [10, 0, 0],
			"color": 0,
			"children": [4, 5]
		},
		{
			"name": "LeftArm",
			"origin": [-5, 22, 0],
			"rotation": [-12, 0, 0],
			"color": 0,
			"children": [6, 7]
		},
		{
			"name": "RightLeg",
			"origin": [1.9, 12, 0],
			"rotation": [-11, 0, 2],
			"color": 0,
			"children": [8, 9]
		},
		{
			"name": "LeftLeg",
			"origin": [-1.9, 12, 0],
			"rotation": [10, 0, -2],
			"color": 0,
			"children": [10, 11]
		},
		{
			"name": "crown",
			"origin": [8, 8, 8],
			"color": 0,
			"children": [
				12,
				13,
				14,
				15,
				16,
				17,
				18,
				19,
				20,
				21,
				22,
				23,
				24,
				25,
				26,
				27,
				28,
				29,
				30,
				31,
				32,
				33,
				34,
				35,
				36,
				37,
				38,
				39,
				40,
				41,
				42,
				43,
				44,
				45,
				46,
				47,
				48,
				49,
				50,
				51,
				52,
				53,
				54,
				55,
				56,
				57,
				58,
				59,
				60,
				61,
				62,
				63,
				64,
				65,
				66,
				67,
				68,
				69,
				70,
				71,
				72,
				73,
				74,
				75,
				76,
				77,
				78,
				79,
				80,
				81,
				82,
				83,
				84,
				85,
				86,
				87,
				88,
				89,
				90,
				91,
				92,
				93,
				94,
				95,
				96,
				97,
				98,
				99,
				100,
				101,
				102,
				103,
				104
			]
		}
	]
}
