{
	"textures": {
		"1": "block/fire_0",
		"2": "block/fire_1",
		"3": "ssbrc:fighters/altered_beast/items/warewolf/fire",
		"particle": "ssbrc:fighters/altered_beast/items/warewolf/fire"
	},
	"elements": [
		{
			"name": "outer",
			"from": [7, 7.2, 7],
			"to": [9, 11.2, 9],
			"rotation": {"angle": 0, "axis": "y", "origin": [8, 8, 8]},
			"faces": {
				"north": {"uv": [0, 0, 16, 16], "texture": "#2"},
				"east": {"uv": [0, 0, 16, 16], "texture": "#1"},
				"south": {"uv": [0, 0, 16, 16], "texture": "#2"},
				"west": {"uv": [0, 0, 16, 16], "texture": "#1"},
				"down": {"uv": [2, 2, 14, 14], "texture": "#3"}
			}
		},
		{
			"name": "north",
			"from": [7, 7.2, 7.1],
			"to": [9, 11.2, 7.1],
			"rotation": {"angle": 0, "axis": "y", "origin": [8, 8, 8]},
			"faces": {
				"north": {"uv": [0, 0, 16, 16], "texture": "#2"},
				"south": {"uv": [16, 0, 0, 16], "texture": "#2"}
			}
		},
		{
			"name": "east",
			"from": [8.9, 7.2, 7],
			"to": [8.9, 11.2, 9],
			"rotation": {"angle": 0, "axis": "y", "origin": [8, 8, 8]},
			"faces": {
				"east": {"uv": [0, 0, 16, 16], "texture": "#1"},
				"west": {"uv": [16, 0, 0, 16], "texture": "#1"}
			}
		},
		{
			"name": "south",
			"from": [7, 7.2, 8.9],
			"to": [9, 11.2, 8.9],
			"rotation": {"angle": 0, "axis": "y", "origin": [8, 8, 8]},
			"faces": {
				"north": {"uv": [16, 0, 0, 16], "texture": "#2"},
				"south": {"uv": [0, 0, 16, 16], "texture": "#2"}
			}
		},
		{
			"name": "west",
			"from": [7.1, 7.2, 7],
			"to": [7.1, 11.2, 9],
			"rotation": {"angle": 0, "axis": "y", "origin": [8, 8, 8]},
			"faces": {
				"east": {"uv": [16, 0, 0, 16], "texture": "#1"},
				"west": {"uv": [0, 0, 16, 16], "texture": "#1"}
			}
		},
		{
			"name": "bottom",
			"from": [7, 7.3, 7],
			"to": [8.9, 7.3, 8.9],
			"rotation": {"angle": 0, "axis": "y", "origin": [8, 8, 8]},
			"faces": {
				"up": {"uv": [2, 2, 14, 14], "texture": "#3"},
				"down": {"uv": [0, 0, 0, 0], "texture": "#3"}
			}
		}
	],
	"display": {
		"thirdperson_righthand": {
			"rotation": [90, 0, 0],
			"translation": [0, -2, 3],
			"scale": [3.25, 4, 3.25]
		},
		"thirdperson_lefthand": {
			"rotation": [90, 90, 0],
			"translation": [0, -2, 3],
			"scale": [3.25, 4, 3.25]
		},
		"firstperson_righthand": {
			"rotation": [90, 0, 0],
			"translation": [0, 1.75, 5.25],
			"scale": [2, 4, 2]
		},
		"firstperson_lefthand": {
			"rotation": [90, 0, 0],
			"translation": [0, 1.75, 5.25],
			"scale": [2, 4, 2]
		},
		"gui": {
			"rotation": [-25, -45, 0],
			"translation": [0, -2, 0],
			"scale": [4, 3, 4]
		}
	},
	"groups": [
		0,
		{
			"name": "inner",
			"origin": [8, 8, 8],
			"color": 0,
			"children": [1, 2, 3, 4]
		},
		5
	]
}
