{
	"textures": {
		"0": "ssbrc:fighters/dark_samus/items/phazon_spike"
	},
	"elements": [
		{
			"from": [0, -16, 0],
			"to": [6, -14, 7],
			"rotation": {"angle": 0, "axis": "y", "origin": [0, -16, 0]},
			"faces": {
				"north": {"uv": [0, 0, 6, 2], "texture": "#0"},
				"east": {"uv": [0, 0, 7, 2], "texture": "#0"},
				"south": {"uv": [0, 0, 6, 2], "texture": "#0"},
				"west": {"uv": [0, 0, 7, 2], "texture": "#0"},
				"up": {"uv": [0, 0, 6, 7], "texture": "#0"},
				"down": {"uv": [0, 0, 6, 7], "texture": "#0"}
			}
		},
		{
			"from": [0.25, -14, 0.5],
			"to": [5.75, -7, 6],
			"rotation": {"angle": 22.5, "axis": "x", "origin": [3, -14, 0.5]},
			"faces": {
				"north": {"uv": [0, 0, 5.5, 7], "texture": "#0"},
				"east": {"uv": [0, 0, 5.5, 7], "texture": "#0"},
				"south": {"uv": [0, 0, 5.5, 7], "texture": "#0"},
				"west": {"uv": [0, 0, 5.5, 7], "texture": "#0"},
				"up": {"uv": [0, 0, 5.5, 5.5], "texture": "#0"},
				"down": {"uv": [0, 0, 5.5, 5.5], "texture": "#0"}
			}
		},
		{
			"from": [0.5, -7.53284, 3.17878],
			"to": [5.5, -1.53284, 8.67878],
			"rotation": {"angle": 45, "axis": "x", "origin": [3, -7.53284, 3.17878]},
			"faces": {
				"north": {"uv": [0, 0, 5, 6], "texture": "#0"},
				"east": {"uv": [0, 0, 5.5, 6], "texture": "#0"},
				"south": {"uv": [0, 0, 5, 6], "texture": "#0"},
				"west": {"uv": [0, 0, 5.5, 6], "texture": "#0"},
				"up": {"uv": [0, 0, 5, 5.5], "texture": "#0"},
				"down": {"uv": [0, 0, 5, 5.5], "texture": "#0"}
			}
		},
		{
			"from": [0.75, -7.17929, 5.81051],
			"to": [5.25, -1.17929, 11.31051],
			"rotation": {"angle": 22.5, "axis": "x", "origin": [3, -7.17929, 11.31051]},
			"faces": {
				"north": {"uv": [0, 0, 4.5, 6], "texture": "#0"},
				"east": {"uv": [0, 0, 5.5, 6], "texture": "#0"},
				"south": {"uv": [0, 0, 4.5, 6], "texture": "#0"},
				"west": {"uv": [0, 0, 5.5, 6], "texture": "#0"},
				"up": {"uv": [0, 0, 4.5, 5.5], "texture": "#0"},
				"down": {"uv": [0, 0, 4.5, 5.5], "texture": "#0"}
			}
		},
		{
			"from": [1.25, -1.63601, 8.60661],
			"to": [4.75, 5.36399, 13.60661],
			"rotation": {"angle": -22.5, "axis": "x", "origin": [3, -1.63601, 13.60661]},
			"faces": {
				"north": {"uv": [0, 0, 3.5, 7], "texture": "#0"},
				"east": {"uv": [0, 0, 5, 7], "texture": "#0"},
				"south": {"uv": [0, 0, 3.5, 7], "texture": "#0"},
				"west": {"uv": [0, 0, 5, 7], "texture": "#0"},
				"up": {"uv": [0, 0, 3.5, 5], "texture": "#0"},
				"down": {"uv": [0, 0, 3.5, 5], "texture": "#0"}
			}
		},
		{
			"from": [1.5, 2.91773, 6.30843],
			"to": [4.5, 8.91773, 10.80843],
			"rotation": {"angle": 0, "axis": "x", "origin": [3, 2.91773, 6.30843]},
			"faces": {
				"north": {"uv": [0, 0, 3, 6], "texture": "#0"},
				"east": {"uv": [0, 0, 4.5, 6], "texture": "#0"},
				"south": {"uv": [0, 0, 3, 6], "texture": "#0"},
				"west": {"uv": [0, 0, 4.5, 6], "texture": "#0"},
				"up": {"uv": [0, 0, 3, 4.5], "texture": "#0"},
				"down": {"uv": [0, 0, 3, 4.5], "texture": "#0"}
			}
		},
		{
			"from": [1.3, 8.71773, 6.10843],
			"to": [4.7, 10.61773, 11.50843],
			"rotation": {"angle": 22.5, "axis": "x", "origin": [3, 8.91773, 6.30843]},
			"faces": {
				"north": {"uv": [0, 0, 3, 1.5], "texture": "#0"},
				"east": {"uv": [0, 0, 5, 1.5], "texture": "#0"},
				"south": {"uv": [0, 0, 3, 1.5], "texture": "#0"},
				"west": {"uv": [0, 0, 5, 1.5], "texture": "#0"},
				"up": {"uv": [0, 0, 3, 5], "texture": "#0"},
				"down": {"uv": [0, 0, 3, 5], "texture": "#0"}
			}
		},
		{
			"from": [1.75, 8.67714, 7.05894],
			"to": [4.25, 12.67714, 11.05894],
			"rotation": {"angle": 0, "axis": "x", "origin": [3, 8.67714, 10.80894]},
			"faces": {
				"north": {"uv": [0, 0, 2.5, 4], "texture": "#0"},
				"east": {"uv": [0, 0, 4, 4], "texture": "#0"},
				"south": {"uv": [0, 0, 2.5, 4], "texture": "#0"},
				"west": {"uv": [0, 0, 4, 4], "texture": "#0"},
				"up": {"uv": [0, 0, 2.5, 4], "texture": "#0"},
				"down": {"uv": [0, 0, 2.5, 4], "texture": "#0"}
			}
		},
		{
			"from": [2, 12.67714, 7.55894],
			"to": [4, 15.67714, 10.55894],
			"rotation": {"angle": 0, "axis": "x", "origin": [3, 8.67714, 10.80894]},
			"faces": {
				"north": {"uv": [0, 0, 2, 3], "texture": "#0"},
				"east": {"uv": [0, 0, 3, 3], "texture": "#0"},
				"south": {"uv": [0, 0, 2, 3], "texture": "#0"},
				"west": {"uv": [0, 0, 3, 3], "texture": "#0"},
				"up": {"uv": [0, 0, 2, 3], "texture": "#0"},
				"down": {"uv": [0, 0, 2, 3], "texture": "#0"}
			}
		},
		{
			"from": [2.25, 15.67714, 8.05894],
			"to": [3.75, 17.67714, 9.80894],
			"rotation": {"angle": 0, "axis": "x", "origin": [3, 8.67714, 10.80894]},
			"faces": {
				"north": {"uv": [0, 0, 1.5, 2], "texture": "#0"},
				"east": {"uv": [0, 0, 1.75, 2], "texture": "#0"},
				"south": {"uv": [0, 0, 1.5, 2], "texture": "#0"},
				"west": {"uv": [0, 0, 1.75, 2], "texture": "#0"},
				"up": {"uv": [0, 0, 1.5, 1.75], "texture": "#0"},
				"down": {"uv": [0, 0, 1.5, 1.75], "texture": "#0"}
			}
		},
		{
			"from": [2.5, 17.67714, 8.55894],
			"to": [3.5, 19.67714, 9.30894],
			"rotation": {"angle": 0, "axis": "x", "origin": [3, 8.67714, 10.80894]},
			"faces": {
				"north": {"uv": [0, 0, 1, 2], "texture": "#0"},
				"east": {"uv": [0, 0, 0.75, 2], "texture": "#0"},
				"south": {"uv": [0, 0, 1, 2], "texture": "#0"},
				"west": {"uv": [0, 0, 0.75, 2], "texture": "#0"},
				"up": {"uv": [0, 0, 1, 0.75], "texture": "#0"},
				"down": {"uv": [0, 0, 1, 0.75], "texture": "#0"}
			}
		},
		{
			"from": [2.25, 17.67714, 8.05894],
			"to": [3.75, 17.67714, 9.80894],
			"rotation": {"angle": 0, "axis": "x", "origin": [3, 8.67714, 10.80894]},
			"faces": {
				"north": {"uv": [0, 0, 1.5, 0], "texture": "#0"},
				"east": {"uv": [0, 0, 1.75, 0], "texture": "#0"},
				"south": {"uv": [0, 0, 1.5, 0], "texture": "#0"},
				"west": {"uv": [0, 0, 1.75, 0], "texture": "#0"},
				"up": {"uv": [0, 0, 1.5, 1.75], "texture": "#0"},
				"down": {"uv": [0, 0, 1.5, 1.75], "texture": "#0"}
			}
		}
	]
}
