{
	"texture_size": [64, 64],
	"elements": [
		{
			"name": "Head",
			"from": [4, 15, 4],
			"to": [12, 23, 12],
			"rotation": {"angle": 0, "axis": "y", "origin": [8, 18.75, 8]},
			"faces": {
				"north": {"uv": [2, 2, 4, 4], "texture": "#base"},
				"east": {"uv": [0, 2, 2, 4], "texture": "#base"},
				"south": {"uv": [6, 2, 8, 4], "texture": "#base"},
				"west": {"uv": [4, 2, 6, 4], "texture": "#base"},
				"up": {"uv": [4, 2, 2, 0], "texture": "#base"},
				"down": {"uv": [6, 0, 4, 2], "texture": "#base"}
			}
		},
		{
			"name": "Hat Layer",
			"from": [3.5, 14.5, 3.5],
			"to": [12.5, 23.5, 12.5],
			"rotation": {"angle": 0, "axis": "y", "origin": [8, 18.75, 8]},
			"faces": {
				"north": {"uv": [10, 2, 12, 4], "texture": "#base"},
				"east": {"uv": [8, 2, 10, 4], "texture": "#base"},
				"south": {"uv": [14, 2, 16, 4], "texture": "#base"},
				"west": {"uv": [12, 2, 14, 4], "texture": "#base"},
				"up": {"uv": [12, 2, 10, 0], "texture": "#base"},
				"down": {"uv": [14, 0, 12, 2], "texture": "#base"}
			}
		},
		{
			"name": "Body",
			"from": [4, 3, 6],
			"to": [12, 15, 10],
			"rotation": {"angle": 0, "axis": "y", "origin": [8, 9, 8]},
			"faces": {
				"north": {"uv": [5, 5, 7, 8], "texture": "#base"},
				"east": {"uv": [4, 5, 5, 8], "texture": "#base"},
				"south": {"uv": [8, 5, 10, 8], "texture": "#base"},
				"west": {"uv": [7, 5, 8, 8], "texture": "#base"},
				"up": {"uv": [7, 5, 5, 4], "texture": "#base"},
				"down": {"uv": [9, 4, 7, 5], "texture": "#base"}
			}
		},
		{
			"name": "Body Layer",
			"from": [3.75, 2.75, 5.75],
			"to": [12.25, 15.25, 10.25],
			"rotation": {"angle": 0, "axis": "y", "origin": [8, 9, 8]},
			"faces": {
				"north": {"uv": [5, 9, 7, 12], "texture": "#base"},
				"east": {"uv": [4, 9, 5, 12], "texture": "#base"},
				"south": {"uv": [8, 9, 10, 12], "texture": "#base"},
				"west": {"uv": [7, 9, 8, 12], "texture": "#base"},
				"up": {"uv": [7, 9, 5, 8], "texture": "#base"},
				"down": {"uv": [9, 8, 7, 9], "texture": "#base"}
			}
		},
		{
			"from": [12.46094, 0.45902, 7.2928],
			"to": [17.53906, 7.68558, 8.65999],
			"rotation": {"angle": 0, "axis": "y", "origin": [15, 6.76843, 7.87484]},
			"faces": {
				"north": {"uv": [13, 2, 12, 1], "rotation": 180, "texture": "#arm_cannon"},
				"east": {"uv": [13, 2, 12, 1], "rotation": 90, "texture": "#arm_cannon"},
				"south": {"uv": [13, 2, 12, 1], "texture": "#arm_cannon"},
				"west": {"uv": [13, 2, 12, 1], "rotation": 270, "texture": "#arm_cannon"},
				"up": {"uv": [12, 1, 13, 2], "rotation": 180, "texture": "#arm_cannon"},
				"down": {"uv": [12, 1, 13, 2], "texture": "#arm_cannon"}
			}
		},
		{
			"from": [11.67969, 12.56839, 6.90218],
			"to": [18.32031, 14.91214, 10.4178],
			"rotation": {"angle": 0, "axis": "y", "origin": [15, 6.76843, 7.87484]},
			"faces": {
				"north": {"uv": [13, 2, 12, 1], "rotation": 180, "texture": "#arm_cannon"},
				"east": {"uv": [13, 2, 12, 1], "rotation": 90, "texture": "#arm_cannon"},
				"south": {"uv": [13, 2, 12, 1], "texture": "#arm_cannon"},
				"west": {"uv": [13, 2, 12, 1], "rotation": 270, "texture": "#arm_cannon"},
				"up": {"uv": [12, 1, 13, 2], "rotation": 180, "texture": "#arm_cannon"},
				"down": {"uv": [12, 1, 13, 2], "texture": "#arm_cannon"}
			}
		},
		{
			"from": [12.46094, 7.45203, 4.94905],
			"to": [17.53906, 8.91687, 10.32015],
			"rotation": {"angle": 0, "axis": "y", "origin": [15, 6.76843, 7.87484]},
			"faces": {
				"north": {"uv": [13, 2, 12, 1], "rotation": 180, "texture": "#arm_cannon"},
				"east": {"uv": [13, 2, 12, 1], "rotation": 90, "texture": "#arm_cannon"},
				"south": {"uv": [13, 2, 12, 1], "texture": "#arm_cannon"},
				"west": {"uv": [13, 2, 12, 1], "rotation": 270, "texture": "#arm_cannon"},
				"up": {"uv": [12, 1, 13, 2], "rotation": 180, "texture": "#arm_cannon"},
				"down": {"uv": [12, 1, 13, 2], "texture": "#arm_cannon"}
			}
		},
		{
			"from": [13.33984, 11.44048, 7.15405],
			"to": [16.66016, 15.83501, 8.32593],
			"rotation": {"angle": 22.5, "axis": "x", "origin": [15, 6.76843, 7.87484]},
			"faces": {
				"north": {"uv": [13, 2, 12, 1], "rotation": 180, "texture": "#arm_cannon"},
				"east": {"uv": [13, 2, 12, 1], "rotation": 90, "texture": "#arm_cannon"},
				"south": {"uv": [13, 2, 12, 1], "texture": "#arm_cannon"},
				"west": {"uv": [13, 2, 12, 1], "rotation": 270, "texture": "#arm_cannon"},
				"up": {"uv": [12, 1, 13, 2], "rotation": 180, "texture": "#arm_cannon"},
				"down": {"uv": [12, 1, 13, 2], "texture": "#arm_cannon"}
			}
		},
		{
			"from": [13.04688, 5.35874, 7.4648],
			"to": [16.95313, 7.70249, 10.00386],
			"rotation": {"angle": 0, "axis": "y", "origin": [15, 6.76843, 7.87484]},
			"faces": {
				"north": {"uv": [13, 3, 12, 2], "rotation": 180, "texture": "#arm_cannon"},
				"east": {"uv": [13, 3, 12, 2], "rotation": 90, "texture": "#arm_cannon"},
				"south": {"uv": [13, 3, 12, 2], "texture": "#arm_cannon"},
				"west": {"uv": [13, 3, 12, 2], "rotation": 270, "texture": "#arm_cannon"},
				"up": {"uv": [12, 2, 13, 3], "rotation": 180, "texture": "#arm_cannon"},
				"down": {"uv": [12, 2, 13, 3], "texture": "#arm_cannon"}
			}
		},
		{
			"from": [12.07031, 13.17356, 6.89323],
			"to": [17.92969, 16.20091, 7.96745],
			"rotation": {"angle": 22.5, "axis": "x", "origin": [15, 6.76843, 7.87484]},
			"faces": {
				"north": {"uv": [13, 2, 12, 1], "texture": "#arm_cannon"},
				"east": {"uv": [13, 2, 12, 1], "rotation": 270, "texture": "#arm_cannon"},
				"south": {"uv": [13, 2, 12, 1], "rotation": 180, "texture": "#arm_cannon"},
				"west": {"uv": [13, 2, 12, 1], "rotation": 90, "texture": "#arm_cannon"},
				"up": {"uv": [12, 1, 13, 2], "texture": "#arm_cannon"},
				"down": {"uv": [12, 1, 13, 2], "rotation": 180, "texture": "#arm_cannon"}
			}
		},
		{
			"from": [13.24219, -3.83786, 6.51155],
			"to": [16.75781, 6.80667, 7.87874],
			"rotation": {"angle": 0, "axis": "y", "origin": [15, 6.76843, 7.87484]},
			"faces": {
				"north": {"uv": [13, 2, 12, 1], "rotation": 180, "texture": "#arm_cannon"},
				"east": {"uv": [13, 2, 12, 1], "rotation": 90, "texture": "#arm_cannon"},
				"south": {"uv": [13, 2, 12, 1], "texture": "#arm_cannon"},
				"west": {"uv": [13, 2, 12, 1], "rotation": 270, "texture": "#arm_cannon"},
				"up": {"uv": [12, 1, 13, 2], "rotation": 180, "texture": "#arm_cannon"},
				"down": {"uv": [12, 1, 13, 2], "texture": "#arm_cannon"}
			}
		},
		{
			"from": [13.53516, -3.64255, 5.92562],
			"to": [14.12109, 7.78324, 6.51155],
			"rotation": {"angle": 0, "axis": "y", "origin": [15, 6.76843, 7.87484]},
			"faces": {
				"north": {"uv": [11, 2, 10, 1], "rotation": 180, "texture": "#arm_cannon"},
				"east": {"uv": [11, 2, 10, 1], "rotation": 90, "texture": "#arm_cannon"},
				"south": {"uv": [11, 2, 10, 1], "texture": "#arm_cannon"},
				"west": {"uv": [11, 2, 10, 1], "rotation": 270, "texture": "#arm_cannon"},
				"up": {"uv": [10, 1, 11, 2], "rotation": 180, "texture": "#arm_cannon"},
				"down": {"uv": [10, 1, 11, 2], "texture": "#arm_cannon"}
			}
		},
		{
			"from": [15.87891, -3.64255, 5.92562],
			"to": [16.46484, 7.78324, 6.51155],
			"rotation": {"angle": 0, "axis": "y", "origin": [15, 6.76843, 7.87484]},
			"faces": {
				"north": {"uv": [11, 2, 10, 1], "rotation": 180, "texture": "#arm_cannon"},
				"east": {"uv": [11, 2, 10, 1], "rotation": 90, "texture": "#arm_cannon"},
				"south": {"uv": [11, 2, 10, 1], "texture": "#arm_cannon"},
				"west": {"uv": [11, 2, 10, 1], "rotation": 270, "texture": "#arm_cannon"},
				"up": {"uv": [10, 1, 11, 2], "rotation": 180, "texture": "#arm_cannon"},
				"down": {"uv": [10, 1, 11, 2], "texture": "#arm_cannon"}
			}
		},
		{
			"from": [16.17188, -0.02926, 9.24593],
			"to": [16.75781, 5.43949, 9.83187],
			"rotation": {"angle": 0, "axis": "y", "origin": [15, 6.76843, 7.87484]},
			"faces": {
				"north": {"uv": [11, 2, 10, 1], "rotation": 180, "texture": "#arm_cannon"},
				"east": {"uv": [11, 2, 10, 1], "rotation": 90, "texture": "#arm_cannon"},
				"south": {"uv": [11, 2, 10, 1], "texture": "#arm_cannon"},
				"west": {"uv": [11, 2, 10, 1], "rotation": 270, "texture": "#arm_cannon"},
				"up": {"uv": [10, 1, 11, 2], "rotation": 180, "texture": "#arm_cannon"},
				"down": {"uv": [10, 1, 11, 2], "texture": "#arm_cannon"}
			}
		},
		{
			"from": [13.24219, -0.02926, 9.24593],
			"to": [13.82813, 5.43949, 9.83187],
			"rotation": {"angle": 0, "axis": "y", "origin": [15, 6.76843, 7.87484]},
			"faces": {
				"north": {"uv": [11, 2, 10, 1], "rotation": 180, "texture": "#arm_cannon"},
				"east": {"uv": [11, 2, 10, 1], "rotation": 90, "texture": "#arm_cannon"},
				"south": {"uv": [11, 2, 10, 1], "texture": "#arm_cannon"},
				"west": {"uv": [11, 2, 10, 1], "rotation": 270, "texture": "#arm_cannon"},
				"up": {"uv": [10, 1, 11, 2], "rotation": 180, "texture": "#arm_cannon"},
				"down": {"uv": [10, 1, 11, 2], "texture": "#arm_cannon"}
			}
		},
		{
			"from": [14.70703, -3.64255, 5.43733],
			"to": [15.29297, 4.0723, 6.02327],
			"rotation": {"angle": 0, "axis": "y", "origin": [15, 6.76843, 7.87484]},
			"faces": {
				"north": {"uv": [11, 2, 10, 1], "rotation": 180, "texture": "#arm_cannon"},
				"east": {"uv": [11, 2, 10, 1], "rotation": 90, "texture": "#arm_cannon"},
				"south": {"uv": [11, 2, 10, 1], "texture": "#arm_cannon"},
				"west": {"uv": [11, 2, 10, 1], "rotation": 270, "texture": "#arm_cannon"},
				"up": {"uv": [10, 1, 11, 2], "rotation": 180, "texture": "#arm_cannon"},
				"down": {"uv": [10, 1, 11, 2], "texture": "#arm_cannon"}
			}
		},
		{
			"from": [16.75781, 12.70761, 9.33275],
			"to": [17.92969, 15.73496, 10.30931],
			"rotation": {"angle": -22.5, "axis": "x", "origin": [15, 6.76843, 7.87484]},
			"faces": {
				"north": {"uv": [13, 2, 12, 1], "rotation": 180, "texture": "#arm_cannon"},
				"east": {"uv": [13, 2, 12, 1], "rotation": 90, "texture": "#arm_cannon"},
				"south": {"uv": [13, 2, 12, 1], "texture": "#arm_cannon"},
				"west": {"uv": [13, 2, 12, 1], "rotation": 270, "texture": "#arm_cannon"},
				"up": {"uv": [12, 1, 13, 2], "rotation": 180, "texture": "#arm_cannon"},
				"down": {"uv": [12, 1, 13, 2], "texture": "#arm_cannon"}
			}
		},
		{
			"from": [14.12109, -3.60005, 5.9387],
			"to": [15.87891, 7.63042, 6.32933],
			"rotation": {"angle": 0, "axis": "y", "origin": [15, 6.76843, 7.87484]},
			"faces": {
				"north": {"uv": [13, 2, 12, 1], "rotation": 180, "texture": "#arm_cannon"},
				"east": {"uv": [13, 2, 12, 1], "rotation": 90, "texture": "#arm_cannon"},
				"south": {"uv": [13, 2, 12, 1], "texture": "#arm_cannon"},
				"west": {"uv": [13, 2, 12, 1], "rotation": 270, "texture": "#arm_cannon"},
				"up": {"uv": [12, 1, 13, 2], "rotation": 180, "texture": "#arm_cannon"},
				"down": {"uv": [12, 1, 13, 2], "texture": "#arm_cannon"}
			}
		},
		{
			"from": [14.12109, -3.60005, 5.54808],
			"to": [15.87891, 7.63042, 7.59886],
			"rotation": {"angle": 0, "axis": "y", "origin": [15, 6.76843, 7.87484]},
			"faces": {
				"north": {"uv": [13, 2, 12, 1], "rotation": 180, "texture": "#arm_cannon"},
				"east": {"uv": [13, 2, 12, 1], "rotation": 90, "texture": "#arm_cannon"},
				"south": {"uv": [13, 2, 12, 1], "texture": "#arm_cannon"},
				"west": {"uv": [13, 2, 12, 1], "rotation": 270, "texture": "#arm_cannon"},
				"up": {"uv": [12, 1, 13, 2], "rotation": 180, "texture": "#arm_cannon"},
				"down": {"uv": [12, 1, 13, 2], "texture": "#arm_cannon"}
			}
		},
		{
			"from": [13.92578, 4.01714, 5.15745],
			"to": [16.07422, 7.63042, 6.03636],
			"rotation": {"angle": 0, "axis": "y", "origin": [15, 6.76843, 7.87484]},
			"faces": {
				"north": {"uv": [13, 2, 12, 1], "rotation": 180, "texture": "#arm_cannon"},
				"east": {"uv": [13, 2, 12, 1], "rotation": 90, "texture": "#arm_cannon"},
				"south": {"uv": [13, 2, 12, 1], "texture": "#arm_cannon"},
				"west": {"uv": [13, 2, 12, 1], "rotation": 270, "texture": "#arm_cannon"},
				"up": {"uv": [12, 1, 13, 2], "rotation": 180, "texture": "#arm_cannon"},
				"down": {"uv": [12, 1, 13, 2], "texture": "#arm_cannon"}
			}
		},
		{
			"from": [14.12109, -4.57661, 5.9387],
			"to": [15.87891, 7.63042, 7.5012],
			"rotation": {"angle": 0, "axis": "y", "origin": [15, 6.76843, 7.87484]},
			"faces": {
				"north": {"uv": [13, 2, 12, 1], "rotation": 180, "texture": "#arm_cannon"},
				"east": {"uv": [13, 2, 12, 1], "rotation": 90, "texture": "#arm_cannon"},
				"south": {"uv": [13, 2, 12, 1], "texture": "#arm_cannon"},
				"west": {"uv": [13, 2, 12, 1], "rotation": 270, "texture": "#arm_cannon"},
				"up": {"uv": [12, 1, 13, 2], "rotation": 180, "texture": "#arm_cannon"},
				"down": {"uv": [12, 1, 13, 2], "texture": "#arm_cannon"}
			}
		},
		{
			"from": [13.82813, 0.61435, 12.25132],
			"to": [16.17188, 3.34873, 14.00913],
			"rotation": {"angle": 45, "axis": "x", "origin": [15, 6.76843, 7.87484]},
			"faces": {
				"north": {"uv": [13, 3, 12, 2], "rotation": 180, "texture": "#arm_cannon"},
				"east": {"uv": [13, 3, 12, 2], "rotation": 90, "texture": "#arm_cannon"},
				"south": {"uv": [13, 3, 12, 2], "texture": "#arm_cannon"},
				"west": {"uv": [13, 3, 12, 2], "rotation": 270, "texture": "#arm_cannon"},
				"up": {"uv": [12, 2, 13, 3], "rotation": 180, "texture": "#arm_cannon"},
				"down": {"uv": [12, 2, 13, 3], "texture": "#arm_cannon"}
			}
		},
		{
			"from": [13.04688, 8.6239, 5.4271],
			"to": [16.95313, 14.67859, 6.69663],
			"rotation": {"angle": 0, "axis": "y", "origin": [15, 6.76843, 7.87484]},
			"faces": {
				"north": {"uv": [13, 2, 12, 1], "rotation": 180, "texture": "#arm_cannon"},
				"east": {"uv": [13, 2, 12, 1], "rotation": 90, "texture": "#arm_cannon"},
				"south": {"uv": [13, 2, 12, 1], "texture": "#arm_cannon"},
				"west": {"uv": [13, 2, 12, 1], "rotation": 270, "texture": "#arm_cannon"},
				"up": {"uv": [12, 1, 13, 2], "rotation": 180, "texture": "#arm_cannon"},
				"down": {"uv": [12, 1, 13, 2], "texture": "#arm_cannon"}
			}
		},
		{
			"from": [13.82813, 0.12781, 9.13804],
			"to": [16.17188, 7.0614, 10.21226],
			"rotation": {"angle": 0, "axis": "y", "origin": [15, 6.76843, 7.87484]},
			"faces": {
				"north": {"uv": [13, 2, 12, 1], "rotation": 180, "texture": "#arm_cannon"},
				"east": {"uv": [13, 2, 12, 1], "rotation": 90, "texture": "#arm_cannon"},
				"south": {"uv": [13, 2, 12, 1], "texture": "#arm_cannon"},
				"west": {"uv": [13, 2, 12, 1], "rotation": 270, "texture": "#arm_cannon"},
				"up": {"uv": [12, 1, 13, 2], "rotation": 180, "texture": "#arm_cannon"},
				"down": {"uv": [12, 1, 13, 2], "texture": "#arm_cannon"}
			}
		},
		{
			"from": [13.53516, -2.70422, 6.59898],
			"to": [16.46484, 0.12781, 7.38023],
			"rotation": {"angle": 0, "axis": "y", "origin": [15, 6.76843, 7.87484]},
			"faces": {
				"north": {"uv": [13, 2, 12, 1], "rotation": 180, "texture": "#arm_cannon"},
				"east": {"uv": [13, 2, 12, 1], "rotation": 90, "texture": "#arm_cannon"},
				"south": {"uv": [13, 2, 12, 1], "texture": "#arm_cannon"},
				"west": {"uv": [13, 2, 12, 1], "rotation": 270, "texture": "#arm_cannon"},
				"up": {"uv": [12, 1, 13, 2], "rotation": 180, "texture": "#arm_cannon"},
				"down": {"uv": [12, 1, 13, 2], "texture": "#arm_cannon"}
			}
		},
		{
			"from": [16.17188, 0.03015, 7.08726],
			"to": [16.95313, 1.10437, 9.23569],
			"rotation": {"angle": 0, "axis": "y", "origin": [15, 6.76843, 7.87484]},
			"faces": {
				"north": {"uv": [13, 2, 12, 1], "rotation": 180, "texture": "#arm_cannon"},
				"east": {"uv": [13, 2, 12, 1], "rotation": 90, "texture": "#arm_cannon"},
				"south": {"uv": [13, 2, 12, 1], "texture": "#arm_cannon"},
				"west": {"uv": [13, 2, 12, 1], "rotation": 270, "texture": "#arm_cannon"},
				"up": {"uv": [12, 1, 13, 2], "rotation": 180, "texture": "#arm_cannon"},
				"down": {"uv": [12, 1, 13, 2], "texture": "#arm_cannon"}
			}
		},
		{
			"from": [13.04688, 0.03015, 7.08726],
			"to": [13.82813, 1.10437, 9.23569],
			"rotation": {"angle": 0, "axis": "y", "origin": [15, 6.76843, 7.87484]},
			"faces": {
				"north": {"uv": [13, 2, 12, 1], "rotation": 180, "texture": "#arm_cannon"},
				"east": {"uv": [13, 2, 12, 1], "rotation": 90, "texture": "#arm_cannon"},
				"south": {"uv": [13, 2, 12, 1], "texture": "#arm_cannon"},
				"west": {"uv": [13, 2, 12, 1], "rotation": 270, "texture": "#arm_cannon"},
				"up": {"uv": [12, 1, 13, 2], "rotation": 180, "texture": "#arm_cannon"},
				"down": {"uv": [12, 1, 13, 2], "texture": "#arm_cannon"}
			}
		},
		{
			"from": [13.04688, 14.58093, 5.91538],
			"to": [16.95313, 15.06921, 10.30991],
			"rotation": {"angle": 0, "axis": "y", "origin": [15, 6.76843, 7.87484]},
			"faces": {
				"north": {"uv": [13, 2, 12, 1], "rotation": 180, "texture": "#arm_cannon"},
				"east": {"uv": [13, 2, 12, 1], "rotation": 90, "texture": "#arm_cannon"},
				"south": {"uv": [13, 2, 12, 1], "texture": "#arm_cannon"},
				"west": {"uv": [13, 2, 12, 1], "rotation": 270, "texture": "#arm_cannon"},
				"up": {"uv": [8, 1, 9, 2], "rotation": 180, "texture": "#arm_cannon"},
				"down": {"uv": [12, 1, 13, 2], "texture": "#arm_cannon"}
			}
		},
		{
			"from": [12.46094, 8.91687, 8.45444],
			"to": [17.83203, 14.38562, 10.1146],
			"rotation": {"angle": 0, "axis": "y", "origin": [15, 6.76843, 7.87484]},
			"faces": {
				"north": {"uv": [13, 3, 12, 2], "rotation": 180, "texture": "#arm_cannon"},
				"east": {"uv": [13, 3, 12, 2], "rotation": 90, "texture": "#arm_cannon"},
				"south": {"uv": [13, 3, 12, 2], "texture": "#arm_cannon"},
				"west": {"uv": [13, 3, 12, 2], "rotation": 270, "texture": "#arm_cannon"},
				"up": {"uv": [12, 2, 13, 3], "rotation": 180, "texture": "#arm_cannon"},
				"down": {"uv": [12, 2, 13, 3], "texture": "#arm_cannon"}
			}
		},
		{
			"from": [12.65625, 1.10437, 6.50132],
			"to": [17.34375, 7.54968, 9.23569],
			"rotation": {"angle": 0, "axis": "y", "origin": [15, 6.76843, 7.87484]},
			"faces": {
				"north": {"uv": [13, 3, 12, 2], "rotation": 180, "texture": "#arm_cannon"},
				"east": {"uv": [13, 3, 12, 2], "rotation": 90, "texture": "#arm_cannon"},
				"south": {"uv": [13, 3, 12, 2], "texture": "#arm_cannon"},
				"west": {"uv": [13, 3, 12, 2], "rotation": 270, "texture": "#arm_cannon"},
				"up": {"uv": [12, 2, 13, 3], "rotation": 180, "texture": "#arm_cannon"},
				"down": {"uv": [12, 2, 13, 3], "texture": "#arm_cannon"}
			}
		},
		{
			"from": [14.64343, 8.91687, 4.84737],
			"to": [16.10827, 14.97156, 5.82393],
			"rotation": {"angle": -45, "axis": "y", "origin": [15, 6.76843, 7.87484]},
			"faces": {
				"north": {"uv": [0, 1, 3, 15], "texture": "#arm_cannon"},
				"east": {"uv": [0, 1, 3, 15], "rotation": 270, "texture": "#arm_cannon"},
				"south": {"uv": [0, 1, 3, 15], "rotation": 180, "texture": "#arm_cannon"},
				"west": {"uv": [0, 1, 3, 15], "rotation": 90, "texture": "#arm_cannon"},
				"up": {"uv": [3, 15, 0, 1], "texture": "#arm_cannon"},
				"down": {"uv": [3, 15, 0, 1], "rotation": 180, "texture": "#arm_cannon"}
			}
		},
		{
			"from": [12.07031, 7.49027, 8.26937],
			"to": [17.92969, 13.93558, 9.14827],
			"rotation": {"angle": 0, "axis": "y", "origin": [15, 6.76843, 7.87484]},
			"faces": {
				"north": {"uv": [13, 2, 12, 1], "rotation": 180, "texture": "#arm_cannon"},
				"east": {"uv": [13, 2, 12, 1], "rotation": 90, "texture": "#arm_cannon"},
				"south": {"uv": [13, 2, 12, 1], "texture": "#arm_cannon"},
				"west": {"uv": [13, 2, 12, 1], "rotation": 270, "texture": "#arm_cannon"},
				"up": {"uv": [12, 1, 13, 2], "rotation": 180, "texture": "#arm_cannon"},
				"down": {"uv": [12, 1, 13, 2], "texture": "#arm_cannon"}
			}
		},
		{
			"from": [12.07031, 8.46683, 9.92952],
			"to": [17.92969, 13.93558, 10.22249],
			"rotation": {"angle": 0, "axis": "y", "origin": [15, 6.76843, 7.87484]},
			"faces": {
				"north": {"uv": [13, 2, 12, 1], "rotation": 180, "texture": "#arm_cannon"},
				"east": {"uv": [13, 2, 12, 1], "rotation": 90, "texture": "#arm_cannon"},
				"south": {"uv": [13, 2, 12, 1], "texture": "#arm_cannon"},
				"west": {"uv": [13, 2, 12, 1], "rotation": 270, "texture": "#arm_cannon"},
				"up": {"uv": [12, 1, 13, 2], "rotation": 180, "texture": "#arm_cannon"},
				"down": {"uv": [12, 1, 13, 2], "texture": "#arm_cannon"}
			}
		},
		{
			"from": [13.4375, 7.80015, 7.66011],
			"to": [16.5625, 14.53843, 11.07808],
			"rotation": {"angle": 0, "axis": "y", "origin": [15, 6.76843, 7.87484]},
			"faces": {
				"north": {"uv": [13, 2, 12, 1], "rotation": 180, "texture": "#arm_cannon"},
				"east": {"uv": [13, 2, 12, 1], "rotation": 90, "texture": "#arm_cannon"},
				"south": {"uv": [13, 2, 12, 1], "texture": "#arm_cannon"},
				"west": {"uv": [13, 2, 12, 1], "rotation": 270, "texture": "#arm_cannon"},
				"up": {"uv": [12, 1, 13, 2], "rotation": 180, "texture": "#arm_cannon"},
				"down": {"uv": [12, 1, 13, 2], "texture": "#arm_cannon"}
			}
		},
		{
			"from": [12.55859, 8.91687, 7.54222],
			"to": [17.44141, 13.99499, 9.00706],
			"rotation": {"angle": 0, "axis": "y", "origin": [15, 6.76843, 7.87484]},
			"faces": {
				"north": {"uv": [13, 3, 12, 2], "rotation": 270, "texture": "#arm_cannon"},
				"east": {"uv": [13, 3, 12, 2], "rotation": 180, "texture": "#arm_cannon"},
				"south": {"uv": [13, 3, 12, 2], "rotation": 90, "texture": "#arm_cannon"},
				"west": {"uv": [13, 3, 12, 2], "texture": "#arm_cannon"},
				"up": {"uv": [12, 2, 13, 3], "rotation": 270, "texture": "#arm_cannon"},
				"down": {"uv": [12, 2, 13, 3], "rotation": 90, "texture": "#arm_cannon"}
			}
		},
		{
			"from": [12.16797, 13.79968, 6.69663],
			"to": [13.04688, 15.75281, 10.70054],
			"rotation": {"angle": 0, "axis": "y", "origin": [15, 6.76843, 7.87484]},
			"faces": {
				"north": {"uv": [13, 3, 12, 2], "rotation": 180, "texture": "#arm_cannon"},
				"east": {"uv": [13, 3, 12, 2], "rotation": 90, "texture": "#arm_cannon"},
				"south": {"uv": [13, 3, 12, 2], "texture": "#arm_cannon"},
				"west": {"uv": [13, 3, 12, 2], "rotation": 270, "texture": "#arm_cannon"},
				"up": {"uv": [12, 2, 13, 3], "rotation": 180, "texture": "#arm_cannon"},
				"down": {"uv": [12, 2, 13, 3], "texture": "#arm_cannon"}
			}
		},
		{
			"from": [12.07031, 12.80527, 9.33275],
			"to": [13.24219, 15.73496, 10.30931],
			"rotation": {"angle": -22.5, "axis": "x", "origin": [15, 6.76843, 7.87484]},
			"faces": {
				"north": {"uv": [13, 2, 12, 1], "rotation": 180, "texture": "#arm_cannon"},
				"east": {"uv": [13, 2, 12, 1], "rotation": 90, "texture": "#arm_cannon"},
				"south": {"uv": [13, 2, 12, 1], "texture": "#arm_cannon"},
				"west": {"uv": [13, 2, 12, 1], "rotation": 270, "texture": "#arm_cannon"},
				"up": {"uv": [12, 1, 13, 2], "rotation": 180, "texture": "#arm_cannon"},
				"down": {"uv": [12, 1, 13, 2], "texture": "#arm_cannon"}
			}
		},
		{
			"from": [14.02344, 13.39121, 7.96556],
			"to": [15.97656, 16.61386, 9.03978],
			"rotation": {"angle": -22.5, "axis": "x", "origin": [15, 6.76843, 7.87484]},
			"faces": {
				"north": {"uv": [13, 2, 12, 1], "rotation": 180, "texture": "#arm_cannon"},
				"east": {"uv": [13, 2, 12, 1], "rotation": 90, "texture": "#arm_cannon"},
				"south": {"uv": [13, 2, 12, 1], "texture": "#arm_cannon"},
				"west": {"uv": [13, 2, 12, 1], "rotation": 270, "texture": "#arm_cannon"},
				"up": {"uv": [12, 1, 13, 2], "rotation": 180, "texture": "#arm_cannon"},
				"down": {"uv": [12, 1, 13, 2], "texture": "#arm_cannon"}
			}
		},
		{
			"from": [12.75391, 10.25457, 8.70513],
			"to": [17.24609, 16.30925, 9.77935],
			"rotation": {"angle": -22.5, "axis": "x", "origin": [15, 6.76843, 7.87484]},
			"faces": {
				"north": {"uv": [13, 3, 12, 2], "rotation": 180, "texture": "#arm_cannon"},
				"east": {"uv": [13, 3, 12, 2], "rotation": 90, "texture": "#arm_cannon"},
				"south": {"uv": [13, 3, 12, 2], "texture": "#arm_cannon"},
				"west": {"uv": [13, 3, 12, 2], "rotation": 270, "texture": "#arm_cannon"},
				"up": {"uv": [12, 2, 13, 3], "rotation": 180, "texture": "#arm_cannon"},
				"down": {"uv": [12, 2, 13, 3], "texture": "#arm_cannon"}
			}
		},
		{
			"from": [16.95313, 13.60437, 6.69663],
			"to": [17.83203, 15.75281, 10.70054],
			"rotation": {"angle": 0, "axis": "y", "origin": [15, 6.76843, 7.87484]},
			"faces": {
				"north": {"uv": [13, 3, 12, 2], "rotation": 180, "texture": "#arm_cannon"},
				"east": {"uv": [13, 3, 12, 2], "rotation": 90, "texture": "#arm_cannon"},
				"south": {"uv": [13, 3, 12, 2], "texture": "#arm_cannon"},
				"west": {"uv": [13, 3, 12, 2], "rotation": 270, "texture": "#arm_cannon"},
				"up": {"uv": [12, 2, 13, 3], "rotation": 180, "texture": "#arm_cannon"},
				"down": {"uv": [12, 2, 13, 3], "texture": "#arm_cannon"}
			}
		},
		{
			"from": [11.97266, 7.49027, 6.51155],
			"to": [18.02734, 13.93558, 7.58577],
			"rotation": {"angle": 0, "axis": "y", "origin": [15, 6.76843, 7.87484]},
			"faces": {
				"north": {"uv": [13, 2, 12, 1], "rotation": 180, "texture": "#arm_cannon"},
				"east": {"uv": [13, 2, 12, 1], "rotation": 90, "texture": "#arm_cannon"},
				"south": {"uv": [13, 2, 12, 1], "texture": "#arm_cannon"},
				"west": {"uv": [13, 2, 12, 1], "rotation": 270, "texture": "#arm_cannon"},
				"up": {"uv": [12, 1, 13, 2], "rotation": 180, "texture": "#arm_cannon"},
				"down": {"uv": [12, 1, 13, 2], "texture": "#arm_cannon"}
			}
		},
		{
			"from": [14.12109, 8.31402, 5.0598],
			"to": [15.87891, 14.66167, 5.45042],
			"rotation": {"angle": 0, "axis": "y", "origin": [15, 6.76843, 7.87484]},
			"faces": {
				"north": {"uv": [13, 2, 12, 1], "rotation": 180, "texture": "#arm_cannon"},
				"east": {"uv": [13, 2, 12, 1], "rotation": 90, "texture": "#arm_cannon"},
				"south": {"uv": [13, 2, 12, 1], "texture": "#arm_cannon"},
				"west": {"uv": [13, 2, 12, 1], "rotation": 270, "texture": "#arm_cannon"},
				"up": {"uv": [12, 1, 13, 2], "rotation": 180, "texture": "#arm_cannon"},
				"down": {"uv": [12, 1, 13, 2], "texture": "#arm_cannon"}
			}
		},
		{
			"from": [13.89173, 8.33109, 4.84737],
			"to": [15.35657, 14.97171, 5.82393],
			"rotation": {"angle": 45, "axis": "y", "origin": [15, 6.76843, 7.87484]},
			"faces": {
				"north": {"uv": [3, 2, 0, 16], "rotation": 180, "texture": "#arm_cannon"},
				"east": {"uv": [3, 2, 0, 16], "rotation": 90, "texture": "#arm_cannon"},
				"south": {"uv": [3, 2, 0, 16], "texture": "#arm_cannon"},
				"west": {"uv": [3, 2, 0, 16], "rotation": 270, "texture": "#arm_cannon"},
				"up": {"uv": [0, 16, 3, 2], "rotation": 180, "texture": "#arm_cannon"},
				"down": {"uv": [0, 16, 3, 2], "texture": "#arm_cannon"}
			}
		},
		{
			"from": [17.33972, 8.91687, 7.51827],
			"to": [18.31628, 14.97156, 9.08077],
			"rotation": {"angle": -45, "axis": "y", "origin": [15, 6.76843, 7.87484]},
			"faces": {
				"north": {"uv": [13, 2, 12, 1], "rotation": 180, "texture": "#arm_cannon"},
				"east": {"uv": [3, 15, 0, 2], "texture": "#arm_cannon"},
				"south": {"uv": [13, 2, 12, 1], "texture": "#arm_cannon"},
				"west": {"uv": [13, 2, 12, 1], "rotation": 270, "texture": "#arm_cannon"},
				"up": {"uv": [12, 1, 13, 2], "rotation": 180, "texture": "#arm_cannon"},
				"down": {"uv": [12, 1, 13, 2], "texture": "#arm_cannon"}
			}
		},
		{
			"from": [14.76647, 8.42859, 10.21456],
			"to": [16.13366, 14.97156, 11.19112],
			"rotation": {"angle": -45, "axis": "y", "origin": [15, 6.76843, 7.87484]},
			"faces": {
				"north": {"uv": [13, 2, 12, 1], "rotation": 90, "texture": "#arm_cannon"},
				"east": {"uv": [13, 2, 12, 1], "texture": "#arm_cannon"},
				"south": {"uv": [3, 2, 0, 16], "rotation": 180, "texture": "#arm_cannon"},
				"west": {"uv": [13, 2, 12, 1], "rotation": 180, "texture": "#arm_cannon"},
				"up": {"uv": [12, 1, 13, 2], "rotation": 90, "texture": "#arm_cannon"},
				"down": {"uv": [12, 1, 13, 2], "rotation": 270, "texture": "#arm_cannon"}
			}
		},
		{
			"name": "Left Arm",
			"from": [0, 3, 6],
			"to": [4, 15, 10],
			"rotation": {"angle": 0, "axis": "y", "origin": [2, 13, 8]},
			"faces": {
				"north": {"uv": [9, 13, 10, 16], "texture": "#base"},
				"east": {"uv": [8, 13, 9, 16], "texture": "#base"},
				"south": {"uv": [11, 13, 12, 16], "texture": "#base"},
				"west": {"uv": [10, 13, 11, 16], "texture": "#base"},
				"up": {"uv": [10, 13, 9, 12], "texture": "#base"},
				"down": {"uv": [11, 12, 10, 13], "texture": "#base"}
			}
		},
		{
			"name": "Left Arm Layer",
			"from": [-0.25, 2.75, 5.75],
			"to": [4.25, 15.25, 10.25],
			"rotation": {"angle": 0, "axis": "y", "origin": [2, 13, 8]},
			"faces": {
				"north": {"uv": [13, 13, 14, 16], "texture": "#base"},
				"east": {"uv": [12, 13, 13, 16], "texture": "#base"},
				"south": {"uv": [15, 13, 16, 16], "texture": "#base"},
				"west": {"uv": [14, 13, 15, 16], "texture": "#base"},
				"up": {"uv": [14, 13, 13, 12], "texture": "#base"},
				"down": {"uv": [15, 12, 14, 13], "texture": "#base"}
			}
		},
		{
			"name": "Right Leg",
			"from": [7.9, -9, 6],
			"to": [11.9, 3, 10],
			"rotation": {"angle": 0, "axis": "y", "origin": [9.9, 1, 8]},
			"faces": {
				"north": {"uv": [1, 5, 2, 8], "texture": "#base"},
				"east": {"uv": [0, 5, 1, 8], "texture": "#base"},
				"south": {"uv": [3, 5, 4, 8], "texture": "#base"},
				"west": {"uv": [2, 5, 3, 8], "texture": "#base"},
				"up": {"uv": [2, 5, 1, 4], "texture": "#base"},
				"down": {"uv": [3, 4, 2, 5], "texture": "#base"}
			}
		},
		{
			"name": "Right Leg Layer",
			"from": [7.65, -9.25, 5.75],
			"to": [12.15, 3.25, 10.25],
			"rotation": {"angle": 0, "axis": "y", "origin": [9.9, 1, 8]},
			"faces": {
				"north": {"uv": [1, 9, 2, 12], "texture": "#base"},
				"east": {"uv": [0, 9, 1, 12], "texture": "#base"},
				"south": {"uv": [3, 9, 4, 12], "texture": "#base"},
				"west": {"uv": [2, 9, 3, 12], "texture": "#base"},
				"up": {"uv": [2, 9, 1, 8], "texture": "#base"},
				"down": {"uv": [3, 8, 2, 9], "texture": "#base"}
			}
		},
		{
			"name": "Left Leg",
			"from": [4.1, -9, 6],
			"to": [8.1, 3, 10],
			"rotation": {"angle": 0, "axis": "y", "origin": [6.1, 0, 8]},
			"faces": {
				"north": {"uv": [5, 13, 6, 16], "texture": "#base"},
				"east": {"uv": [4, 13, 5, 16], "texture": "#base"},
				"south": {"uv": [7, 13, 8, 16], "texture": "#base"},
				"west": {"uv": [6, 13, 7, 16], "texture": "#base"},
				"up": {"uv": [6, 13, 5, 12], "texture": "#base"},
				"down": {"uv": [7, 12, 6, 13], "texture": "#base"}
			}
		},
		{
			"name": "Left Leg Layer",
			"from": [3.85, -9.25, 5.75],
			"to": [8.35, 3.25, 10.25],
			"rotation": {"angle": 0, "axis": "y", "origin": [6.1, 0, 8]},
			"faces": {
				"north": {"uv": [1, 13, 2, 16], "texture": "#base"},
				"east": {"uv": [0, 13, 1, 16], "texture": "#base"},
				"south": {"uv": [3, 13, 4, 16], "texture": "#base"},
				"west": {"uv": [2, 13, 3, 16], "texture": "#base"},
				"up": {"uv": [2, 13, 1, 12], "texture": "#base"},
				"down": {"uv": [3, 12, 2, 13], "texture": "#base"}
			}
		}
	],
	"groups": [
		{
			"name": "Head",
			"origin": [0, 24, 0],
			"rotation": [6, -5, 0],
			"color": 0,
			"children": [0, 1]
		},
		{
			"name": "Body",
			"origin": [0, 24, 0],
			"color": 0,
			"children": [2, 3]
		},
		{
			"name": "ArmCannon",
			"origin": [8, 8, 8],
			"color": 0,
			"children": [4, 5, 6, 7, 8, 9, 10, 11, 12, 13, 14, 15, 16, 17, 18, 19, 20, 21, 22, 23, 24, 25, 26, 27, 28, 29, 30, 31, 32, 33, 34, 35, 36, 37, 38, 39, 40, 41, 42, 43, 44]
		},
		{
			"name": "LeftArm",
			"origin": [-5, 22, 0],
			"rotation": [-12, 0, 0],
			"color": 0,
			"children": [45, 46]
		},
		{
			"name": "RightLeg",
			"origin": [1.9, 12, 0],
			"rotation": [-11, 0, 2],
			"color": 0,
			"children": [47, 48]
		},
		{
			"name": "LeftLeg",
			"origin": [-1.9, 12, 0],
			"rotation": [10, 0, -2],
			"color": 0,
			"children": [49, 50]
		}
	]
}
