{
	"parent": "item/handheld",
	"textures": {
		"layer0": "ssbrc:fighters/fox/items/krazoan_staff/default"
	},
	"display": {
		"thirdperson_righthand": {
			"rotation": [45, 90, 0],
			"translation": [0, 0, 1.5],
			"scale": [1.75, 1.75, 1]
		},
		"thirdperson_lefthand": {
			"rotation": [45, -90, 0],
			"translation": [0, 0, 1.5],
			"scale": [1.75, 1.75, 1]
		},
		"firstperson_righthand": {
			"rotation": [45, 90, 0],
			"translation": [6.5, 0, -2]
		},
		"firstperson_lefthand": {
			"rotation": [45, -90, 0],
			"translation": [6.5, 0, -2]
		},
		"ground": {
			"translation": [0, 5, 0]
		}
	}
}
