{
	"texture_size": [64, 64],
	"textures": {
		"0": "ssbrc:fighters/captain_falcon/items/fists_of_fury/gold"
	},
	"elements": [
		{
			"name": "bone",
			"from": [5.386, 6.4784, 5.66651],
			"to": [9.486, 10.6534, 7.11651],
			"rotation": {"angle": 0, "axis": "y", "origin": [8, 8, 8]},
			"faces": {
				"north": {"uv": [1.25, 5, 2.25, 6], "texture": "#0"},
				"east": {"uv": [7.75, 4, 8.125, 5], "texture": "#0"},
				"south": {"uv": [2.25, 5, 3.25, 6], "texture": "#0"},
				"west": {"uv": [4.25, 7.75, 4.625, 8.75], "texture": "#0"},
				"up": {"uv": [8.75, 2.375, 7.75, 2], "texture": "#0"},
				"down": {"uv": [8.75, 5, 7.75, 5.375], "texture": "#0"}
			}
		},
		{
			"name": "bone",
			"from": [5.386, 6.81784, 9.47658],
			"to": [9.486, 7.61784, 11.12658],
			"rotation": {"angle": 22.5, "axis": "x", "origin": [8, 8, 8]},
			"faces": {
				"north": {"uv": [8.75, 5.25, 9.75, 5.5], "texture": "#0"},
				"east": {"uv": [7.25, 1.25, 7.625, 1.5], "texture": "#0"},
				"south": {"uv": [8.75, 5.5, 9.75, 5.75], "texture": "#0"},
				"west": {"uv": [8.25, 4.75, 8.625, 5], "texture": "#0"},
				"up": {"uv": [8.75, 5.875, 7.75, 5.5], "texture": "#0"},
				"down": {"uv": [8.75, 6, 7.75, 6.375], "texture": "#0"}
			}
		},
		{
			"name": "bone",
			"from": [5.386, 6.3534, 3.34151],
			"to": [9.586, 10.7534, 5.69151],
			"rotation": {"angle": 0, "axis": "y", "origin": [8, 8, 8]},
			"faces": {
				"north": {"uv": [2.75, 1.25, 3.875, 2.375], "texture": "#0"},
				"east": {"uv": [4.5, 6.5, 5, 7.625], "texture": "#0"},
				"south": {"uv": [0, 3.75, 1.125, 4.875], "texture": "#0"},
				"west": {"uv": [5, 6.5, 5.5, 7.625], "texture": "#0"},
				"up": {"uv": [7.625, 2.5, 6.5, 2], "texture": "#0"},
				"down": {"uv": [6.625, 6.5, 5.5, 7], "texture": "#0"}
			}
		},
		{
			"name": "bone",
			"from": [4.986, 6.6534, 2.69151],
			"to": [9.186, 10.4534, 4.44151],
			"rotation": {"angle": 0, "axis": "y", "origin": [8, 8, 8]},
			"faces": {
				"north": {"uv": [1.625, 10.875, 2.75, 12], "texture": "#0"},
				"east": {"uv": [2.75, 10.875, 3.25, 12], "texture": "#0"},
				"south": {"uv": [0, 10.875, 1.125, 12], "texture": "#0"},
				"west": {"uv": [1.125, 10.875, 1.625, 12], "texture": "#0"},
				"up": {"uv": [2.75, 12.5, 1.625, 12], "texture": "#0"},
				"down": {"uv": [1.125, 12, 0, 12.5], "texture": "#0"}
			}
		},
		{
			"name": "bone",
			"from": [4.586, 8.1534, 4.84151],
			"to": [7.186, 11.0534, 6.49151],
			"rotation": {"angle": 0, "axis": "y", "origin": [8, 8, 8]},
			"faces": {
				"north": {"uv": [5.375, 11.125, 6.25, 12], "texture": "#0"},
				"east": {"uv": [7.625, 11.125, 8.125, 12], "texture": "#0"},
				"south": {"uv": [6.75, 11.125, 7.625, 12], "texture": "#0"},
				"west": {"uv": [6.25, 11.125, 6.75, 12], "texture": "#0"},
				"up": {"uv": [6.75, 12.5, 6, 12], "texture": "#0"},
				"down": {"uv": [7.5, 12, 6.75, 12.5], "texture": "#0"}
			}
		},
		{
			"name": "bone",
			"from": [4.961, 6.1784, 6.96651],
			"to": [9.911, 11.1034, 7.71651],
			"rotation": {"angle": 0, "axis": "y", "origin": [8, 8, 8]},
			"faces": {
				"north": {"uv": [2.5, 2.5, 3.75, 3.625], "texture": "#0"},
				"east": {"uv": [5.75, 9.5, 5.875, 10.625], "texture": "#0"},
				"south": {"uv": [2.75, 0, 4, 1.125], "texture": "#0"},
				"west": {"uv": [7.75, 9.5, 7.875, 10.625], "texture": "#0"},
				"up": {"uv": [10.75, 1.375, 9.5, 1.25], "texture": "#0"},
				"down": {"uv": [10.75, 2.5, 9.5, 2.625], "texture": "#0"}
			}
		},
		{
			"name": "bone",
			"from": [9.03662, 7.0034, 6.81187],
			"to": [9.88662, 9.8284, 7.71187],
			"rotation": {"angle": -22.5, "axis": "y", "origin": [8, 8, 8]},
			"faces": {
				"north": {"uv": [5.25, 1.25, 6.5, 2], "texture": "#0"},
				"east": {"uv": [6.5, 9.75, 6.625, 10.5], "texture": "#0"},
				"south": {"uv": [5.25, 2, 6.5, 2.75], "texture": "#0"},
				"west": {"uv": [6.75, 9.75, 6.875, 10.5], "texture": "#0"},
				"up": {"uv": [10.75, 2.875, 9.5, 2.75], "texture": "#0"},
				"down": {"uv": [10.75, 3.25, 9.5, 3.375], "texture": "#0"}
			}
		},
		{
			"name": "bone",
			"from": [5.136, 6.4284, 7.69151],
			"to": [9.736, 10.9784, 10.01651],
			"rotation": {"angle": 0, "axis": "y", "origin": [8, 8, 8]},
			"faces": {
				"north": {"uv": [1.25, 3.75, 2.375, 4.875], "texture": "#0"},
				"east": {"uv": [2, 6.75, 2.5, 7.875], "texture": "#0"},
				"south": {"uv": [2.5, 3.75, 3.625, 4.875], "texture": "#0"},
				"west": {"uv": [2.5, 6.75, 3, 7.875], "texture": "#0"},
				"up": {"uv": [7.875, 3, 6.75, 2.5], "texture": "#0"},
				"down": {"uv": [7.875, 3, 6.75, 3.5], "texture": "#0"}
			}
		},
		{
			"name": "bone",
			"from": [6.061, 6.3284, 6.36651],
			"to": [8.811, 7.2284, 10.01651],
			"rotation": {"angle": 0, "axis": "y", "origin": [8, 8, 8]},
			"faces": {
				"north": {"uv": [3.5, 9.5, 4.125, 9.75], "texture": "#0"},
				"east": {"uv": [8.75, 8.5, 9.625, 8.75], "texture": "#0"},
				"south": {"uv": [9.5, 3.5, 10.125, 3.75], "texture": "#0"},
				"west": {"uv": [9, 1.5, 9.875, 1.75], "texture": "#0"},
				"up": {"uv": [7.375, 7.375, 6.75, 6.5], "texture": "#0"},
				"down": {"uv": [0.625, 7, 0, 7.875], "texture": "#0"}
			}
		},
		{
			"name": "bone",
			"from": [4.911, 6.2534, 9.96651],
			"to": [10.036, 11.2534, 11.51651],
			"rotation": {"angle": 0, "axis": "y", "origin": [8, 8, 8]},
			"faces": {
				"north": {"uv": [1.5, 0, 2.75, 1.25], "texture": "#0"},
				"east": {"uv": [7.25, 0, 7.625, 1.25], "texture": "#0"},
				"south": {"uv": [1.5, 1.25, 2.75, 2.5], "texture": "#0"},
				"west": {"uv": [3, 7.25, 3.375, 8.5], "texture": "#0"},
				"up": {"uv": [8.75, 3.875, 7.5, 3.5], "texture": "#0"},
				"down": {"uv": [8.75, 6.5, 7.5, 6.875], "texture": "#0"}
			}
		},
		{
			"name": "bone",
			"from": [6.461, 6.4034, 10.86651],
			"to": [10.136, 11.0284, 11.81651],
			"rotation": {"angle": 0, "axis": "y", "origin": [8, 8, 8]},
			"faces": {
				"north": {"uv": [5, 4.5, 5.875, 5.625], "texture": "#0"},
				"east": {"uv": [8.5, 7.5, 8.75, 8.625], "texture": "#0"},
				"south": {"uv": [5.25, 0, 6.125, 1.125], "texture": "#0"},
				"west": {"uv": [8.75, 3.5, 9, 4.625], "texture": "#0"},
				"up": {"uv": [9.875, 2, 9, 1.75], "texture": "#0"},
				"down": {"uv": [3.875, 9, 3, 9.25], "texture": "#0"}
			}
		},
		{
			"name": "bone",
			"from": [8.9849, 6.5534, 10.44736],
			"to": [11.5099, 10.8034, 11.59736],
			"rotation": {"angle": -22.5, "axis": "y", "origin": [8, 8, 8]},
			"faces": {
				"north": {"uv": [3, 6.25, 3.625, 7.25], "texture": "#0"},
				"east": {"uv": [8.75, 5.75, 9, 6.75], "texture": "#0"},
				"south": {"uv": [3.75, 6.25, 4.375, 7.25], "texture": "#0"},
				"west": {"uv": [8.75, 6.75, 9, 7.75], "texture": "#0"},
				"up": {"uv": [10.125, 4, 9.5, 3.75], "texture": "#0"},
				"down": {"uv": [10.125, 4, 9.5, 4.25], "texture": "#0"}
			}
		},
		{
			"name": "bone",
			"from": [8.34573, 7.1534, 10.92038],
			"to": [8.92073, 10.1534, 13.07038],
			"rotation": {"angle": 22.5, "axis": "y", "origin": [8, 8, 8]},
			"faces": {
				"north": {"uv": [7, 9.75, 7.125, 10.5], "texture": "#0"},
				"east": {"uv": [4.75, 7.75, 5.25, 8.5], "texture": "#0"},
				"south": {"uv": [7.25, 9.75, 7.375, 10.5], "texture": "#0"},
				"west": {"uv": [6, 7.75, 6.5, 8.5], "texture": "#0"},
				"up": {"uv": [9.875, 7.75, 9.75, 7.25], "texture": "#0"},
				"down": {"uv": [7.625, 9.75, 7.5, 10.25], "texture": "#0"}
			}
		},
		{
			"name": "bone",
			"from": [7.84573, 6.8534, 12.02038],
			"to": [8.62073, 10.4534, 13.77038],
			"rotation": {"angle": 22.5, "axis": "y", "origin": [8, 8, 8]},
			"faces": {
				"north": {"uv": [9, 3, 9.25, 3.875], "texture": "#0"},
				"east": {"uv": [0, 8, 0.375, 8.875], "texture": "#0"},
				"south": {"uv": [5.25, 9, 5.5, 9.875], "texture": "#0"},
				"west": {"uv": [3.5, 8, 3.875, 8.875], "texture": "#0"},
				"up": {"uv": [6.5, 1.125, 6.25, 0.75], "texture": "#0"},
				"down": {"uv": [4.5, 7.25, 4.25, 7.625], "texture": "#0"}
			}
		}
	],
	"display": {
		"thirdperson_righthand": {
			"translation": [0.75, -2.75, 2.5],
			"scale": [1.2, 1.2, 1.2]
		},
		"thirdperson_lefthand": {
			"rotation": [0, 0, -180],
			"translation": [0.75, -1.25, 2.5],
			"scale": [1.2, 1.2, 1.2]
		},
		"firstperson_righthand": {
			"translation": [0, -2, 0]
		},
		"firstperson_lefthand": {
			"rotation": [0, 0, 180],
			"translation": [1.5, -1, 0.25]
		},
		"ground": {
			"translation": [0, 5.25, 2.25]
		},
		"gui": {
			"rotation": [-135, 45, -90],
			"scale": [1.25, 1.25, 1.25]
		},
		"head": {
			"translation": [0, 14, 3.25]
		},
		"fixed": {
			"rotation": [-90, -90, 0],
			"translation": [-4.75, 0.5, -9.75],
			"scale": [1.2, 1.4, 1.51]
		}
	},
	"groups": [
		{
			"name": "garra",
			"origin": [7.436, 14.6034, 10.31651],
			"color": 0,
			"children": [
				{
					"name": "hand",
					"origin": [7.491, 9.3184, 4.26651],
					"color": 0,
					"children": [
						{
							"name": "group",
							"origin": [6.336, 7.6134, 4.62151],
							"color": 0,
							"children": []
						}
					]
				},
				0,
				1,
				2,
				3,
				4,
				5,
				6,
				7,
				8,
				9,
				10,
				11,
				12,
				13
			]
		}
	]
}
