{
	"parent": "item/handheld",
	"textures": {
		"layer0": "ssbrc:fighters/link/items/master_sword/default/default"
	},
	"display": {
		"thirdperson_righthand": {
			"rotation": [-180, 0, -135],
			"translation": [0, 7, 2]
		},
		"thirdperson_lefthand": {
			"rotation": [-180, 0, 135],
			"translation": [0, 7, 2]
		},
		"firstperson_righthand": {
			"rotation": [-90, 0, 45],
			"translation": [1, 3, 1],
			"scale": [0.75, 0.75, 0.75]
		},
		"firstperson_lefthand": {
			"rotation": [-90, 0, -45],
			"translation": [1, 3, 1],
			"scale": [0.75, 0.75, 0.75]
		}
	}
}
