{
	"texture_size": [64, 64],
	"textures": {
		"0": "ssbrc:fighters/mega_man/items/mega_buster/star_force"
	},
	"elements": [
		{
			"from": [6.86, 3.17, -2.782],
			"to": [9.14, 4.538, 2.265],
			"rotation": {"angle": 0, "axis": "y", "origin": [8, 3.398, -1.699]},
			"faces": {
				"north": {"uv": [8.25, 3, 8.875, 3.375], "texture": "#0"},
				"east": {"uv": [0.75, 6.75, 2, 7.125], "texture": "#0"},
				"south": {"uv": [8.25, 3.75, 8.875, 4.125], "texture": "#0"},
				"west": {"uv": [6.75, 3.5, 8, 3.875], "texture": "#0"},
				"up": {"uv": [0.625, 6.75, 0, 5.5], "texture": "#0"},
				"down": {"uv": [1.375, 5.5, 0.75, 6.75], "texture": "#0"}
			}
		},
		{
			"from": [6.86, 2.27, -2.732],
			"to": [9.14, 3.188, -2.732],
			"rotation": {"angle": 0, "axis": "y", "origin": [8, 3.398, -1.699]},
			"faces": {
				"north": {"uv": [6, 3.5, 6.625, 3.75], "texture": "#0"},
				"east": {"uv": [0, 0, 0, 0.25], "texture": "#0"},
				"south": {"uv": [8.5, 1.5, 9.125, 1.75], "texture": "#0"},
				"west": {"uv": [0, 0, 0, 0.25], "texture": "#0"},
				"up": {"uv": [0.625, 0, 0, 0], "texture": "#0"},
				"down": {"uv": [0.625, 0, 0, 0], "texture": "#0"}
			}
		},
		{
			"from": [6.8975, -0.3205, -2.79722],
			"to": [9.1025, 0.7225, -2.22522],
			"rotation": {"angle": 0, "axis": "y", "origin": [8.0125, 3.4075, -1.68922]},
			"faces": {
				"north": {"uv": [5, 3.75, 5.5, 4], "texture": "#0"},
				"east": {"uv": [5, 9.75, 5.125, 10], "texture": "#0"},
				"south": {"uv": [9, 1.25, 9.5, 1.5], "texture": "#0"},
				"west": {"uv": [5.25, 9.75, 5.375, 10], "texture": "#0"},
				"up": {"uv": [10, 3.875, 9.5, 3.75], "texture": "#0"},
				"down": {"uv": [10, 4, 9.5, 4.125], "texture": "#0"}
			}
		},
		{
			"from": [6.689, 3.968, 0.182],
			"to": [9.311, 5.3075, 2.12],
			"rotation": {"angle": -22.5, "axis": "x", "origin": [-1.519, -1.162, 0.98]},
			"faces": {
				"north": {"uv": [8.25, 4.25, 8.875, 4.625], "texture": "#0"},
				"east": {"uv": [3, 3.5, 3.5, 3.875], "texture": "#0"},
				"south": {"uv": [8.25, 4.75, 8.875, 5.125], "texture": "#0"},
				"west": {"uv": [5.75, 6.5, 6.25, 6.875], "texture": "#0"},
				"up": {"uv": [8.125, 6, 7.5, 5.5], "texture": "#0"},
				"down": {"uv": [8.375, 0, 7.75, 0.5], "texture": "#0"}
			}
		},
		{
			"from": [5.72, 4.196, 1.778],
			"to": [10.28, 5.336, 5.54],
			"rotation": {"angle": -22.5, "axis": "x", "origin": [-1.69, -1.162, 0.98]},
			"faces": {
				"north": {"uv": [7.75, 2.75, 8.875, 3], "texture": "#0"},
				"east": {"uv": [2.75, 8, 3.75, 8.25], "texture": "#0"},
				"south": {"uv": [7.75, 6.5, 8.875, 6.75], "texture": "#0"},
				"west": {"uv": [8, 3.5, 9, 3.75], "texture": "#0"},
				"up": {"uv": [4.125, 5, 3, 4], "texture": "#0"},
				"down": {"uv": [5.375, 4, 4.25, 5], "texture": "#0"}
			}
		},
		{
			"from": [7.32, 5.296, 2.078],
			"to": [8.68, 5.536, 4.34],
			"rotation": {"angle": -22.5, "axis": "x", "origin": [-2.09, -1.162, 0.98]},
			"faces": {
				"north": {"uv": [9.5, 4.25, 9.875, 4.375], "texture": "#0"},
				"east": {"uv": [9.5, 1.25, 10.125, 1.375], "texture": "#0"},
				"south": {"uv": [9.5, 4.5, 9.875, 4.625], "texture": "#0"},
				"west": {"uv": [1.75, 9.5, 2.375, 9.625], "texture": "#0"},
				"up": {"uv": [3.625, 8.875, 3.25, 8.25], "texture": "#0"},
				"down": {"uv": [8.625, 5.25, 8.25, 5.875], "texture": "#0"}
			}
		},
		{
			"from": [7.32, 5.296, 1.178],
			"to": [8.68, 5.536, 1.64],
			"rotation": {"angle": -22.5, "axis": "x", "origin": [-2.09, -1.162, 0.98]},
			"faces": {
				"north": {"uv": [6, 9.5, 6.375, 9.625], "texture": "#0"},
				"east": {"uv": [6, 10, 6.125, 10.125], "texture": "#0"},
				"south": {"uv": [6.5, 9.5, 6.875, 9.625], "texture": "#0"},
				"west": {"uv": [10, 6, 10.125, 6.125], "texture": "#0"},
				"up": {"uv": [9.875, 7.375, 9.5, 7.25], "texture": "#0"},
				"down": {"uv": [8.125, 9.5, 7.75, 9.625], "texture": "#0"}
			}
		},
		{
			"from": [9.938, 4.85103, 7.20031],
			"to": [10.7645, 5.44953, 11.44681],
			"rotation": {"angle": -45, "axis": "x", "origin": [-1.69, 0.00603, 4.35031]},
			"faces": {
				"north": {"uv": [6, 9.75, 6.25, 9.875], "texture": "#0"},
				"east": {"uv": [9, 5, 10, 5.125], "texture": "#0"},
				"south": {"uv": [9.75, 6, 10, 6.125], "texture": "#0"},
				"west": {"uv": [9, 5.25, 10, 5.375], "texture": "#0"},
				"up": {"uv": [4.5, 8.75, 4.25, 7.75], "texture": "#0"},
				"down": {"uv": [4, 8, 3.75, 9], "texture": "#0"}
			}
		},
		{
			"from": [9.995, 3.99603, 1.35781],
			"to": [10.7075, 7.98603, 2.41231],
			"rotation": {"angle": 22.5, "axis": "x", "origin": [-1.69, 0.00603, 4.35031]},
			"faces": {
				"north": {"uv": [4.75, 9, 4.875, 10], "texture": "#0"},
				"east": {"uv": [8, 3.75, 8.25, 4.75], "texture": "#0"},
				"south": {"uv": [5.75, 9, 5.875, 10], "texture": "#0"},
				"west": {"uv": [4.5, 8, 4.75, 9], "texture": "#0"},
				"up": {"uv": [6.375, 10, 6.25, 9.75], "texture": "#0"},
				"down": {"uv": [9.875, 6.25, 9.75, 6.5], "texture": "#0"}
			}
		},
		{
			"from": [9.938, 3.854, 4.5995],
			"to": [10.7645, 4.538, 7.25],
			"rotation": {"angle": -45, "axis": "x", "origin": [-1.69, -1.39, 0.98]},
			"faces": {
				"north": {"uv": [6.5, 9.75, 6.75, 9.875], "texture": "#0"},
				"east": {"uv": [9.5, 2.25, 10.125, 2.375], "texture": "#0"},
				"south": {"uv": [6.75, 9.75, 7, 9.875], "texture": "#0"},
				"west": {"uv": [9.5, 2.5, 10.125, 2.625], "texture": "#0"},
				"up": {"uv": [3, 6.125, 2.75, 5.5], "texture": "#0"},
				"down": {"uv": [4, 6.25, 3.75, 6.875], "texture": "#0"}
			}
		},
		{
			"from": [9.995, 5.34442, -0.90006],
			"to": [10.793, 6.02842, 2.97594],
			"rotation": {"angle": -22.5, "axis": "x", "origin": [10.451, 5.34442, 1.15194]},
			"faces": {
				"north": {"uv": [9.75, 6.75, 10, 6.875], "texture": "#0"},
				"east": {"uv": [9, 5.5, 10, 5.625], "texture": "#0"},
				"south": {"uv": [9.75, 7, 10, 7.125], "texture": "#0"},
				"west": {"uv": [9, 5.75, 10, 5.875], "texture": "#0"},
				"up": {"uv": [5, 9, 4.75, 8], "texture": "#0"},
				"down": {"uv": [8.25, 7, 8, 8], "texture": "#0"}
			}
		},
		{
			"from": [10.0235, 5.80042, 1.12344],
			"to": [10.736, 6.48442, 5.25594],
			"rotation": {"angle": -22.5, "axis": "x", "origin": [10.451, 5.34442, 1.15194]},
			"faces": {
				"north": {"uv": [6.25, 10, 6.375, 10.125], "texture": "#0"},
				"east": {"uv": [6, 9, 7, 9.125], "texture": "#0"},
				"south": {"uv": [10, 6.25, 10.125, 6.375], "texture": "#0"},
				"west": {"uv": [9, 6.5, 10, 6.625], "texture": "#0"},
				"up": {"uv": [7.125, 10, 7, 9], "texture": "#0"},
				"down": {"uv": [9.125, 7.75, 9, 8.75], "texture": "#0"}
			}
		},
		{
			"from": [9.8525, 7.46774, 1.13417],
			"to": [10.8215, 8.15174, 6.03617],
			"rotation": {"angle": -22.5, "axis": "x", "origin": [10.3085, 7.80974, 3.52817]},
			"faces": {
				"north": {"uv": [7.75, 9.75, 8, 9.875], "texture": "#0"},
				"east": {"uv": [8.5, 1.75, 9.75, 1.875], "texture": "#0"},
				"south": {"uv": [9.75, 7.75, 10, 7.875], "texture": "#0"},
				"west": {"uv": [8.5, 6, 9.75, 6.125], "texture": "#0"},
				"up": {"uv": [5.75, 8.75, 5.5, 7.5], "texture": "#0"},
				"down": {"uv": [0.75, 7.75, 0.5, 9], "texture": "#0"}
			}
		},
		{
			"from": [5.064, 0.24299, 3.22696],
			"to": [5.864, 2.98699, 4.93696],
			"rotation": {"angle": 45, "axis": "x", "origin": [8.57, 3.44299, 2.42896]},
			"faces": {
				"north": {"uv": [1.75, 8.5, 2, 9.125], "texture": "#0"},
				"east": {"uv": [5.75, 8.25, 6.125, 8.875], "texture": "#0"},
				"south": {"uv": [2, 8.5, 2.25, 9.125], "texture": "#0"},
				"west": {"uv": [6.25, 8.25, 6.625, 8.875], "texture": "#0"},
				"up": {"uv": [9.5, 4.125, 9.25, 3.75], "texture": "#0"},
				"down": {"uv": [9.5, 4.25, 9.25, 4.625], "texture": "#0"}
			}
		},
		{
			"from": [10.136, 0.24299, 3.22696],
			"to": [10.936, 2.98699, 4.93696],
			"rotation": {"angle": 45, "axis": "x", "origin": [7.43, 3.44299, 2.42896]},
			"faces": {
				"north": {"uv": [2.25, 8.5, 2.5, 9.125], "texture": "#0"},
				"east": {"uv": [6.75, 8.25, 7.125, 8.875], "texture": "#0"},
				"south": {"uv": [2.5, 8.5, 2.75, 9.125], "texture": "#0"},
				"west": {"uv": [8.25, 7, 8.625, 7.625], "texture": "#0"},
				"up": {"uv": [5.25, 9.625, 5, 9.25], "texture": "#0"},
				"down": {"uv": [5.5, 9.25, 5.25, 9.625], "texture": "#0"}
			}
		},
		{
			"from": [4.979, 5.23424, 2.20249],
			"to": [11.021, 6.46874, 3.83849],
			"rotation": {"angle": 22.5, "axis": "x", "origin": [5.264, 5.25749, 2.88649]},
			"faces": {
				"north": {"uv": [6.5, 7, 8, 7.25], "texture": "#0"},
				"east": {"uv": [9.25, 4.75, 9.625, 5], "texture": "#0"},
				"south": {"uv": [7, 6.75, 8.5, 7], "texture": "#0"},
				"west": {"uv": [6, 9.25, 6.375, 9.5], "texture": "#0"},
				"up": {"uv": [7.5, 5.875, 6, 5.5], "texture": "#0"},
				"down": {"uv": [3, 6.25, 1.5, 6.625], "texture": "#0"}
			}
		},
		{
			"from": [5.2355, 3.056, 3.26],
			"to": [6.0335, 5.0225, 5.882],
			"rotation": {"angle": -22.5, "axis": "x", "origin": [17.12, -1.162, 0.98]},
			"faces": {
				"north": {"uv": [2.75, 6.75, 3, 7.25], "texture": "#0"},
				"east": {"uv": [7.75, 0.5, 8.375, 1], "texture": "#0"},
				"south": {"uv": [9, 6.75, 9.25, 7.25], "texture": "#0"},
				"west": {"uv": [0.75, 7.75, 1.375, 8.25], "texture": "#0"},
				"up": {"uv": [5.25, 9.125, 5, 8.5], "texture": "#0"},
				"down": {"uv": [5.5, 8.5, 5.25, 9.125], "texture": "#0"}
			}
		},
		{
			"from": [9.9665, 3.056, 3.26],
			"to": [10.7645, 5.0225, 5.882],
			"rotation": {"angle": -22.5, "axis": "x", "origin": [-1.12, -1.162, 0.98]},
			"faces": {
				"north": {"uv": [8, 9, 8.25, 9.5], "texture": "#0"},
				"east": {"uv": [7.75, 1, 8.375, 1.5], "texture": "#0"},
				"south": {"uv": [9, 8.75, 9.25, 9.25], "texture": "#0"},
				"west": {"uv": [7.75, 1.5, 8.375, 2], "texture": "#0"},
				"up": {"uv": [0.25, 9.375, 0, 8.75], "texture": "#0"},
				"down": {"uv": [0.5, 8.75, 0.25, 9.375], "texture": "#0"}
			}
		},
		{
			"from": [6.46083, 3.1985, -2.47591],
			"to": [8.74083, 4.5095, 1.17209],
			"rotation": {"angle": -22.5, "axis": "y", "origin": [7.25883, 3.398, -1.56391]},
			"faces": {
				"north": {"uv": [7.25, 8.25, 7.875, 8.625], "texture": "#0"},
				"east": {"uv": [0.75, 7.25, 1.625, 7.625], "texture": "#0"},
				"south": {"uv": [8.25, 7.75, 8.875, 8.125], "texture": "#0"},
				"west": {"uv": [2.75, 7.25, 3.625, 7.625], "texture": "#0"},
				"up": {"uv": [3.625, 7.125, 3, 6.25], "texture": "#0"},
				"down": {"uv": [6.875, 6, 6.25, 6.875], "texture": "#0"}
			}
		},
		{
			"from": [7.25917, 3.1985, -2.47591],
			"to": [9.53917, 4.5095, 1.17209],
			"rotation": {"angle": 22.5, "axis": "y", "origin": [8.74117, 3.398, -1.56391]},
			"faces": {
				"north": {"uv": [8.25, 8.25, 8.875, 8.625], "texture": "#0"},
				"east": {"uv": [7.25, 3, 8.125, 3.375], "texture": "#0"},
				"south": {"uv": [8.5, 0, 9.125, 0.375], "texture": "#0"},
				"west": {"uv": [7.25, 5, 8.125, 5.375], "texture": "#0"},
				"up": {"uv": [5.625, 7.375, 5, 6.5], "texture": "#0"},
				"down": {"uv": [0.625, 6.75, 0, 7.625], "texture": "#0"}
			}
		},
		{
			"from": [6.46083, 2.2735, -2.47591],
			"to": [6.46083, 3.2095, -0.62791],
			"rotation": {"angle": -22.5, "axis": "y", "origin": [7.25883, 2.473, -1.56391]},
			"faces": {
				"north": {"uv": [0, 0, 0, 0.25], "texture": "#0"},
				"east": {"uv": [9, 7.25, 9.5, 7.5], "texture": "#0"},
				"south": {"uv": [0, 0, 0, 0.25], "texture": "#0"},
				"west": {"uv": [9.25, 0, 9.75, 0.25], "texture": "#0"},
				"up": {"uv": [0, 0.5, 0, 0], "texture": "#0"},
				"down": {"uv": [0, 0, 0, 0.5], "texture": "#0"}
			}
		},
		{
			"from": [9.53917, 2.2735, -2.47591],
			"to": [9.53917, 3.2095, -0.62791],
			"rotation": {"angle": 22.5, "axis": "y", "origin": [8.74117, 2.473, -1.56391]},
			"faces": {
				"north": {"uv": [0, 0, 0, 0.25], "texture": "#0"},
				"east": {"uv": [9.25, 0.25, 9.75, 0.5], "texture": "#0"},
				"south": {"uv": [0, 0, 0, 0.25], "texture": "#0"},
				"west": {"uv": [9.25, 0.5, 9.75, 0.75], "texture": "#0"},
				"up": {"uv": [0, 0.5, 0, 0], "texture": "#0"},
				"down": {"uv": [0, 0, 0, 0.5], "texture": "#0"}
			}
		},
		{
			"from": [8.95217, -0.3355, -2.56291],
			"to": [9.55217, 0.7475, 2.25509],
			"rotation": {"angle": 22.5, "axis": "y", "origin": [8.74117, 3.398, -1.56391]},
			"faces": {
				"north": {"uv": [8, 9.75, 8.125, 10], "texture": "#0"},
				"east": {"uv": [7.75, 2, 9, 2.25], "texture": "#0"},
				"south": {"uv": [9.75, 8, 9.875, 8.25], "texture": "#0"},
				"west": {"uv": [7.75, 2.25, 9, 2.5], "texture": "#0"},
				"up": {"uv": [4.375, 10, 4.25, 8.75], "texture": "#0"},
				"down": {"uv": [5.625, 8.75, 5.5, 10], "texture": "#0"}
			}
		},
		{
			"from": [6.44783, -0.3355, -2.56291],
			"to": [7.04783, 0.7475, 2.25509],
			"rotation": {"angle": -22.5, "axis": "y", "origin": [7.25883, 3.398, -1.56391]},
			"faces": {
				"north": {"uv": [9.75, 8.25, 9.875, 8.5], "texture": "#0"},
				"east": {"uv": [7.75, 2.5, 9, 2.75], "texture": "#0"},
				"south": {"uv": [9.75, 8.5, 9.875, 8.75], "texture": "#0"},
				"west": {"uv": [2.75, 7.75, 4, 8], "texture": "#0"},
				"up": {"uv": [7.375, 10, 7.25, 8.75], "texture": "#0"},
				"down": {"uv": [7.625, 8.75, 7.5, 10], "texture": "#0"}
			}
		},
		{
			"from": [6.8975, 0.7295, -2.77222],
			"to": [9.1025, 1.7725, -2.77222],
			"rotation": {"angle": 0, "axis": "y", "origin": [8.0125, 4.4575, -1.66422]},
			"faces": {
				"north": {"uv": [0.75, 9.25, 1.25, 9.5], "texture": "#0"},
				"east": {"uv": [0, 0, 0, 0.25], "texture": "#0"},
				"south": {"uv": [9.25, 0.75, 9.75, 1], "texture": "#0"},
				"west": {"uv": [0, 0, 0, 0.25], "texture": "#0"},
				"up": {"uv": [0.5, 0, 0, 0], "texture": "#0"},
				"down": {"uv": [0.5, 0, 0, 0], "texture": "#0"}
			}
		},
		{
			"from": [6.44783, 0.7145, -2.53791],
			"to": [6.44783, 1.7975, -0.91991],
			"rotation": {"angle": -22.5, "axis": "y", "origin": [7.25883, 4.448, -1.53891]},
			"faces": {
				"north": {"uv": [0, 0, 0, 0.25], "texture": "#0"},
				"east": {"uv": [6.5, 9.25, 6.875, 9.5], "texture": "#0"},
				"south": {"uv": [0, 0, 0, 0.25], "texture": "#0"},
				"west": {"uv": [9.25, 6.75, 9.625, 7], "texture": "#0"},
				"up": {"uv": [0, 0.375, 0, 0], "texture": "#0"},
				"down": {"uv": [0, 0, 0, 0.375], "texture": "#0"}
			}
		},
		{
			"from": [9.55217, 0.7145, -2.53791],
			"to": [9.55217, 1.7975, -0.91991],
			"rotation": {"angle": 22.5, "axis": "y", "origin": [8.74117, 4.448, -1.53891]},
			"faces": {
				"north": {"uv": [0, 0, 0, 0.25], "texture": "#0"},
				"east": {"uv": [9.25, 7, 9.625, 7.25], "texture": "#0"},
				"south": {"uv": [0, 0, 0, 0.25], "texture": "#0"},
				"west": {"uv": [9.25, 7.75, 9.625, 8], "texture": "#0"},
				"up": {"uv": [0, 0.375, 0, 0], "texture": "#0"},
				"down": {"uv": [0, 0, 0, 0.375], "texture": "#0"}
			}
		},
		{
			"from": [4.694, 1.6025, 1.892],
			"to": [6.162, 5.0225, 5.312],
			"rotation": {"angle": 45, "axis": "x", "origin": [5.207, 3.3125, 3.602]},
			"faces": {
				"north": {"uv": [4.5, 7, 4.875, 7.875], "texture": "#0"},
				"east": {"uv": [6, 0, 6.875, 0.875], "texture": "#0"},
				"south": {"uv": [6.5, 7.25, 6.875, 8.125], "texture": "#0"},
				"west": {"uv": [6, 1, 6.875, 1.875], "texture": "#0"},
				"up": {"uv": [7.375, 8.125, 7, 7.25], "texture": "#0"},
				"down": {"uv": [2.125, 7.5, 1.75, 8.375], "texture": "#0"}
			}
		},
		{
			"from": [9.838, 1.6025, 1.892],
			"to": [11.306, 5.0225, 5.312],
			"rotation": {"angle": 45, "axis": "x", "origin": [5.207, 3.3125, 3.602]},
			"faces": {
				"north": {"uv": [2.25, 7.5, 2.625, 8.375], "texture": "#0"},
				"east": {"uv": [6, 2, 6.875, 2.875], "texture": "#0"},
				"south": {"uv": [5, 7.5, 5.375, 8.375], "texture": "#0"},
				"west": {"uv": [4, 6, 4.875, 6.875], "texture": "#0"},
				"up": {"uv": [7.875, 8.125, 7.5, 7.25], "texture": "#0"},
				"down": {"uv": [0.375, 7.75, 0, 8.625], "texture": "#0"}
			}
		},
		{
			"from": [4.124, 2.1725, 2.462],
			"to": [5.264, 4.4525, 4.742],
			"rotation": {"angle": 45, "axis": "x", "origin": [10.793, 3.3125, 3.602]},
			"faces": {
				"north": {"uv": [8.5, 8.75, 8.75, 9.375], "texture": "#0"},
				"east": {"uv": [7, 0.75, 7.625, 1.375], "texture": "#0"},
				"south": {"uv": [8.75, 8.75, 9, 9.375], "texture": "#0"},
				"west": {"uv": [7, 1.5, 7.625, 2.125], "texture": "#0"},
				"up": {"uv": [0.75, 9.625, 0.5, 9], "texture": "#0"},
				"down": {"uv": [9.25, 0.5, 9, 1.125], "texture": "#0"}
			}
		},
		{
			"from": [10.736, 2.1725, 2.462],
			"to": [11.876, 4.4525, 4.742],
			"rotation": {"angle": 45, "axis": "x", "origin": [5.207, 3.3125, 3.602]},
			"faces": {
				"north": {"uv": [8.75, 8.75, 8.5, 9.375], "texture": "#0"},
				"east": {"uv": [7.625, 1.5, 7, 2.125], "texture": "#0"},
				"south": {"uv": [9, 8.75, 8.75, 9.375], "texture": "#0"},
				"west": {"uv": [7.625, 0.75, 7, 1.375], "texture": "#0"},
				"up": {"uv": [0.5, 9.625, 0.75, 9], "texture": "#0"},
				"down": {"uv": [9, 0.5, 9.25, 1.125], "texture": "#0"}
			}
		},
		{
			"from": [10.052, 3.9965, 2.348],
			"to": [11.192, 6.7325, 4.628],
			"rotation": {"angle": 0, "axis": "y", "origin": [7.886, 3.0845, 3.602]},
			"faces": {
				"north": {"uv": [1.5, 9, 1.75, 9.625], "texture": "#0"},
				"east": {"uv": [7, 2.25, 7.625, 2.875], "texture": "#0"},
				"south": {"uv": [9, 2, 9.25, 2.625], "texture": "#0"},
				"west": {"uv": [3.75, 7, 4.375, 7.625], "texture": "#0"},
				"up": {"uv": [9.25, 3.375, 9, 2.75], "texture": "#0"},
				"down": {"uv": [3.5, 9, 3.25, 9.625], "texture": "#0"}
			}
		},
		{
			"from": [5.207, 5.34442, -0.90006],
			"to": [6.005, 6.02842, 2.97594],
			"rotation": {"angle": -22.5, "axis": "x", "origin": [5.549, 5.34442, 1.15194]},
			"faces": {
				"north": {"uv": [9.75, 8.75, 10, 8.875], "texture": "#0"},
				"east": {"uv": [9.25, 1, 10.25, 1.125], "texture": "#0"},
				"south": {"uv": [9.75, 9, 10, 9.125], "texture": "#0"},
				"west": {"uv": [9.25, 1.5, 10.25, 1.625], "texture": "#0"},
				"up": {"uv": [8.25, 9, 8, 8], "texture": "#0"},
				"down": {"uv": [1, 8.25, 0.75, 9.25], "texture": "#0"}
			}
		},
		{
			"from": [5.2355, 3.854, 4.5995],
			"to": [6.062, 4.538, 7.25],
			"rotation": {"angle": -45, "axis": "x", "origin": [17.69, -1.39, 0.98]},
			"faces": {
				"north": {"uv": [9.25, 9.75, 9.5, 9.875], "texture": "#0"},
				"east": {"uv": [9.5, 2.75, 10.125, 2.875], "texture": "#0"},
				"south": {"uv": [9.5, 9.75, 9.75, 9.875], "texture": "#0"},
				"west": {"uv": [9.5, 3, 10.125, 3.125], "texture": "#0"},
				"up": {"uv": [3.75, 9.625, 3.5, 9], "texture": "#0"},
				"down": {"uv": [9.25, 3.5, 9, 4.125], "texture": "#0"}
			}
		},
		{
			"from": [5.264, 5.80042, 1.12344],
			"to": [5.9765, 6.48442, 5.25594],
			"rotation": {"angle": -22.5, "axis": "x", "origin": [5.549, 5.34442, 1.15194]},
			"faces": {
				"north": {"uv": [6.5, 10, 6.625, 10.125], "texture": "#0"},
				"east": {"uv": [1.75, 9.25, 2.75, 9.375], "texture": "#0"},
				"south": {"uv": [10, 6.5, 10.125, 6.625], "texture": "#0"},
				"west": {"uv": [9.25, 2, 10.25, 2.125], "texture": "#0"},
				"up": {"uv": [1.375, 10.25, 1.25, 9.25], "texture": "#0"},
				"down": {"uv": [9.375, 2.25, 9.25, 3.25], "texture": "#0"}
			}
		},
		{
			"from": [5.1785, 7.46774, 1.13417],
			"to": [6.1475, 8.15174, 6.03617],
			"rotation": {"angle": -22.5, "axis": "x", "origin": [5.6915, 7.80974, 3.52817]},
			"faces": {
				"north": {"uv": [9.75, 9.5, 10, 9.625], "texture": "#0"},
				"east": {"uv": [8.5, 6.25, 9.75, 6.375], "texture": "#0"},
				"south": {"uv": [9.75, 9.75, 10, 9.875], "texture": "#0"},
				"west": {"uv": [8.75, 7.5, 10, 7.625], "texture": "#0"},
				"up": {"uv": [1.75, 9, 1.5, 7.75], "texture": "#0"},
				"down": {"uv": [4.25, 7.75, 4, 9], "texture": "#0"}
			}
		},
		{
			"from": [5.41622, 8.15463, 4.93953],
			"to": [5.83178, 9.32893, 6.42922],
			"rotation": {"angle": -22.5, "axis": "x", "origin": [5.92154, 10.87415, 9.13088]},
			"faces": {
				"north": {"uv": [10, 0, 10.125, 0.25], "texture": "#0"},
				"east": {"uv": [9.25, 8, 9.625, 8.25], "texture": "#0"},
				"south": {"uv": [0.25, 10, 0.375, 10.25], "texture": "#0"},
				"west": {"uv": [9.25, 8.25, 9.625, 8.5], "texture": "#0"},
				"up": {"uv": [8.375, 9.875, 8.25, 9.5], "texture": "#0"},
				"down": {"uv": [8.625, 9.5, 8.5, 9.875], "texture": "#0"}
			}
		},
		{
			"from": [5.46581, 8.3034, 6.42723],
			"to": [5.78219, 9.18016, 7.81774],
			"rotation": {"angle": -22.5, "axis": "x", "origin": [5.92154, 10.87415, 9.13088]},
			"faces": {
				"north": {"uv": [10, 0.25, 10.125, 0.5], "texture": "#0"},
				"east": {"uv": [9.25, 8.5, 9.625, 8.75], "texture": "#0"},
				"south": {"uv": [0.5, 10, 0.625, 10.25], "texture": "#0"},
				"west": {"uv": [9.25, 8.75, 9.625, 9], "texture": "#0"},
				"up": {"uv": [8.875, 9.875, 8.75, 9.5], "texture": "#0"},
				"down": {"uv": [9.125, 9.5, 9, 9.875], "texture": "#0"}
			}
		},
		{
			"from": [5.4906, 8.42738, 7.81575],
			"to": [5.7574, 9.05618, 9.20626],
			"rotation": {"angle": -22.5, "axis": "x", "origin": [5.92154, 10.87415, 9.13088]},
			"faces": {
				"north": {"uv": [6.75, 10, 6.875, 10.125], "texture": "#0"},
				"east": {"uv": [9.25, 9.5, 9.625, 9.625], "texture": "#0"},
				"south": {"uv": [10, 6.75, 10.125, 6.875], "texture": "#0"},
				"west": {"uv": [9.5, 9.25, 9.875, 9.375], "texture": "#0"},
				"up": {"uv": [0.125, 10.125, 0, 9.75], "texture": "#0"},
				"down": {"uv": [9.875, 0, 9.75, 0.375], "texture": "#0"}
			}
		},
		{
			"from": [5.5154, 8.52656, 9.20427],
			"to": [5.7326, 8.957, 10.59478],
			"rotation": {"angle": -22.5, "axis": "x", "origin": [5.92154, 10.87415, 9.13088]},
			"faces": {
				"north": {"uv": [7, 10, 7.125, 10.125], "texture": "#0"},
				"east": {"uv": [0.25, 9.75, 0.625, 9.875], "texture": "#0"},
				"south": {"uv": [10, 7, 10.125, 7.125], "texture": "#0"},
				"west": {"uv": [9.75, 0.5, 10.125, 0.625], "texture": "#0"},
				"up": {"uv": [0.875, 10.125, 0.75, 9.75], "texture": "#0"},
				"down": {"uv": [1.125, 9.75, 1, 10.125], "texture": "#0"}
			}
		},
		{
			"from": [5.44101, 6.6509, 5.81954],
			"to": [5.80699, 7.45327, 6.63976],
			"rotation": {"angle": 22.5, "axis": "x", "origin": [5.624, 7.58518, 6.76275]},
			"faces": {
				"north": {"uv": [3.5, 10, 3.625, 10.25], "texture": "#0"},
				"east": {"uv": [1.75, 7.25, 2, 7.5], "texture": "#0"},
				"south": {"uv": [3.75, 10, 3.875, 10.25], "texture": "#0"},
				"west": {"uv": [8, 4.75, 8.25, 5], "texture": "#0"},
				"up": {"uv": [10.125, 4, 10, 3.75], "texture": "#0"},
				"down": {"uv": [10.125, 4, 10, 4.25], "texture": "#0"}
			}
		},
		{
			"from": [10.16822, 8.15463, 4.93953],
			"to": [10.58378, 9.32893, 6.42922],
			"rotation": {"angle": -22.5, "axis": "x", "origin": [10.07846, 10.87415, 9.13088]},
			"faces": {
				"north": {"uv": [4.25, 10, 4.375, 10.25], "texture": "#0"},
				"east": {"uv": [9, 9.25, 9.375, 9.5], "texture": "#0"},
				"south": {"uv": [10, 4.25, 10.125, 4.5], "texture": "#0"},
				"west": {"uv": [9.25, 9, 9.625, 9.25], "texture": "#0"},
				"up": {"uv": [1.625, 10.125, 1.5, 9.75], "texture": "#0"},
				"down": {"uv": [1.875, 9.75, 1.75, 10.125], "texture": "#0"}
			}
		},
		{
			"from": [10.21781, 8.3034, 6.42723],
			"to": [10.53419, 9.18016, 7.81774],
			"rotation": {"angle": -22.5, "axis": "x", "origin": [10.07846, 10.87415, 9.13088]},
			"faces": {
				"north": {"uv": [10, 4.5, 10.125, 4.75], "texture": "#0"},
				"east": {"uv": [0, 9.5, 0.375, 9.75], "texture": "#0"},
				"south": {"uv": [4.75, 10, 4.875, 10.25], "texture": "#0"},
				"west": {"uv": [0.75, 9.5, 1.125, 9.75], "texture": "#0"},
				"up": {"uv": [2.125, 10.125, 2, 9.75], "texture": "#0"},
				"down": {"uv": [2.375, 9.75, 2.25, 10.125], "texture": "#0"}
			}
		},
		{
			"from": [10.2426, 8.42738, 7.81575],
			"to": [10.5094, 9.05618, 9.20626],
			"rotation": {"angle": -22.5, "axis": "x", "origin": [10.07846, 10.87415, 9.13088]},
			"faces": {
				"north": {"uv": [7.25, 10, 7.375, 10.125], "texture": "#0"},
				"east": {"uv": [9.75, 0.75, 10.125, 0.875], "texture": "#0"},
				"south": {"uv": [10, 7.25, 10.125, 7.375], "texture": "#0"},
				"west": {"uv": [9.75, 1.75, 10.125, 1.875], "texture": "#0"},
				"up": {"uv": [2.625, 10.125, 2.5, 9.75], "texture": "#0"},
				"down": {"uv": [3.375, 9.75, 3.25, 10.125], "texture": "#0"}
			}
		},
		{
			"from": [10.2674, 8.52656, 9.20427],
			"to": [10.4846, 8.957, 10.59478],
			"rotation": {"angle": -22.5, "axis": "x", "origin": [10.07846, 10.87415, 9.13088]},
			"faces": {
				"north": {"uv": [7.5, 10, 7.625, 10.125], "texture": "#0"},
				"east": {"uv": [3.5, 9.75, 3.875, 9.875], "texture": "#0"},
				"south": {"uv": [10, 7.5, 10.125, 7.625], "texture": "#0"},
				"west": {"uv": [9.75, 4.75, 10.125, 4.875], "texture": "#0"},
				"up": {"uv": [4.125, 10.125, 4, 9.75], "texture": "#0"},
				"down": {"uv": [4.625, 9.75, 4.5, 10.125], "texture": "#0"}
			}
		},
		{
			"from": [10.19301, 6.6509, 5.81954],
			"to": [10.55899, 7.45327, 6.63976],
			"rotation": {"angle": 22.5, "axis": "x", "origin": [10.376, 7.58518, 6.76275]},
			"faces": {
				"north": {"uv": [5, 10, 5.125, 10.25], "texture": "#0"},
				"east": {"uv": [8.5, 6.75, 8.75, 7], "texture": "#0"},
				"south": {"uv": [10, 5, 10.125, 5.25], "texture": "#0"},
				"west": {"uv": [2.5, 9.5, 2.75, 9.75], "texture": "#0"},
				"up": {"uv": [5.375, 10.25, 5.25, 10], "texture": "#0"},
				"down": {"uv": [10.125, 5.25, 10, 5.5], "texture": "#0"}
			}
		},
		{
			"from": [5.2355, 4.85103, 7.20031],
			"to": [6.062, 5.44953, 11.44681],
			"rotation": {"angle": -45, "axis": "x", "origin": [17.69, 0.00603, 4.35031]},
			"faces": {
				"north": {"uv": [5.5, 10, 5.75, 10.125], "texture": "#0"},
				"east": {"uv": [9.25, 3.25, 10.25, 3.375], "texture": "#0"},
				"south": {"uv": [10, 5.5, 10.25, 5.625], "texture": "#0"},
				"west": {"uv": [9.25, 3.5, 10.25, 3.625], "texture": "#0"},
				"up": {"uv": [1.25, 9.25, 1, 8.25], "texture": "#0"},
				"down": {"uv": [1.5, 8.25, 1.25, 9.25], "texture": "#0"}
			}
		},
		{
			"from": [5.2925, 3.99603, 1.35781],
			"to": [6.005, 7.98603, 2.41231],
			"rotation": {"angle": 22.5, "axis": "x", "origin": [17.69, 0.00603, 4.35031]},
			"faces": {
				"north": {"uv": [2.75, 9.25, 2.875, 10.25], "texture": "#0"},
				"east": {"uv": [2.75, 8.25, 3, 9.25], "texture": "#0"},
				"south": {"uv": [3, 9.25, 3.125, 10.25], "texture": "#0"},
				"west": {"uv": [3, 8.25, 3.25, 9.25], "texture": "#0"},
				"up": {"uv": [5.875, 10.25, 5.75, 10], "texture": "#0"},
				"down": {"uv": [10.125, 5.75, 10, 6], "texture": "#0"}
			}
		},
		{
			"from": [4.808, 3.9965, 2.348],
			"to": [5.948, 6.7325, 4.628],
			"rotation": {"angle": 0, "axis": "y", "origin": [8.114, 3.0845, 3.602]},
			"faces": {
				"north": {"uv": [3.75, 9, 4, 9.625], "texture": "#0"},
				"east": {"uv": [5.75, 7, 6.375, 7.625], "texture": "#0"},
				"south": {"uv": [4, 9, 4.25, 9.625], "texture": "#0"},
				"west": {"uv": [7, 6, 7.625, 6.625], "texture": "#0"},
				"up": {"uv": [9.25, 4.875, 9, 4.25], "texture": "#0"},
				"down": {"uv": [4.75, 9, 4.5, 9.625], "texture": "#0"}
			}
		},
		{
			"from": [5.378, 3.12, 0.182],
			"to": [10.622, 5.222, 2.69],
			"rotation": {"angle": 0, "axis": "y", "origin": [8, 3.398, -1.699]},
			"faces": {
				"north": {"uv": [5.5, 4.5, 6.75, 5], "texture": "#0"},
				"east": {"uv": [5.75, 7.75, 6.375, 8.25], "texture": "#0"},
				"south": {"uv": [6, 3, 7.25, 3.5], "texture": "#0"},
				"west": {"uv": [7.75, 6, 8.375, 6.5], "texture": "#0"},
				"up": {"uv": [2.75, 6.125, 1.5, 5.5], "texture": "#0"},
				"down": {"uv": [6.75, 3.75, 5.5, 4.375], "texture": "#0"}
			}
		},
		{
			"from": [5.378, 1.818, 0.182],
			"to": [10.622, 3.12, 2.29],
			"rotation": {"angle": 0, "axis": "y", "origin": [8, 3.496, -1.699]},
			"faces": {
				"north": {"uv": [6.75, 4, 8, 4.375], "texture": "#0"},
				"east": {"uv": [8.5, 0.5, 9, 0.875], "texture": "#0"},
				"south": {"uv": [6.75, 4.5, 8, 4.875], "texture": "#0"},
				"west": {"uv": [8.5, 1, 9, 1.375], "texture": "#0"},
				"up": {"uv": [6.25, 6.5, 5, 6], "texture": "#0"},
				"down": {"uv": [7.25, 5, 6, 5.5], "texture": "#0"}
			}
		},
		{
			"from": [5.7155, 0.668, 4.382],
			"to": [10.2845, 5.545, 11.49],
			"rotation": {"angle": 0, "axis": "y", "origin": [8.2875, 3.496, -1.699]},
			"faces": {
				"north": {"uv": [1.75, 0, 2.75, 1.125], "texture": "#0"},
				"east": {"uv": [1.5, 0, 0.375, 1.5], "rotation": 270, "texture": "#0"},
				"south": {"uv": [1.75, 0, 2.75, 1.125], "texture": "#0"},
				"west": {"uv": [1.5, 0, 0.375, 1.5], "rotation": 90, "texture": "#0"},
				"up": {"uv": [0.375, 0, 1.5, 1.5], "rotation": 180, "texture": "#0"},
				"down": {"uv": [0.375, 0, 1.5, 1.5], "texture": "#0"}
			}
		},
		{
			"from": [4.57, -0.15653, 3.99157],
			"to": [11.43, -0.15653, 11.55357],
			"rotation": {"angle": 22.5, "axis": "x", "origin": [7.85, 8.14347, 5.77257]},
			"faces": {
				"north": {"uv": [0, 0, 1.75, 0], "texture": "#0"},
				"east": {"uv": [0, 0, 1.625, 0], "texture": "#0"},
				"south": {"uv": [0, 0, 1.75, 0], "texture": "#0"},
				"west": {"uv": [0, 0, 1.625, 0], "texture": "#0"},
				"up": {"uv": [1.75, 1.5, 0.125, 0], "texture": "#0"},
				"down": {"uv": [1.75, 0, 0.125, 1.5], "texture": "#0"}
			}
		},
		{
			"from": [5.35, -0.82347, 3.29157],
			"to": [5.35, 7.03653, 10.25357],
			"rotation": {"angle": -22.5, "axis": "y", "origin": [8.15, 7.85653, 5.77257]},
			"faces": {
				"north": {"uv": [0, 0, 1.75, 0], "rotation": 270, "texture": "#0"},
				"east": {"uv": [1.75, 1.5, 0.125, 0], "rotation": 90, "texture": "#0"},
				"south": {"uv": [0, 0, 1.75, 0], "rotation": 90, "texture": "#0"},
				"west": {"uv": [1.75, 0, 0.125, 1.5], "rotation": 90, "texture": "#0"},
				"up": {"uv": [0, 0, 1.625, 0], "rotation": 90, "texture": "#0"},
				"down": {"uv": [0, 0, 1.625, 0], "rotation": 90, "texture": "#0"}
			}
		},
		{
			"from": [10.65, -0.82347, 3.29157],
			"to": [10.65, 7.03653, 10.25357],
			"rotation": {"angle": 22.5, "axis": "y", "origin": [7.85, 7.85653, 5.77257]},
			"faces": {
				"north": {"uv": [0, 0, 1.75, 0], "rotation": 270, "texture": "#0"},
				"east": {"uv": [1.75, 1.5, 0.125, 0], "rotation": 90, "texture": "#0"},
				"south": {"uv": [0, 0, 1.75, 0], "rotation": 90, "texture": "#0"},
				"west": {"uv": [1.75, 0, 0.125, 1.5], "rotation": 90, "texture": "#0"},
				"up": {"uv": [0, 0, 1.625, 0], "rotation": 90, "texture": "#0"},
				"down": {"uv": [0, 0, 1.625, 0], "rotation": 90, "texture": "#0"}
			}
		},
		{
			"from": [4.57, 6.33153, 2.89157],
			"to": [11.43, 6.33153, 9.45357],
			"rotation": {"angle": -22.5, "axis": "x", "origin": [7.85, 7.85653, 5.77257]},
			"faces": {
				"north": {"uv": [0, 0, 1.75, 0], "texture": "#0"},
				"east": {"uv": [0, 0, 1.625, 0], "texture": "#0"},
				"south": {"uv": [0, 0, 1.75, 0], "texture": "#0"},
				"west": {"uv": [0, 0, 1.625, 0], "texture": "#0"},
				"up": {"uv": [1.75, 1.5, 0.125, 0], "texture": "#0"},
				"down": {"uv": [1.75, 0, 0.125, 1.5], "texture": "#0"}
			}
		},
		{
			"from": [6.528, 1.118, -0.818],
			"to": [9.472, 3.67, 2.29],
			"rotation": {"angle": 0, "axis": "y", "origin": [8.45, 3.496, -1.699]},
			"faces": {
				"north": {"uv": [11.75, 0.75, 11.25, 1.25], "texture": "#0"},
				"east": {"uv": [12.5, 0.75, 11.75, 1.25], "texture": "#0"},
				"south": {"uv": [13, 0.75, 12.5, 1.25], "texture": "#0"},
				"west": {"uv": [11.25, 0.75, 10.5, 1.25], "texture": "#0"},
				"up": {"uv": [11.25, 0.75, 11.75, 0], "texture": "#0"},
				"down": {"uv": [11.75, 0, 12.25, 0.75], "texture": "#0"}
			}
		},
		{
			"from": [5.928, 0.818, 0.582],
			"to": [10.072, 5.07, 4.49],
			"rotation": {"angle": 0, "axis": "y", "origin": [8.25, 3.496, -1.699]},
			"faces": {
				"north": {"uv": [5, 0, 6, 1.125], "texture": "#0"},
				"east": {"uv": [5, 1.25, 6, 2.375], "texture": "#0"},
				"south": {"uv": [5, 2.5, 6, 3.625], "texture": "#0"},
				"west": {"uv": [3, 5, 4, 6.125], "texture": "#0"},
				"up": {"uv": [5, 6, 4, 5], "texture": "#0"},
				"down": {"uv": [6, 5, 5, 6], "texture": "#0"}
			}
		}
	],
	"display": {
		"thirdperson_righthand": {
			"translation": [0, 3, 6.75]
		},
		"thirdperson_lefthand": {
			"translation": [0, 3, 6.75]
		},
		"firstperson_righthand": {
			"rotation": [5, 0, 5],
			"translation": [0.25, 8.5, 3.25],
			"scale": [1.04, 1.16, 0.88]
		},
		"firstperson_lefthand": {
			"rotation": [5, 0, 5],
			"translation": [0.25, 8.5, 3.25],
			"scale": [1.04, 1.16, 0.88]
		},
		"ground": {
			"translation": [0, 5.75, 3.75]
		},
		"gui": {
			"rotation": [-156.75, -55.75, 180],
			"translation": [-3.75, 5, 0],
			"scale": [1.3, 1.3, 1.3]
		},
		"head": {
			"translation": [0, 9.75, 6.5],
			"scale": [2, 2, 2]
		},
		"fixed": {
			"rotation": [180, -90, 180],
			"translation": [-6, 6.5, -3],
			"scale": [1.4, 1.4, 1.4]
		}
	},
	"groups": [
		{
			"name": "RightArm",
			"origin": [5, 22, 0],
			"color": 0,
			"children": []
		},
		{
			"name": "group",
			"origin": [8, 8, 8],
			"color": 0,
			"children": [
				0,
				1,
				2,
				3,
				4,
				5,
				6,
				7,
				8,
				9,
				10,
				11,
				12,
				13,
				14,
				15,
				16,
				17,
				18,
				19,
				20,
				21,
				22,
				23,
				24,
				25,
				26,
				27,
				28,
				29,
				30,
				31,
				{
					"name": "group",
					"origin": [7.886, 3.0845, 3.602],
					"color": 0,
					"children": [
						32,
						33,
						34,
						35,
						{
							"name": "group",
							"origin": [5.363, 7.15018, 7.04975],
							"color": 0,
							"children": [36, 37, 38, 39, 40]
						},
						{
							"name": "group",
							"origin": [5.363, 7.15018, 7.04975],
							"color": 0,
							"children": [41, 42, 43, 44, 45]
						},
						46,
						47,
						48
					]
				},
				49,
				50,
				{
					"name": "group",
					"origin": [8.25, 3.496, -1.699],
					"color": 0,
					"children": [51, 52, 53, 54, 55, 56, 57]
				}
			]
		}
	]
}
