{
	"parent": "item/handheld",
	"textures": {
		"layer0": "ssbrc:fighters/cloud/items/sword/default"
	},
	"display": {
		"thirdperson_righthand": {
			"rotation": [-45, -90, 0],
			"translation": [0, 12.5, 2.5],
			"scale": [1.8, 1.8, 1]
		},
		"thirdperson_lefthand": {
			"rotation": [-45, 90, 0],
			"translation": [0, 12.5, 2.5],
			"scale": [1.8, 1.8, 1]
		},
		"firstperson_righthand": {
			"rotation": [-45, -90, 0],
			"translation": [3.25, 10.5, 0.75],
			"scale": [1.5, 1.5, 1]
		},
		"firstperson_lefthand": {
			"rotation": [-45, 90, 0],
			"translation": [3.25, 10.5, 0.75],
			"scale": [1.5, 1.5, 1]
		}
	}
}
