{
	"credit": "Made with Blockbench",
	"texture_size": [32, 32],
	"textures": {
		"base": "ssbrc:fighters/peach/items/turnip/base"
	},
	"elements": [
		{
			"from": [13.5, 4.32504, 5],
			"to": [14.75, 6.32504, 11],
			"rotation": {"angle": 0, "axis": "y", "origin": [8, 8, 8]},
			"faces": {
				"north": {"uv": [0, 1, 0.625, 2], "texture": "#base"},
				"east": {"uv": [3, 1, 6, 2], "texture": "#base"},
				"south": {"uv": [0, 1, 0.625, 2], "texture": "#base"},
				"west": {"uv": [0, 0, 3, 1], "texture": "#base"},
				"up": {"uv": [0, 0, 0.625, 3], "texture": "#base"},
				"down": {"uv": [0, 0, 0.625, 3], "texture": "#base"}
			}
		},
		{
			"from": [1.25, 4.32504, 5],
			"to": [2.5, 6.32504, 11],
			"rotation": {"angle": 0, "axis": "y", "origin": [8, 8, 8]},
			"faces": {
				"north": {"uv": [1.5, 1, 2.125, 2], "texture": "#base"},
				"east": {"uv": [3, 0, 6, 1], "texture": "#base"},
				"south": {"uv": [1.5, 1, 2.125, 2], "texture": "#base"},
				"west": {"uv": [3, 1, 6, 2], "texture": "#base"},
				"up": {"uv": [1.5, 0, 2.125, 3], "texture": "#base"},
				"down": {"uv": [1.5, 0, 2.125, 3], "texture": "#base"}
			}
		},
		{
			"from": [14.64254, 3.68789, 5],
			"to": [15.64254, 7.18789, 11],
			"rotation": {"angle": -22.5, "axis": "z", "origin": [8, 8, 8]},
			"faces": {
				"north": {"uv": [0, 1.625, 0.5, 3.375], "texture": "#base"},
				"east": {"uv": [2, 1.5, 5, 3.25], "texture": "#base"},
				"south": {"uv": [0, 1.625, 0.5, 3.375], "texture": "#base"},
				"west": {"uv": [0, 0, 3, 1.75], "texture": "#base"},
				"up": {"uv": [0, 0, 0.5, 3], "texture": "#base"},
				"down": {"uv": [0, 0, 0.5, 3], "texture": "#base"}
			}
		},
		{
			"from": [15.71096, 3.4408, 5],
			"to": [16.71096, 6.9408, 11],
			"rotation": {"angle": -45, "axis": "z", "origin": [8, 8, 8]},
			"faces": {
				"north": {"uv": [0, 3, 0.5, 4.75], "texture": "#base"},
				"east": {"uv": [2, 3, 5, 4.75], "texture": "#base"},
				"south": {"uv": [0, 3, 0.5, 4.75], "texture": "#base"},
				"west": {"uv": [0, 0, 3, 1.75], "texture": "#base"},
				"up": {"uv": [0, 0, 0.5, 3], "texture": "#base"},
				"down": {"uv": [0, 0, 0.5, 3], "texture": "#base"}
			}
		},
		{
			"from": [3.93388, -1.7926, 5],
			"to": [7.12138, -0.7926, 11],
			"rotation": {"angle": 22.5, "axis": "z", "origin": [8, 8, 8]},
			"faces": {
				"north": {"uv": [0, 4.5, 1.59375, 5], "texture": "#base"},
				"east": {"uv": [0, 0, 3, 0.5], "texture": "#base"},
				"south": {"uv": [0, 4.5, 1.59375, 5], "texture": "#base"},
				"west": {"uv": [0, 0, 3, 0.5], "texture": "#base"},
				"up": {"uv": [0, 0, 1.59375, 3], "texture": "#base"},
				"down": {"uv": [0, 4.375, 3, 5.96875], "rotation": 90, "texture": "#base"}
			}
		},
		{
			"from": [8.87862, -1.7926, 5],
			"to": [12.06612, -0.7926, 11],
			"rotation": {"angle": -22.5, "axis": "z", "origin": [8, 8, 8]},
			"faces": {
				"north": {"uv": [0, 4.5, 1.59375, 5], "texture": "#base"},
				"east": {"uv": [0, 2, 3, 2.5], "texture": "#base"},
				"south": {"uv": [0, 4.5, 1.59375, 5], "texture": "#base"},
				"west": {"uv": [0, 2, 3, 2.5], "texture": "#base"},
				"up": {"uv": [0, 3, 1.59375, 6], "texture": "#base"},
				"down": {"uv": [0, 4.375, 3, 5.96875], "rotation": 90, "texture": "#base"}
			}
		},
		{
			"from": [-0.71096, 3.4408, 5],
			"to": [0.28904, 6.9408, 11],
			"rotation": {"angle": 45, "axis": "z", "origin": [8, 8, 8]},
			"faces": {
				"north": {"uv": [2, 3, 2.5, 4.75], "texture": "#base"},
				"east": {"uv": [2, 0, 5, 1.75], "texture": "#base"},
				"south": {"uv": [2, 3, 2.5, 4.75], "texture": "#base"},
				"west": {"uv": [2, 3, 5, 4.75], "texture": "#base"},
				"up": {"uv": [2, 0, 2.5, 3], "texture": "#base"},
				"down": {"uv": [2, 0, 2.5, 3], "texture": "#base"}
			}
		},
		{
			"from": [0.35746, 3.68789, 5],
			"to": [1.35746, 7.18789, 11],
			"rotation": {"angle": 22.5, "axis": "z", "origin": [8, 8, 8]},
			"faces": {
				"north": {"uv": [2, 1.5, 2.5, 3.25], "texture": "#base"},
				"east": {"uv": [2, 0, 5, 1.75], "texture": "#base"},
				"south": {"uv": [2, 1.5, 2.5, 3.25], "texture": "#base"},
				"west": {"uv": [2, 1.5, 5, 3.25], "texture": "#base"},
				"up": {"uv": [2, 0, 2.5, 3], "texture": "#base"},
				"down": {"uv": [2, 0, 2.5, 3], "texture": "#base"}
			}
		},
		{
			"from": [10.58859, 2.04265, 5],
			"to": [11.58859, 4.54265, 11],
			"rotation": {"angle": 45, "axis": "z", "origin": [8, 8, 8]},
			"faces": {
				"north": {"uv": [1, 0, 1.475, 1.4375], "texture": "#base"},
				"east": {"uv": [1, 0, 1.475, 1.4375], "texture": "#base"},
				"south": {"uv": [0, 0, 0.5, 1.25], "texture": "#base"},
				"west": {"uv": [1, 0, 1.475, 1.4375], "texture": "#base"},
				"up": {"uv": [0, 0, 0.5, 3], "texture": "#base"},
				"down": {"uv": [0, 0, 0.5, 3], "texture": "#base"}
			}
		},
		{
			"from": [10.06747, 8.99236, 5],
			"to": [12.56747, 9.99236, 11],
			"rotation": {"angle": -22.5, "axis": "z", "origin": [8, 8, 8]},
			"faces": {
				"north": {"uv": [0, 0, 1.25, 0.5], "texture": "#base"},
				"east": {"uv": [0, 0, 3, 0.5], "texture": "#base"},
				"south": {"uv": [0, 0, 1.25, 0.5], "texture": "#base"},
				"west": {"uv": [0, 0, 3, 0.5], "texture": "#base"},
				"up": {"uv": [0, 0, 1.25, 0.5], "texture": "#base"},
				"down": {"uv": [0, 0, 1.25, 3], "texture": "#base"}
			}
		},
		{
			"from": [3.43253, 8.99236, 5],
			"to": [5.93253, 9.99236, 11],
			"rotation": {"angle": 22.5, "axis": "z", "origin": [8, 8, 8]},
			"faces": {
				"north": {"uv": [0, 0, 1.25, 0.5], "texture": "#base"},
				"east": {"uv": [0, 0, 3, 0.5], "texture": "#base"},
				"south": {"uv": [0, 0, 1.25, 0.5], "texture": "#base"},
				"west": {"uv": [0, 0, 3, 0.5], "texture": "#base"},
				"up": {"uv": [0, 0, 1.25, 0.5], "texture": "#base"},
				"down": {"uv": [0, 0, 1.25, 3], "texture": "#base"}
			}
		},
		{
			"from": [4.41141, 2.04265, 5],
			"to": [5.41141, 4.54265, 11],
			"rotation": {"angle": -45, "axis": "z", "origin": [8, 8, 8]},
			"faces": {
				"north": {"uv": [0, 0, 0.475, 1.1875], "texture": "#base"},
				"east": {"uv": [2, 0, 5, 1.25], "texture": "#base"},
				"south": {"uv": [1, 0, 1.5, 1.25], "texture": "#base"},
				"west": {"uv": [0, 0, 0.475, 1.1875], "texture": "#base"},
				"up": {"uv": [1, 0, 1.5, 3], "texture": "#base"},
				"down": {"uv": [1, 0, 1.5, 3], "texture": "#base"}
			}
		},
		{
			"from": [5.32747, 8.04952, 5],
			"to": [10.67247, 9.04952, 11],
			"rotation": {"angle": 0, "axis": "y", "origin": [8, 8, 8]},
			"faces": {
				"north": {"uv": [0, 0, 2.6725, 0.5], "texture": "#base"},
				"east": {"uv": [0, 0, 3, 0.5], "texture": "#base"},
				"south": {"uv": [0, 0, 2.6725, 0.5], "texture": "#base"},
				"west": {"uv": [0, 0, 3, 0.5], "texture": "#base"},
				"up": {"uv": [0, 0, 2.6725, 0.5], "texture": "#base"},
				"down": {"uv": [0, 0, 2.6725, 3], "texture": "#base"}
			}
		},
		{
			"from": [1.57414, 4.31194, 4.36],
			"to": [2.58664, 6.21194, 5.635],
			"rotation": {"angle": 0, "axis": "y", "origin": [8, 8, 8]},
			"faces": {
				"north": {"uv": [0, 1, 0.50625, 1.95], "texture": "#base"},
				"east": {"uv": [0, 1, 0.50625, 1.95], "texture": "#base"},
				"south": {"uv": [0, 0, 0.50625, 0.95], "texture": "#base"},
				"west": {"uv": [0, 1, 0.6375, 1.95], "texture": "#base"},
				"up": {"uv": [0, 0, 0.50625, 0.6375], "texture": "#base"},
				"down": {"uv": [0, 0, 0.50625, 0.6375], "texture": "#base"}
			}
		},
		{
			"from": [13.41336, 4.31194, 4.36],
			"to": [14.42586, 6.21194, 5.635],
			"rotation": {"angle": 0, "axis": "y", "origin": [8, 8, 8]},
			"faces": {
				"north": {"uv": [0.50625, 1, 0, 1.95], "texture": "#base"},
				"east": {"uv": [0.6375, 1, 0, 1.95], "texture": "#base"},
				"south": {"uv": [0.50625, 0, 0, 0.95], "texture": "#base"},
				"west": {"uv": [0.50625, 1, 0, 1.95], "texture": "#base"},
				"up": {"uv": [0.50625, 0, 0, 0.6375], "texture": "#base"},
				"down": {"uv": [0.50625, 0, 0, 0.6375], "texture": "#base"}
			}
		},
		{
			"from": [14.3734, 3.71652, 4.36],
			"to": [15.3234, 7.04152, 5.635],
			"rotation": {"angle": -22.5, "axis": "z", "origin": [8, 8, 8]},
			"faces": {
				"north": {"uv": [0, 1.625, 0.475, 3.2875], "texture": "#base"},
				"east": {"uv": [0, 2, 0.6375, 3.6625], "texture": "#base"},
				"south": {"uv": [0, 0, 0.475, 1.6625], "texture": "#base"},
				"west": {"uv": [0, 1.625, 0.475, 3.2875], "texture": "#base"},
				"up": {"uv": [0, 0, 0.475, 0.6375], "texture": "#base"},
				"down": {"uv": [0, 0, 0.475, 0.6375], "texture": "#base"}
			}
		},
		{
			"from": [15.45515, 3.52011, 4.36],
			"to": [16.40515, 6.84511, 5.635],
			"rotation": {"angle": -45, "axis": "z", "origin": [8, 8, 8]},
			"faces": {
				"north": {"uv": [0, 3, 0.475, 4.6625], "texture": "#base"},
				"east": {"uv": [0, 3.5, 0.6375, 5.1625], "texture": "#base"},
				"south": {"uv": [0, 0, 0.475, 1.6625], "texture": "#base"},
				"west": {"uv": [0, 3, 0.475, 4.6625], "texture": "#base"},
				"up": {"uv": [0, 0, 0.475, 0.6375], "texture": "#base"},
				"down": {"uv": [0, 0, 0.475, 0.6375], "texture": "#base"}
			}
		},
		{
			"from": [4.04952, -1.47972, 4.36],
			"to": [7.07764, -0.52972, 5.635],
			"rotation": {"angle": 22.5, "axis": "z", "origin": [8, 8, 8]},
			"faces": {
				"north": {"uv": [0, 4.5, 1.51406, 4.975], "texture": "#base"},
				"east": {"uv": [0, 0, 0.6375, 0.475], "texture": "#base"},
				"south": {"uv": [0, 0, 1.51406, 0.475], "texture": "#base"},
				"west": {"uv": [0, 0, 0.6375, 0.475], "texture": "#base"},
				"up": {"uv": [0, 4.5, 1.51406, 4.975], "texture": "#base"},
				"down": {"uv": [0, 5.375, 1.51406, 6.0125], "texture": "#base"}
			}
		},
		{
			"from": [8.89767, -1.48995, 4.36],
			"to": [11.92579, -0.53995, 5.635],
			"rotation": {"angle": -22.5, "axis": "z", "origin": [8, 8, 8]},
			"faces": {
				"north": {"uv": [0, 4.5, 1.51406, 4.975], "texture": "#base"},
				"east": {"uv": [0, 2, 0.6375, 2.475], "texture": "#base"},
				"south": {"uv": [0, 3.5, 1.51406, 3.975], "texture": "#base"},
				"west": {"uv": [0, 2, 0.6375, 2.475], "texture": "#base"},
				"up": {"uv": [0, 4.5, 1.51406, 4.975], "texture": "#base"},
				"down": {"uv": [0, 3.5, 1.51406, 4.1375], "texture": "#base"}
			}
		},
		{
			"from": [-0.42405, 3.53902, 4.36],
			"to": [0.52595, 6.86402, 5.635],
			"rotation": {"angle": 45, "axis": "z", "origin": [8, 8, 8]},
			"faces": {
				"north": {"uv": [2, 3, 2.475, 4.6625], "texture": "#base"},
				"east": {"uv": [2, 3, 2.475, 4.6625], "texture": "#base"},
				"south": {"uv": [2, 0, 2.475, 1.6625], "texture": "#base"},
				"west": {"uv": [2, 3, 2.6375, 4.6625], "texture": "#base"},
				"up": {"uv": [2, 0, 2.475, 0.6375], "texture": "#base"},
				"down": {"uv": [2, 0, 2.475, 0.6375], "texture": "#base"}
			}
		},
		{
			"from": [0.65192, 3.72674, 4.36],
			"to": [1.60192, 7.05174, 5.635],
			"rotation": {"angle": 22.5, "axis": "z", "origin": [8, 8, 8]},
			"faces": {
				"north": {"uv": [2, 1.625, 2.475, 3.2875], "texture": "#base"},
				"east": {"uv": [2, 1.625, 2.475, 3.2875], "texture": "#base"},
				"south": {"uv": [2, 0, 2.475, 1.6625], "texture": "#base"},
				"west": {"uv": [2, 1.625, 2.6375, 3.2875], "texture": "#base"},
				"up": {"uv": [2, 0, 2.475, 0.6375], "texture": "#base"},
				"down": {"uv": [2, 0, 2.475, 0.6375], "texture": "#base"}
			}
		},
		{
			"from": [10.31052, 2.21077, 4.36],
			"to": [11.26052, 4.58577, 5.635],
			"rotation": {"angle": 45, "axis": "z", "origin": [8, 8, 8]},
			"faces": {
				"north": {"uv": [1, 0.25, 1.475, 1.4375], "texture": "#base"},
				"east": {"uv": [1, 0, 1.475, 1.4375], "texture": "#base"},
				"south": {"uv": [0, 0, 0.475, 1.1875], "texture": "#base"},
				"west": {"uv": [1, 0, 1.475, 1.4375], "texture": "#base"},
				"up": {"uv": [0, 0, 0.475, 0.6375], "texture": "#base"},
				"down": {"uv": [0, 0, 0.475, 0.6375], "texture": "#base"}
			}
		},
		{
			"from": [10.02708, 8.75576, 4.36],
			"to": [12.40208, 9.70576, 5.635],
			"rotation": {"angle": -22.5, "axis": "z", "origin": [8, 8, 8]},
			"faces": {
				"north": {"uv": [0, 0, 1.1875, 0.475], "texture": "#base"},
				"east": {"uv": [0, 0, 0.6375, 0.475], "texture": "#base"},
				"south": {"uv": [0, 0, 1.1875, 0.475], "texture": "#base"},
				"west": {"uv": [0, 0, 0.6375, 0.475], "texture": "#base"},
				"up": {"uv": [0, 0, 1.1875, 0.6375], "texture": "#base"},
				"down": {"uv": [0, 0, 1.1875, 0.475], "texture": "#base"}
			}
		},
		{
			"from": [3.57323, 8.76599, 4.36],
			"to": [5.94823, 9.71599, 5.635],
			"rotation": {"angle": 22.5, "axis": "z", "origin": [8, 8, 8]},
			"faces": {
				"north": {"uv": [0, 0, 1.1875, 0.475], "texture": "#base"},
				"east": {"uv": [0, 0, 0.6375, 0.475], "texture": "#base"},
				"south": {"uv": [0, 0, 1.1875, 0.475], "texture": "#base"},
				"west": {"uv": [0, 0, 0.6375, 0.475], "texture": "#base"},
				"up": {"uv": [0, 0, 1.1875, 0.6375], "texture": "#base"},
				"down": {"uv": [0, 0, 1.1875, 0.475], "texture": "#base"}
			}
		},
		{
			"from": [4.72058, 2.19188, 4.36],
			"to": [5.67058, 4.56688, 5.635],
			"rotation": {"angle": -45, "axis": "z", "origin": [8, 8, 8]},
			"faces": {
				"north": {"uv": [1, 0.125, 1.475, 1.4375], "texture": "#base"},
				"east": {"uv": [1, 0, 1.475, 1.4375], "texture": "#base"},
				"south": {"uv": [1, 0, 1.475, 1.1875], "texture": "#base"},
				"west": {"uv": [1, 0, 1.475, 1.4375], "texture": "#base"},
				"up": {"uv": [1, 0, 1.475, 0.6375], "texture": "#base"},
				"down": {"uv": [1, 0, 1.475, 0.6375], "texture": "#base"}
			}
		},
		{
			"from": [5.44773, 7.8502, 4.36],
			"to": [10.52548, 8.8002, 5.635],
			"rotation": {"angle": 0, "axis": "y", "origin": [8, 8, 8]},
			"faces": {
				"north": {"uv": [0, 0, 2.53888, 0.475], "texture": "#base"},
				"east": {"uv": [0, 0, 0.6375, 0.475], "texture": "#base"},
				"south": {"uv": [0, 0, 2.53888, 0.475], "texture": "#base"},
				"west": {"uv": [0, 0, 0.6375, 0.475], "texture": "#base"},
				"up": {"uv": [0, 0, 2.53888, 0.6375], "texture": "#base"},
				"down": {"uv": [0, 0, 1.1875, 0.475], "texture": "#base"}
			}
		},
		{
			"from": [1.57414, 4.31194, 10.365],
			"to": [2.58664, 6.21194, 11.64],
			"rotation": {"angle": 0, "axis": "y", "origin": [8, 8, 8]},
			"faces": {
				"north": {"uv": [0.50625, 0, 0, 0.95], "texture": "#base"},
				"east": {"uv": [0.50625, 1, 0, 1.95], "texture": "#base"},
				"south": {"uv": [0.50625, 1, 0, 1.95], "texture": "#base"},
				"west": {"uv": [0.6375, 1, 0, 1.95], "texture": "#base"},
				"up": {"uv": [0, 0.6375, 0.50625, 0], "texture": "#base"},
				"down": {"uv": [0, 0.6375, 0.50625, 0], "texture": "#base"}
			}
		},
		{
			"from": [13.41336, 4.31194, 10.365],
			"to": [14.42586, 6.21194, 11.64],
			"rotation": {"angle": 0, "axis": "y", "origin": [8, 8, 8]},
			"faces": {
				"north": {"uv": [0, 0, 0.50625, 0.95], "texture": "#base"},
				"east": {"uv": [0, 1, 0.6375, 1.95], "texture": "#base"},
				"south": {"uv": [0, 1, 0.50625, 1.95], "texture": "#base"},
				"west": {"uv": [0, 1, 0.50625, 1.95], "texture": "#base"},
				"up": {"uv": [0.50625, 0.6375, 0, 0], "texture": "#base"},
				"down": {"uv": [0.50625, 0.6375, 0, 0], "texture": "#base"}
			}
		},
		{
			"from": [14.3734, 3.71652, 10.365],
			"to": [15.3234, 7.04152, 11.64],
			"rotation": {"angle": -22.5, "axis": "z", "origin": [8, 8, 8]},
			"faces": {
				"north": {"uv": [0.475, 0, 0, 1.6625], "texture": "#base"},
				"east": {"uv": [0.6375, 2, 0, 3.6625], "texture": "#base"},
				"south": {"uv": [0.475, 1.625, 0, 3.2875], "texture": "#base"},
				"west": {"uv": [0.475, 1.625, 0, 3.2875], "texture": "#base"},
				"up": {"uv": [0, 0.6375, 0.475, 0], "texture": "#base"},
				"down": {"uv": [0, 0.6375, 0.475, 0], "texture": "#base"}
			}
		},
		{
			"from": [15.45515, 3.52011, 10.365],
			"to": [16.40515, 6.84511, 11.64],
			"rotation": {"angle": -45, "axis": "z", "origin": [8, 8, 8]},
			"faces": {
				"north": {"uv": [0.475, 0, 0, 1.6625], "texture": "#base"},
				"east": {"uv": [0.6375, 3.5, 0, 5.1625], "texture": "#base"},
				"south": {"uv": [0.475, 3, 0, 4.6625], "texture": "#base"},
				"west": {"uv": [0.475, 3, 0, 4.6625], "texture": "#base"},
				"up": {"uv": [0, 0.6375, 0.475, 0], "texture": "#base"},
				"down": {"uv": [0, 0.6375, 0.475, 0], "texture": "#base"}
			}
		},
		{
			"from": [4.04952, -1.47972, 10.365],
			"to": [7.07764, -0.52972, 11.64],
			"rotation": {"angle": 22.5, "axis": "z", "origin": [8, 8, 8]},
			"faces": {
				"north": {"uv": [1.51406, 0, 0, 0.475], "texture": "#base"},
				"east": {"uv": [0.6375, 0, 0, 0.475], "texture": "#base"},
				"south": {"uv": [1.51406, 4.5, 0, 4.975], "texture": "#base"},
				"west": {"uv": [0.6375, 0, 0, 0.475], "texture": "#base"},
				"up": {"uv": [0, 4.975, 1.51406, 4.5], "texture": "#base"},
				"down": {"uv": [0, 6.0125, 1.51406, 5.375], "texture": "#base"}
			}
		},
		{
			"from": [8.89767, -1.48995, 10.365],
			"to": [11.92579, -0.53995, 11.64],
			"rotation": {"angle": -22.5, "axis": "z", "origin": [8, 8, 8]},
			"faces": {
				"north": {"uv": [1.51406, 3.5, 0, 3.975], "texture": "#base"},
				"east": {"uv": [0.6375, 2, 0, 2.475], "texture": "#base"},
				"south": {"uv": [1.51406, 4.5, 0, 4.975], "texture": "#base"},
				"west": {"uv": [0.6375, 2, 0, 2.475], "texture": "#base"},
				"up": {"uv": [0, 4.975, 1.51406, 4.5], "texture": "#base"},
				"down": {"uv": [0, 4.1375, 1.51406, 3.5], "texture": "#base"}
			}
		},
		{
			"from": [-0.42405, 3.53902, 10.365],
			"to": [0.52595, 6.86402, 11.64],
			"rotation": {"angle": 45, "axis": "z", "origin": [8, 8, 8]},
			"faces": {
				"north": {"uv": [2.475, 0, 2, 1.6625], "texture": "#base"},
				"east": {"uv": [2.475, 3, 2, 4.6625], "texture": "#base"},
				"south": {"uv": [2.475, 3, 2, 4.6625], "texture": "#base"},
				"west": {"uv": [2.6375, 3, 2, 4.6625], "texture": "#base"},
				"up": {"uv": [2, 0.6375, 2.475, 0], "texture": "#base"},
				"down": {"uv": [2, 0.6375, 2.475, 0], "texture": "#base"}
			}
		},
		{
			"from": [0.65192, 3.72674, 10.365],
			"to": [1.60192, 7.05174, 11.64],
			"rotation": {"angle": 22.5, "axis": "z", "origin": [8, 8, 8]},
			"faces": {
				"north": {"uv": [2.475, 0, 2, 1.6625], "texture": "#base"},
				"east": {"uv": [2.475, 1.625, 2, 3.2875], "texture": "#base"},
				"south": {"uv": [2.475, 1.625, 2, 3.2875], "texture": "#base"},
				"west": {"uv": [2.6375, 1.625, 2, 3.2875], "texture": "#base"},
				"up": {"uv": [2, 0.6375, 2.475, 0], "texture": "#base"},
				"down": {"uv": [2, 0.6375, 2.475, 0], "texture": "#base"}
			}
		},
		{
			"from": [10.31052, 2.21077, 10.365],
			"to": [11.26052, 4.58577, 11.64],
			"rotation": {"angle": 45, "axis": "z", "origin": [8, 8, 8]},
			"faces": {
				"north": {"uv": [0.475, 0, 0, 1.1875], "texture": "#base"},
				"east": {"uv": [0.6375, 0, 0, 1.1875], "texture": "#base"},
				"south": {"uv": [0.475, 0, 0, 1.1875], "texture": "#base"},
				"west": {"uv": [0.6375, 0, 0, 1.1875], "texture": "#base"},
				"up": {"uv": [0, 0.6375, 0.475, 0], "texture": "#base"},
				"down": {"uv": [0, 0.6375, 0.475, 0], "texture": "#base"}
			}
		},
		{
			"from": [10.02708, 8.75576, 10.365],
			"to": [12.40208, 9.70576, 11.64],
			"rotation": {"angle": -22.5, "axis": "z", "origin": [8, 8, 8]},
			"faces": {
				"north": {"uv": [1.1875, 0, 0, 0.475], "texture": "#base"},
				"east": {"uv": [0.6375, 0, 0, 0.475], "texture": "#base"},
				"south": {"uv": [1.1875, 0, 0, 0.475], "texture": "#base"},
				"west": {"uv": [0.6375, 0, 0, 0.475], "texture": "#base"},
				"up": {"uv": [0, 0.6375, 1.1875, 0], "texture": "#base"},
				"down": {"uv": [0, 0.475, 1.1875, 0], "texture": "#base"}
			}
		},
		{
			"from": [3.57323, 8.76599, 10.365],
			"to": [5.94823, 9.71599, 11.64],
			"rotation": {"angle": 22.5, "axis": "z", "origin": [8, 8, 8]},
			"faces": {
				"north": {"uv": [1.1875, 0, 0, 0.475], "texture": "#base"},
				"east": {"uv": [0.6375, 0, 0, 0.475], "texture": "#base"},
				"south": {"uv": [1.1875, 0, 0, 0.475], "texture": "#base"},
				"west": {"uv": [0.6375, 0, 0, 0.475], "texture": "#base"},
				"up": {"uv": [0, 0.6375, 1.1875, 0], "texture": "#base"},
				"down": {"uv": [0, 0.475, 1.1875, 0], "texture": "#base"}
			}
		},
		{
			"from": [4.72058, 2.19188, 10.365],
			"to": [5.67058, 4.56688, 11.64],
			"rotation": {"angle": -45, "axis": "z", "origin": [8, 8, 8]},
			"faces": {
				"north": {"uv": [1.475, 0, 1, 1.1875], "texture": "#base"},
				"east": {"uv": [2.6375, 0, 2, 1.1875], "texture": "#base"},
				"south": {"uv": [1.475, 0, 1, 1.1875], "texture": "#base"},
				"west": {"uv": [2.6375, 0, 2, 1.1875], "texture": "#base"},
				"up": {"uv": [1, 0.6375, 1.475, 0], "texture": "#base"},
				"down": {"uv": [1, 0.6375, 1.475, 0], "texture": "#base"}
			}
		},
		{
			"from": [5.44773, 7.8502, 10.365],
			"to": [10.52548, 8.8002, 11.64],
			"rotation": {"angle": 0, "axis": "y", "origin": [8, 8, 8]},
			"faces": {
				"north": {"uv": [2.53888, 0, 0, 0.475], "texture": "#base"},
				"east": {"uv": [0.6375, 0, 0, 0.475], "texture": "#base"},
				"south": {"uv": [2.53888, 0, 0, 0.475], "texture": "#base"},
				"west": {"uv": [0.6375, 0, 0, 0.475], "texture": "#base"},
				"up": {"uv": [0, 0.6375, 2.53888, 0], "texture": "#base"},
				"down": {"uv": [0, 0.475, 1.1875, 0], "texture": "#base"}
			}
		},
		{
			"from": [7, 8.32504, 7],
			"to": [9, 9.32504, 9],
			"rotation": {"angle": 0, "axis": "y", "origin": [8, 8, 8]},
			"faces": {
				"north": {"uv": [8, 0, 9, 0.5], "texture": "#base"},
				"east": {"uv": [8, 0, 9, 0.5], "texture": "#base"},
				"south": {"uv": [8, 0, 9, 0.5], "texture": "#base"},
				"west": {"uv": [8, 0, 9, 0.5], "texture": "#base"},
				"up": {"uv": [8, 0, 9, 1], "texture": "#base"},
				"down": {"uv": [8, 0, 9, 1], "texture": "#base"}
			}
		},
		{
			"from": [7.75, 9.32504, 7.75],
			"to": [8.25, 10.82504, 8.25],
			"rotation": {"angle": 0, "axis": "y", "origin": [8, 8, 8]},
			"faces": {
				"north": {"uv": [8, 0, 8.25, 0.75], "texture": "#base"},
				"east": {"uv": [8, 0, 8.25, 0.75], "texture": "#base"},
				"south": {"uv": [8, 0, 8.25, 0.75], "texture": "#base"},
				"west": {"uv": [8, 0, 8.25, 0.75], "texture": "#base"},
				"up": {"uv": [8, 0, 8.25, 0.25], "texture": "#base"},
				"down": {"uv": [8, 0, 8.25, 0.25], "texture": "#base"}
			}
		},
		{
			"from": [7.25, 10.42686, 6.63006],
			"to": [8.75, 10.92686, 7.38006],
			"rotation": {"angle": 22.5, "axis": "x", "origin": [8, 8, 8]},
			"faces": {
				"north": {"uv": [8, 0, 8.75, 0.25], "texture": "#base"},
				"east": {"uv": [8, 0, 8.375, 0.25], "texture": "#base"},
				"south": {"uv": [8, 0, 8.75, 0.25], "texture": "#base"},
				"west": {"uv": [8, 0, 8.375, 0.25], "texture": "#base"},
				"up": {"uv": [8, 0, 8.75, 0.375], "texture": "#base"},
				"down": {"uv": [8, 0, 8.75, 0.375], "texture": "#base"}
			}
		},
		{
			"from": [6.75, 10.92686, 6.63006],
			"to": [9.25, 11.42686, 7.38006],
			"rotation": {"angle": 22.5, "axis": "x", "origin": [8, 8, 8]},
			"faces": {
				"north": {"uv": [8, 0, 9.25, 0.25], "texture": "#base"},
				"east": {"uv": [8, 0, 8.375, 0.25], "texture": "#base"},
				"south": {"uv": [8, 0, 9.25, 0.25], "texture": "#base"},
				"west": {"uv": [8, 0, 8.375, 0.25], "texture": "#base"},
				"up": {"uv": [8, 0, 9.25, 0.375], "texture": "#base"},
				"down": {"uv": [8, 0, 9.25, 0.375], "texture": "#base"}
			}
		},
		{
			"from": [6.25, 11.40325, 7.98865],
			"to": [9.75, 12.90325, 8.73865],
			"rotation": {"angle": 0, "axis": "y", "origin": [8, 8, 8]},
			"faces": {
				"north": {"uv": [8, 0, 9.75, 0.75], "texture": "#base"},
				"east": {"uv": [8, 0, 8.375, 0.75], "texture": "#base"},
				"south": {"uv": [8, 0, 9.75, 0.75], "texture": "#base"},
				"west": {"uv": [8, 0, 8.375, 0.75], "texture": "#base"},
				"up": {"uv": [8, 0, 9.75, 0.375], "texture": "#base"},
				"down": {"uv": [8, 0, 9.75, 0.375], "texture": "#base"}
			}
		},
		{
			"from": [6.25, 12.24734, 9.80881],
			"to": [9.75, 13.74734, 10.55881],
			"rotation": {"angle": -22.5, "axis": "x", "origin": [8, 8, 8]},
			"faces": {
				"north": {"uv": [8, 0, 9.75, 0.75], "texture": "#base"},
				"east": {"uv": [8, 0, 8.375, 0.75], "texture": "#base"},
				"south": {"uv": [8, 0, 9.75, 0.75], "texture": "#base"},
				"west": {"uv": [8, 0, 8.375, 0.75], "texture": "#base"},
				"up": {"uv": [8, 0, 9.75, 0.375], "texture": "#base"},
				"down": {"uv": [8, 0, 9.75, 0.375], "texture": "#base"}
			}
		},
		{
			"from": [6.25, 14.00206, 7.47172],
			"to": [9.75, 15.00206, 8.22172],
			"rotation": {"angle": 0, "axis": "y", "origin": [8, 8, 8]},
			"faces": {
				"north": {"uv": [8, 0, 9.75, 0.5], "texture": "#base"},
				"east": {"uv": [8, 0, 8.375, 0.5], "texture": "#base"},
				"south": {"uv": [8, 0, 9.75, 0.5], "texture": "#base"},
				"west": {"uv": [8, 0, 8.375, 0.5], "texture": "#base"},
				"up": {"uv": [8, 0, 9.75, 0.375], "texture": "#base"},
				"down": {"uv": [8, 0, 9.75, 0.375], "texture": "#base"}
			}
		},
		{
			"from": [6.25, 12.57765, 2.67525],
			"to": [9.75, 13.32765, 3.42525],
			"rotation": {"angle": 45, "axis": "x", "origin": [8, 8, 8]},
			"faces": {
				"north": {"uv": [8, 0, 9.75, 0.375], "texture": "#base"},
				"east": {"uv": [8, 0, 8.375, 0.375], "texture": "#base"},
				"south": {"uv": [8, 0, 9.75, 0.375], "texture": "#base"},
				"west": {"uv": [8, 0, 8.375, 0.375], "texture": "#base"},
				"up": {"uv": [8, 0, 9.75, 0.375], "texture": "#base"},
				"down": {"uv": [8, 0, 9.75, 0.375], "texture": "#base"}
			}
		},
		{
			"from": [5.75, 12.57765, 2.67525],
			"to": [6.25, 13.32765, 3.42525],
			"rotation": {"angle": 45, "axis": "x", "origin": [8, 8, 8]},
			"faces": {
				"north": {"uv": [8, 0, 8.25, 0.375], "texture": "#base"},
				"east": {"uv": [8, 0, 8.375, 0.375], "texture": "#base"},
				"south": {"uv": [8, 0, 8.25, 0.375], "texture": "#base"},
				"west": {"uv": [8, 0, 8.375, 0.375], "texture": "#base"},
				"up": {"uv": [8, 0, 8.25, 0.375], "texture": "#base"},
				"down": {"uv": [8, 0, 8.25, 0.375], "texture": "#base"}
			}
		},
		{
			"from": [5.75, 14.00206, 7.47172],
			"to": [6.25, 15.00206, 8.22172],
			"rotation": {"angle": 0, "axis": "y", "origin": [8, 8, 8]},
			"faces": {
				"north": {"uv": [8, 0, 8.25, 0.5], "texture": "#base"},
				"east": {"uv": [8, 0, 8.375, 0.5], "texture": "#base"},
				"south": {"uv": [8, 0, 8.25, 0.5], "texture": "#base"},
				"west": {"uv": [8, 0, 8.375, 0.5], "texture": "#base"},
				"up": {"uv": [8, 0, 8.25, 0.375], "texture": "#base"},
				"down": {"uv": [8, 0, 8.25, 0.375], "texture": "#base"}
			}
		},
		{
			"from": [5.75, 12.24734, 9.80881],
			"to": [6.25, 13.74734, 10.55881],
			"rotation": {"angle": -22.5, "axis": "x", "origin": [8, 8, 8]},
			"faces": {
				"north": {"uv": [8, 0, 8.25, 0.75], "texture": "#base"},
				"east": {"uv": [8, 0, 8.375, 0.75], "texture": "#base"},
				"south": {"uv": [8, 0, 8.25, 0.75], "texture": "#base"},
				"west": {"uv": [8, 0, 8.375, 0.75], "texture": "#base"},
				"up": {"uv": [8, 0, 8.25, 0.375], "texture": "#base"},
				"down": {"uv": [8, 0, 8.25, 0.375], "texture": "#base"}
			}
		},
		{
			"from": [5.75, 11.90325, 7.98865],
			"to": [6.25, 12.90325, 8.73865],
			"rotation": {"angle": 0, "axis": "y", "origin": [8, 8, 8]},
			"faces": {
				"north": {"uv": [8, 0, 8.25, 0.5], "texture": "#base"},
				"east": {"uv": [8, 0, 8.375, 0.5], "texture": "#base"},
				"south": {"uv": [8, 0, 8.25, 0.5], "texture": "#base"},
				"west": {"uv": [8, 0, 8.375, 0.5], "texture": "#base"},
				"up": {"uv": [8, 0, 8.25, 0.375], "texture": "#base"},
				"down": {"uv": [8, 0, 8.25, 0.375], "texture": "#base"}
			}
		},
		{
			"from": [9.75, 12.57765, 2.67525],
			"to": [10.25, 13.32765, 3.42525],
			"rotation": {"angle": 45, "axis": "x", "origin": [8, 8, 8]},
			"faces": {
				"north": {"uv": [8, 0, 8.25, 0.375], "texture": "#base"},
				"east": {"uv": [8, 0, 8.375, 0.375], "texture": "#base"},
				"south": {"uv": [8, 0, 8.25, 0.375], "texture": "#base"},
				"west": {"uv": [8, 0, 8.375, 0.375], "texture": "#base"},
				"up": {"uv": [8, 0, 8.25, 0.375], "texture": "#base"},
				"down": {"uv": [8, 0, 8.25, 0.375], "texture": "#base"}
			}
		},
		{
			"from": [9.75, 14.00206, 7.47172],
			"to": [10.25, 15.00206, 8.22172],
			"rotation": {"angle": 0, "axis": "y", "origin": [8, 8, 8]},
			"faces": {
				"north": {"uv": [8, 0, 8.25, 0.5], "texture": "#base"},
				"east": {"uv": [8, 0, 8.375, 0.5], "texture": "#base"},
				"south": {"uv": [8, 0, 8.25, 0.5], "texture": "#base"},
				"west": {"uv": [8, 0, 8.375, 0.5], "texture": "#base"},
				"up": {"uv": [8, 0, 8.25, 0.375], "texture": "#base"},
				"down": {"uv": [8, 0, 8.25, 0.375], "texture": "#base"}
			}
		},
		{
			"from": [9.75, 12.24734, 9.80881],
			"to": [10.25, 13.74734, 10.55881],
			"rotation": {"angle": -22.5, "axis": "x", "origin": [8, 8, 8]},
			"faces": {
				"north": {"uv": [8, 0, 8.25, 0.75], "texture": "#base"},
				"east": {"uv": [8, 0, 8.375, 0.75], "texture": "#base"},
				"south": {"uv": [8, 0, 8.25, 0.75], "texture": "#base"},
				"west": {"uv": [8, 0, 8.375, 0.75], "texture": "#base"},
				"up": {"uv": [8, 0, 8.25, 0.375], "texture": "#base"},
				"down": {"uv": [8, 0, 8.25, 0.375], "texture": "#base"}
			}
		},
		{
			"from": [9.75, 11.90325, 7.98865],
			"to": [10.25, 12.90325, 8.73865],
			"rotation": {"angle": 0, "axis": "y", "origin": [8, 8, 8]},
			"faces": {
				"north": {"uv": [8, 0, 8.25, 0.5], "texture": "#base"},
				"east": {"uv": [8, 0, 8.375, 0.5], "texture": "#base"},
				"south": {"uv": [8, 0, 8.25, 0.5], "texture": "#base"},
				"west": {"uv": [8, 0, 8.375, 0.5], "texture": "#base"},
				"up": {"uv": [8, 0, 8.25, 0.375], "texture": "#base"},
				"down": {"uv": [8, 0, 8.25, 0.375], "texture": "#base"}
			}
		},
		{
			"from": [6.25, 14.67279, 5.06228],
			"to": [9.75, 15.92279, 5.81228],
			"rotation": {"angle": 22.5, "axis": "x", "origin": [8, 8, 8]},
			"faces": {
				"north": {"uv": [8, 0, 9.75, 0.625], "texture": "#base"},
				"east": {"uv": [8, 0, 8.375, 0.625], "texture": "#base"},
				"south": {"uv": [8, 0, 9.75, 0.625], "texture": "#base"},
				"west": {"uv": [8, 0, 8.375, 0.625], "texture": "#base"},
				"up": {"uv": [8, 0, 9.75, 0.375], "texture": "#base"},
				"down": {"uv": [8, 0, 9.75, 0.375], "texture": "#base"}
			}
		},
		{
			"from": [6.75, 16.1569, 8.26073],
			"to": [9.25, 16.9069, 9.01073],
			"rotation": {"angle": 0, "axis": "y", "origin": [8, 8, 8]},
			"faces": {
				"north": {"uv": [8, 0, 9.25, 0.375], "texture": "#base"},
				"east": {"uv": [8, 0, 8.375, 0.375], "texture": "#base"},
				"south": {"uv": [8, 0, 9.25, 0.375], "texture": "#base"},
				"west": {"uv": [8, 0, 8.375, 0.375], "texture": "#base"},
				"up": {"uv": [8, 0, 9.25, 0.375], "texture": "#base"},
				"down": {"uv": [8, 0, 9.25, 0.375], "texture": "#base"}
			}
		},
		{
			"from": [7.5, 15.84211, 11.59231],
			"to": [8.75, 16.59211, 12.34231],
			"rotation": {"angle": -22.5, "axis": "x", "origin": [8, 8, 8]},
			"faces": {
				"north": {"uv": [8, 0, 8.625, 0.375], "texture": "#base"},
				"east": {"uv": [8, 0, 8.375, 0.375], "texture": "#base"},
				"south": {"uv": [8, 0, 8.625, 0.375], "texture": "#base"},
				"west": {"uv": [8, 0, 8.375, 0.375], "texture": "#base"},
				"up": {"uv": [8, 0, 8.625, 0.375], "texture": "#base"},
				"down": {"uv": [8, 0, 8.625, 0.375], "texture": "#base"}
			}
		},
		{
			"from": [7.25, 8.76119, 7.81416],
			"to": [8.75, 11.01119, 8.31416],
			"rotation": {"angle": -22.5, "axis": "x", "origin": [8, 8, 8]},
			"faces": {
				"north": {"uv": [8, 0, 8.75, 1.125], "texture": "#base"},
				"east": {"uv": [8, 0, 8.25, 1.125], "texture": "#base"},
				"south": {"uv": [8, 0, 8.75, 1.125], "texture": "#base"},
				"west": {"uv": [8, 0, 8.25, 1.125], "texture": "#base"},
				"up": {"uv": [8, 0, 8.75, 0.25], "texture": "#base"},
				"down": {"uv": [8, 0, 8.75, 0.25], "texture": "#base"}
			}
		},
		{
			"from": [6.25, 14.12928, 6.2726],
			"to": [9.75, 16.00428, 7.0226],
			"rotation": {"angle": -22.5, "axis": "x", "origin": [8, 8, 8]},
			"faces": {
				"north": {"uv": [8, 0, 9.75, 0.9375], "texture": "#base"},
				"east": {"uv": [8, 0, 8.375, 0.9375], "texture": "#base"},
				"south": {"uv": [8, 0, 9.75, 0.9375], "texture": "#base"},
				"west": {"uv": [8, 0, 8.375, 0.9375], "texture": "#base"},
				"up": {"uv": [8, 0, 9.75, 0.375], "texture": "#base"},
				"down": {"uv": [8, 0, 9.75, 0.375], "texture": "#base"}
			}
		},
		{
			"from": [5.75, 14.12928, 6.2726],
			"to": [6.25, 16.00428, 7.0226],
			"rotation": {"angle": -22.5, "axis": "x", "origin": [8, 8, 8]},
			"faces": {
				"north": {"uv": [8, 0, 8.25, 0.9375], "texture": "#base"},
				"east": {"uv": [8, 0, 8.375, 0.9375], "texture": "#base"},
				"south": {"uv": [8, 0, 8.25, 0.9375], "texture": "#base"},
				"west": {"uv": [8, 0, 8.375, 0.9375], "texture": "#base"},
				"up": {"uv": [8, 0, 8.25, 0.375], "texture": "#base"},
				"down": {"uv": [8, 0, 8.25, 0.375], "texture": "#base"}
			}
		},
		{
			"from": [9.75, 14.12928, 6.2726],
			"to": [10.25, 16.00428, 7.0226],
			"rotation": {"angle": -22.5, "axis": "x", "origin": [8, 8, 8]},
			"faces": {
				"north": {"uv": [8, 0, 8.25, 0.9375], "texture": "#base"},
				"east": {"uv": [8, 0, 8.375, 0.9375], "texture": "#base"},
				"south": {"uv": [8, 0, 8.25, 0.9375], "texture": "#base"},
				"west": {"uv": [8, 0, 8.375, 0.9375], "texture": "#base"},
				"up": {"uv": [8, 0, 8.25, 0.375], "texture": "#base"},
				"down": {"uv": [8, 0, 8.25, 0.375], "texture": "#base"}
			}
		},
		{
			"from": [6.25, 14.73395, 3.34099],
			"to": [9.75, 16.23395, 4.09099],
			"rotation": {"angle": 0, "axis": "y", "origin": [8, 8, 8]},
			"faces": {
				"north": {"uv": [8, 0, 9.75, 0.75], "texture": "#base"},
				"east": {"uv": [8, 0, 8.375, 0.75], "texture": "#base"},
				"south": {"uv": [8, 0, 9.75, 0.75], "texture": "#base"},
				"west": {"uv": [8, 0, 8.375, 0.75], "texture": "#base"},
				"up": {"uv": [8, 0, 9.75, 0.375], "texture": "#base"},
				"down": {"uv": [8, 0, 9.75, 0.375], "texture": "#base"}
			}
		},
		{
			"from": [6.25, 13.82425, 0.54464],
			"to": [9.75, 14.82425, 1.29464],
			"rotation": {"angle": 22.5, "axis": "x", "origin": [8, 8, 8]},
			"faces": {
				"north": {"uv": [8, 0, 9.75, 0.5], "texture": "#base"},
				"east": {"uv": [8, 0, 8.375, 0.5], "texture": "#base"},
				"south": {"uv": [8, 0, 9.75, 0.5], "texture": "#base"},
				"west": {"uv": [8, 0, 8.375, 0.5], "texture": "#base"},
				"up": {"uv": [8, 0, 9.75, 0.375], "texture": "#base"},
				"down": {"uv": [8, 0, 9.75, 0.375], "texture": "#base"}
			}
		},
		{
			"from": [6.75, 14.82425, 0.54464],
			"to": [9.25, 15.32425, 1.29464],
			"rotation": {"angle": 22.5, "axis": "x", "origin": [8, 8, 8]},
			"faces": {
				"north": {"uv": [8, 0, 9.25, 0.25], "texture": "#base"},
				"east": {"uv": [8, 0, 8.375, 0.25], "texture": "#base"},
				"south": {"uv": [8, 0, 9.25, 0.25], "texture": "#base"},
				"west": {"uv": [8, 0, 8.375, 0.25], "texture": "#base"},
				"up": {"uv": [8, 0, 9.25, 0.375], "texture": "#base"},
				"down": {"uv": [8, 0, 9.25, 0.375], "texture": "#base"}
			}
		},
		{
			"from": [7, 11.91368, -1.69073],
			"to": [8.75, 12.41368, -0.94073],
			"rotation": {"angle": 45, "axis": "x", "origin": [8, 8, 8]},
			"faces": {
				"north": {"uv": [8, 0, 8.875, 0.25], "texture": "#base"},
				"east": {"uv": [8, 0, 8.375, 0.25], "texture": "#base"},
				"south": {"uv": [8, 0, 8.875, 0.25], "texture": "#base"},
				"west": {"uv": [8, 0, 8.375, 0.25], "texture": "#base"},
				"up": {"uv": [8, 0, 8.875, 0.375], "texture": "#base"},
				"down": {"uv": [8, 0, 8.875, 0.375], "texture": "#base"}
			}
		},
		{
			"from": [9.75, 14.73395, 3.34099],
			"to": [10.25, 16.23395, 4.09099],
			"rotation": {"angle": 0, "axis": "y", "origin": [8, 8, 8]},
			"faces": {
				"north": {"uv": [8, 0, 8.25, 0.75], "texture": "#base"},
				"east": {"uv": [8, 0, 8.375, 0.75], "texture": "#base"},
				"south": {"uv": [8, 0, 8.25, 0.75], "texture": "#base"},
				"west": {"uv": [8, 0, 8.375, 0.75], "texture": "#base"},
				"up": {"uv": [8, 0, 8.25, 0.375], "texture": "#base"},
				"down": {"uv": [8, 0, 8.25, 0.375], "texture": "#base"}
			}
		},
		{
			"from": [5.75, 14.73395, 3.34099],
			"to": [6.25, 16.23395, 4.09099],
			"rotation": {"angle": 0, "axis": "y", "origin": [8, 8, 8]},
			"faces": {
				"north": {"uv": [8, 0, 8.25, 0.75], "texture": "#base"},
				"east": {"uv": [8, 0, 8.375, 0.75], "texture": "#base"},
				"south": {"uv": [8, 0, 8.25, 0.75], "texture": "#base"},
				"west": {"uv": [8, 0, 8.375, 0.75], "texture": "#base"},
				"up": {"uv": [8, 0, 8.25, 0.375], "texture": "#base"},
				"down": {"uv": [8, 0, 8.25, 0.375], "texture": "#base"}
			}
		},
		{
			"from": [6.75, 10.44877, 8.74966],
			"to": [9.25, 10.94877, 9.49966],
			"rotation": {"angle": -45, "axis": "x", "origin": [8, 8, 8]},
			"faces": {
				"north": {"uv": [8, 0, 9.25, 0.25], "texture": "#base"},
				"east": {"uv": [8, 0, 8.375, 0.25], "texture": "#base"},
				"south": {"uv": [8, 0, 9.25, 0.25], "texture": "#base"},
				"west": {"uv": [8, 0, 8.375, 0.25], "texture": "#base"},
				"up": {"uv": [8, 0, 9.25, 0.375], "texture": "#base"},
				"down": {"uv": [8, 0, 9.25, 0.375], "texture": "#base"}
			}
		},
		{
			"from": [6.25, 10.94877, 8.74966],
			"to": [9.75, 14.32377, 9.49966],
			"rotation": {"angle": -45, "axis": "x", "origin": [8, 8, 8]},
			"faces": {
				"north": {"uv": [8, 0, 9.75, 1.6875], "texture": "#base"},
				"east": {"uv": [8, 0, 8.375, 1.6875], "texture": "#base"},
				"south": {"uv": [8, 0, 9.75, 1.6875], "texture": "#base"},
				"west": {"uv": [8, 0, 8.375, 1.6875], "texture": "#base"},
				"up": {"uv": [8, 0, 9.75, 0.375], "texture": "#base"},
				"down": {"uv": [8, 0, 9.75, 0.375], "texture": "#base"}
			}
		},
		{
			"from": [9.75, 11.44877, 8.74966],
			"to": [10.25, 14.32377, 9.49966],
			"rotation": {"angle": -45, "axis": "x", "origin": [8, 8, 8]},
			"faces": {
				"north": {"uv": [8, 0, 8.25, 1.4375], "texture": "#base"},
				"east": {"uv": [8, 0, 8.375, 1.4375], "texture": "#base"},
				"south": {"uv": [8, 0, 8.25, 1.4375], "texture": "#base"},
				"west": {"uv": [8, 0, 8.375, 1.4375], "texture": "#base"},
				"up": {"uv": [8, 0, 8.25, 0.375], "texture": "#base"},
				"down": {"uv": [8, 0, 8.25, 0.375], "texture": "#base"}
			}
		},
		{
			"from": [5.75, 11.44877, 8.74966],
			"to": [6.25, 14.32377, 9.49966],
			"rotation": {"angle": -45, "axis": "x", "origin": [8, 8, 8]},
			"faces": {
				"north": {"uv": [8, 0, 8.25, 1.4375], "texture": "#base"},
				"east": {"uv": [8, 0, 8.375, 1.4375], "texture": "#base"},
				"south": {"uv": [8, 0, 8.25, 1.4375], "texture": "#base"},
				"west": {"uv": [8, 0, 8.375, 1.4375], "texture": "#base"},
				"up": {"uv": [8, 0, 8.25, 0.375], "texture": "#base"},
				"down": {"uv": [8, 0, 8.25, 0.375], "texture": "#base"}
			}
		},
		{
			"from": [7.25, 8.76119, 7.68584],
			"to": [8.75, 11.01119, 8.18584],
			"rotation": {"angle": 22.5, "axis": "x", "origin": [8, 8, 8]},
			"faces": {
				"north": {"uv": [8.75, 0, 8, 1.125], "texture": "#base"},
				"east": {"uv": [8.25, 0, 8, 1.125], "texture": "#base"},
				"south": {"uv": [8.75, 0, 8, 1.125], "texture": "#base"},
				"west": {"uv": [8.25, 0, 8, 1.125], "texture": "#base"},
				"up": {"uv": [8, 0.25, 8.75, 0], "texture": "#base"},
				"down": {"uv": [8, 0.25, 8.75, 0], "texture": "#base"}
			}
		},
		{
			"from": [6.25, 14.12928, 8.9774],
			"to": [9.75, 16.00428, 9.7274],
			"rotation": {"angle": 22.5, "axis": "x", "origin": [8, 8, 8]},
			"faces": {
				"north": {"uv": [9.75, 0, 8, 0.9375], "texture": "#base"},
				"east": {"uv": [8.375, 0, 8, 0.9375], "texture": "#base"},
				"south": {"uv": [9.75, 0, 8, 0.9375], "texture": "#base"},
				"west": {"uv": [8.375, 0, 8, 0.9375], "texture": "#base"},
				"up": {"uv": [8, 0.375, 9.75, 0], "texture": "#base"},
				"down": {"uv": [8, 0.375, 9.75, 0], "texture": "#base"}
			}
		},
		{
			"from": [5.75, 14.12928, 8.9774],
			"to": [6.25, 16.00428, 9.7274],
			"rotation": {"angle": 22.5, "axis": "x", "origin": [8, 8, 8]},
			"faces": {
				"north": {"uv": [8.25, 0, 8, 0.9375], "texture": "#base"},
				"east": {"uv": [8.375, 0, 8, 0.9375], "texture": "#base"},
				"south": {"uv": [8.25, 0, 8, 0.9375], "texture": "#base"},
				"west": {"uv": [8.375, 0, 8, 0.9375], "texture": "#base"},
				"up": {"uv": [8, 0.375, 8.25, 0], "texture": "#base"},
				"down": {"uv": [8, 0.375, 8.25, 0], "texture": "#base"}
			}
		},
		{
			"from": [9.75, 14.12928, 8.9774],
			"to": [10.25, 16.00428, 9.7274],
			"rotation": {"angle": 22.5, "axis": "x", "origin": [8, 8, 8]},
			"faces": {
				"north": {"uv": [8.25, 0, 8, 0.9375], "texture": "#base"},
				"east": {"uv": [8.375, 0, 8, 0.9375], "texture": "#base"},
				"south": {"uv": [8.25, 0, 8, 0.9375], "texture": "#base"},
				"west": {"uv": [8.375, 0, 8, 0.9375], "texture": "#base"},
				"up": {"uv": [8, 0.375, 8.25, 0], "texture": "#base"},
				"down": {"uv": [8, 0.375, 8.25, 0], "texture": "#base"}
			}
		},
		{
			"from": [6.25, 14.73395, 11.90901],
			"to": [9.75, 16.23395, 12.65901],
			"rotation": {"angle": 0, "axis": "y", "origin": [8, 8, 8]},
			"faces": {
				"north": {"uv": [9.75, 0, 8, 0.75], "texture": "#base"},
				"east": {"uv": [8.375, 0, 8, 0.75], "texture": "#base"},
				"south": {"uv": [9.75, 0, 8, 0.75], "texture": "#base"},
				"west": {"uv": [8.375, 0, 8, 0.75], "texture": "#base"},
				"up": {"uv": [8, 0.375, 9.75, 0], "texture": "#base"},
				"down": {"uv": [8, 0.375, 9.75, 0], "texture": "#base"}
			}
		},
		{
			"from": [6.25, 13.82425, 14.70536],
			"to": [9.75, 14.82425, 15.45536],
			"rotation": {"angle": -22.5, "axis": "x", "origin": [8, 8, 8]},
			"faces": {
				"north": {"uv": [9.75, 0, 8, 0.5], "texture": "#base"},
				"east": {"uv": [8.375, 0, 8, 0.5], "texture": "#base"},
				"south": {"uv": [9.75, 0, 8, 0.5], "texture": "#base"},
				"west": {"uv": [8.375, 0, 8, 0.5], "texture": "#base"},
				"up": {"uv": [8, 0.375, 9.75, 0], "texture": "#base"},
				"down": {"uv": [8, 0.375, 9.75, 0], "texture": "#base"}
			}
		},
		{
			"from": [6.75, 14.82425, 14.70536],
			"to": [9.25, 15.32425, 15.45536],
			"rotation": {"angle": -22.5, "axis": "x", "origin": [8, 8, 8]},
			"faces": {
				"north": {"uv": [9.25, 0, 8, 0.25], "texture": "#base"},
				"east": {"uv": [8.375, 0, 8, 0.25], "texture": "#base"},
				"south": {"uv": [9.25, 0, 8, 0.25], "texture": "#base"},
				"west": {"uv": [8.375, 0, 8, 0.25], "texture": "#base"},
				"up": {"uv": [8, 0.375, 9.25, 0], "texture": "#base"},
				"down": {"uv": [8, 0.375, 9.25, 0], "texture": "#base"}
			}
		},
		{
			"from": [7, 11.91368, 16.94073],
			"to": [8.75, 12.41368, 17.69073],
			"rotation": {"angle": -45, "axis": "x", "origin": [8, 8, 8]},
			"faces": {
				"north": {"uv": [8.875, 0, 8, 0.25], "texture": "#base"},
				"east": {"uv": [8.375, 0, 8, 0.25], "texture": "#base"},
				"south": {"uv": [8.875, 0, 8, 0.25], "texture": "#base"},
				"west": {"uv": [8.375, 0, 8, 0.25], "texture": "#base"},
				"up": {"uv": [8, 0.375, 8.875, 0], "texture": "#base"},
				"down": {"uv": [8, 0.375, 8.875, 0], "texture": "#base"}
			}
		},
		{
			"from": [9.75, 14.73395, 11.90901],
			"to": [10.25, 16.23395, 12.65901],
			"rotation": {"angle": 0, "axis": "y", "origin": [8, 8, 8]},
			"faces": {
				"north": {"uv": [8.25, 0, 8, 0.75], "texture": "#base"},
				"east": {"uv": [8.375, 0, 8, 0.75], "texture": "#base"},
				"south": {"uv": [8.25, 0, 8, 0.75], "texture": "#base"},
				"west": {"uv": [8.375, 0, 8, 0.75], "texture": "#base"},
				"up": {"uv": [8, 0.375, 8.25, 0], "texture": "#base"},
				"down": {"uv": [8, 0.375, 8.25, 0], "texture": "#base"}
			}
		},
		{
			"from": [5.75, 14.73395, 11.90901],
			"to": [6.25, 16.23395, 12.65901],
			"rotation": {"angle": 0, "axis": "y", "origin": [8, 8, 8]},
			"faces": {
				"north": {"uv": [8.25, 0, 8, 0.75], "texture": "#base"},
				"east": {"uv": [8.375, 0, 8, 0.75], "texture": "#base"},
				"south": {"uv": [8.25, 0, 8, 0.75], "texture": "#base"},
				"west": {"uv": [8.375, 0, 8, 0.75], "texture": "#base"},
				"up": {"uv": [8, 0.375, 8.25, 0], "texture": "#base"},
				"down": {"uv": [8, 0.375, 8.25, 0], "texture": "#base"}
			}
		},
		{
			"from": [6.75, 10.44877, 6.50034],
			"to": [9.25, 10.94877, 7.25034],
			"rotation": {"angle": 45, "axis": "x", "origin": [8, 8, 8]},
			"faces": {
				"north": {"uv": [9.25, 0, 8, 0.25], "texture": "#base"},
				"east": {"uv": [8.375, 0, 8, 0.25], "texture": "#base"},
				"south": {"uv": [9.25, 0, 8, 0.25], "texture": "#base"},
				"west": {"uv": [8.375, 0, 8, 0.25], "texture": "#base"},
				"up": {"uv": [8, 0.375, 9.25, 0], "texture": "#base"},
				"down": {"uv": [8, 0.375, 9.25, 0], "texture": "#base"}
			}
		},
		{
			"from": [6.25, 10.94877, 6.50034],
			"to": [9.75, 14.32377, 7.25034],
			"rotation": {"angle": 45, "axis": "x", "origin": [8, 8, 8]},
			"faces": {
				"north": {"uv": [9.75, 0, 8, 1.6875], "texture": "#base"},
				"east": {"uv": [8.375, 0, 8, 1.6875], "texture": "#base"},
				"south": {"uv": [9.75, 0, 8, 1.6875], "texture": "#base"},
				"west": {"uv": [8.375, 0, 8, 1.6875], "texture": "#base"},
				"up": {"uv": [8, 0.375, 9.75, 0], "texture": "#base"},
				"down": {"uv": [8, 0.375, 9.75, 0], "texture": "#base"}
			}
		},
		{
			"from": [9.75, 11.44877, 6.50034],
			"to": [10.25, 14.32377, 7.25034],
			"rotation": {"angle": 45, "axis": "x", "origin": [8, 8, 8]},
			"faces": {
				"north": {"uv": [8.25, 0, 8, 1.4375], "texture": "#base"},
				"east": {"uv": [8.375, 0, 8, 1.4375], "texture": "#base"},
				"south": {"uv": [8.25, 0, 8, 1.4375], "texture": "#base"},
				"west": {"uv": [8.375, 0, 8, 1.4375], "texture": "#base"},
				"up": {"uv": [8, 0.375, 8.25, 0], "texture": "#base"},
				"down": {"uv": [8, 0.375, 8.25, 0], "texture": "#base"}
			}
		},
		{
			"from": [5.75, 11.44877, 6.50034],
			"to": [6.25, 14.32377, 7.25034],
			"rotation": {"angle": 45, "axis": "x", "origin": [8, 8, 8]},
			"faces": {
				"north": {"uv": [8.25, 0, 8, 1.4375], "texture": "#base"},
				"east": {"uv": [8.375, 0, 8, 1.4375], "texture": "#base"},
				"south": {"uv": [8.25, 0, 8, 1.4375], "texture": "#base"},
				"west": {"uv": [8.375, 0, 8, 1.4375], "texture": "#base"},
				"up": {"uv": [8, 0.375, 8.25, 0], "texture": "#base"},
				"down": {"uv": [8, 0.375, 8.25, 0], "texture": "#base"}
			}
		},
		{
			"from": [8.0765, 8.34164, 7.4375],
			"to": [8.4515, 10.02914, 8.5625],
			"rotation": {"angle": -22.5, "axis": "z", "origin": [8, 8, 8]},
			"faces": {
				"north": {"uv": [8, 0, 8.1875, 0.84375], "texture": "#base"},
				"east": {"uv": [8, 0, 8.5625, 0.84375], "texture": "#base"},
				"south": {"uv": [8, 0, 8.1875, 0.84375], "texture": "#base"},
				"west": {"uv": [8, 0, 8.5625, 0.84375], "texture": "#base"},
				"up": {"uv": [8, 0, 8.5625, 0.1875], "rotation": 90, "texture": "#base"},
				"down": {"uv": [8, 0, 8.5625, 0.1875], "rotation": 270, "texture": "#base"}
			}
		},
		{
			"from": [9.04516, 12.36771, 6.6875],
			"to": [9.60766, 14.89896, 9.3125],
			"rotation": {"angle": -22.5, "axis": "z", "origin": [8, 8, 8]},
			"faces": {
				"north": {"uv": [8, 0, 8.28125, 1.26563], "texture": "#base"},
				"east": {"uv": [8, 0, 9.3125, 1.26563], "texture": "#base"},
				"south": {"uv": [8, 0, 8.28125, 1.26563], "texture": "#base"},
				"west": {"uv": [8, 0, 9.3125, 1.26563], "texture": "#base"},
				"up": {"uv": [8, 0, 9.3125, 0.28125], "rotation": 90, "texture": "#base"},
				"down": {"uv": [8, 0, 9.3125, 0.28125], "rotation": 270, "texture": "#base"}
			}
		},
		{
			"from": [11.5629, 13.75859, 6.6875],
			"to": [12.1254, 14.50859, 9.3125],
			"rotation": {"angle": 0, "axis": "y", "origin": [8, 8, 8]},
			"faces": {
				"north": {"uv": [8, 0, 8.28125, 0.375], "texture": "#base"},
				"east": {"uv": [8, 0, 9.3125, 0.375], "texture": "#base"},
				"south": {"uv": [8, 0, 8.28125, 0.375], "texture": "#base"},
				"west": {"uv": [8, 0, 9.3125, 0.375], "texture": "#base"},
				"up": {"uv": [8, 0, 9.3125, 0.28125], "rotation": 90, "texture": "#base"},
				"down": {"uv": [8, 0, 9.3125, 0.28125], "rotation": 270, "texture": "#base"}
			}
		},
		{
			"from": [13.7396, 12.43443, 7.0625],
			"to": [14.3021, 12.80943, 8.9375],
			"rotation": {"angle": 22.5, "axis": "z", "origin": [8, 8, 8]},
			"faces": {
				"north": {"uv": [8, 0, 8.28125, 0.1875], "texture": "#base"},
				"east": {"uv": [8, 0, 8.9375, 0.1875], "texture": "#base"},
				"south": {"uv": [8, 0, 8.28125, 0.1875], "texture": "#base"},
				"west": {"uv": [8, 0, 8.9375, 0.1875], "texture": "#base"},
				"up": {"uv": [8, 0, 8.9375, 0.28125], "rotation": 90, "texture": "#base"},
				"down": {"uv": [8, 0, 8.9375, 0.28125], "rotation": 270, "texture": "#base"}
			}
		},
		{
			"from": [13.7396, 12.80943, 7.4375],
			"to": [14.3021, 13.18443, 8.5625],
			"rotation": {"angle": 22.5, "axis": "z", "origin": [8, 8, 8]},
			"faces": {
				"north": {"uv": [8, 0, 8.28125, 0.1875], "texture": "#base"},
				"east": {"uv": [8, 0, 8.5625, 0.1875], "texture": "#base"},
				"south": {"uv": [8, 0, 8.28125, 0.1875], "texture": "#base"},
				"west": {"uv": [8, 0, 8.5625, 0.1875], "texture": "#base"},
				"up": {"uv": [8, 0, 8.5625, 0.28125], "rotation": 90, "texture": "#base"},
				"down": {"uv": [8, 0, 8.5625, 0.28125], "rotation": 270, "texture": "#base"}
			}
		},
		{
			"from": [9.04516, 12.36771, 6.3125],
			"to": [9.60766, 14.89896, 6.6875],
			"rotation": {"angle": -22.5, "axis": "z", "origin": [8, 8, 8]},
			"faces": {
				"north": {"uv": [8, 0, 8.28125, 1.26563], "texture": "#base"},
				"east": {"uv": [8, 0, 8.1875, 1.26563], "texture": "#base"},
				"south": {"uv": [8, 0, 8.28125, 1.26563], "texture": "#base"},
				"west": {"uv": [8, 0, 8.1875, 1.26563], "texture": "#base"},
				"up": {"uv": [8, 0, 8.1875, 0.28125], "rotation": 90, "texture": "#base"},
				"down": {"uv": [8, 0, 8.1875, 0.28125], "rotation": 270, "texture": "#base"}
			}
		},
		{
			"from": [9.04516, 12.36771, 9.3125],
			"to": [9.60766, 14.89896, 9.6875],
			"rotation": {"angle": -22.5, "axis": "z", "origin": [8, 8, 8]},
			"faces": {
				"north": {"uv": [8, 0, 8.28125, 1.26563], "texture": "#base"},
				"east": {"uv": [8, 0, 8.1875, 1.26563], "texture": "#base"},
				"south": {"uv": [8, 0, 8.28125, 1.26563], "texture": "#base"},
				"west": {"uv": [8, 0, 8.1875, 1.26563], "texture": "#base"},
				"up": {"uv": [8, 0, 8.1875, 0.28125], "rotation": 90, "texture": "#base"},
				"down": {"uv": [8, 0, 8.1875, 0.28125], "rotation": 270, "texture": "#base"}
			}
		},
		{
			"from": [7.25134, 9.74421, 7.0625],
			"to": [7.81384, 10.11921, 8.9375],
			"rotation": {"angle": -45, "axis": "z", "origin": [8, 8, 8]},
			"faces": {
				"north": {"uv": [8, 0, 8.28125, 0.1875], "texture": "#base"},
				"east": {"uv": [8, 0, 8.9375, 0.1875], "texture": "#base"},
				"south": {"uv": [8, 0, 8.28125, 0.1875], "texture": "#base"},
				"west": {"uv": [8, 0, 8.9375, 0.1875], "texture": "#base"},
				"up": {"uv": [8, 0, 8.9375, 0.28125], "rotation": 90, "texture": "#base"},
				"down": {"uv": [8, 0, 8.9375, 0.28125], "rotation": 270, "texture": "#base"}
			}
		},
		{
			"from": [7.25134, 10.11921, 6.6875],
			"to": [7.81384, 12.65046, 9.3125],
			"rotation": {"angle": -45, "axis": "z", "origin": [8, 8, 8]},
			"faces": {
				"north": {"uv": [8, 0, 8.28125, 1.26563], "texture": "#base"},
				"east": {"uv": [8, 0, 9.3125, 1.26563], "texture": "#base"},
				"south": {"uv": [8, 0, 8.28125, 1.26563], "texture": "#base"},
				"west": {"uv": [8, 0, 9.3125, 1.26563], "texture": "#base"},
				"up": {"uv": [8, 0, 9.3125, 0.28125], "rotation": 90, "texture": "#base"},
				"down": {"uv": [8, 0, 9.3125, 0.28125], "rotation": 270, "texture": "#base"}
			}
		},
		{
			"from": [7.25134, 10.49421, 9.3125],
			"to": [7.81384, 12.65046, 9.6875],
			"rotation": {"angle": -45, "axis": "z", "origin": [8, 8, 8]},
			"faces": {
				"north": {"uv": [8, 0, 8.28125, 1.07813], "texture": "#base"},
				"east": {"uv": [8, 0, 8.1875, 1.07813], "texture": "#base"},
				"south": {"uv": [8, 0, 8.28125, 1.07813], "texture": "#base"},
				"west": {"uv": [8, 0, 8.1875, 1.07813], "texture": "#base"},
				"up": {"uv": [8, 0, 8.1875, 0.28125], "rotation": 90, "texture": "#base"},
				"down": {"uv": [8, 0, 8.1875, 0.28125], "rotation": 270, "texture": "#base"}
			}
		},
		{
			"from": [7.25134, 10.49421, 6.3125],
			"to": [7.81384, 12.65046, 6.6875],
			"rotation": {"angle": -45, "axis": "z", "origin": [8, 8, 8]},
			"faces": {
				"north": {"uv": [8, 0, 8.28125, 1.07813], "texture": "#base"},
				"east": {"uv": [8, 0, 8.1875, 1.07813], "texture": "#base"},
				"south": {"uv": [8, 0, 8.28125, 1.07813], "texture": "#base"},
				"west": {"uv": [8, 0, 8.1875, 1.07813], "texture": "#base"},
				"up": {"uv": [8, 0, 8.1875, 0.28125], "rotation": 90, "texture": "#base"},
				"down": {"uv": [8, 0, 8.1875, 0.28125], "rotation": 270, "texture": "#base"}
			}
		},
		{
			"from": [7.54851, 8.34164, 7.4375],
			"to": [7.92351, 10.02914, 8.5625],
			"rotation": {"angle": 22.5, "axis": "z", "origin": [8, 8, 8]},
			"faces": {
				"north": {"uv": [8.1875, 0, 8, 0.84375], "texture": "#base"},
				"east": {"uv": [8.5625, 0, 8, 0.84375], "texture": "#base"},
				"south": {"uv": [8.1875, 0, 8, 0.84375], "texture": "#base"},
				"west": {"uv": [8.5625, 0, 8, 0.84375], "texture": "#base"},
				"up": {"uv": [8, 0.1875, 8.5625, 0], "rotation": 90, "texture": "#base"},
				"down": {"uv": [8, 0.1875, 8.5625, 0], "rotation": 270, "texture": "#base"}
			}
		},
		{
			"from": [6.39234, 12.36771, 6.6875],
			"to": [6.95484, 14.89896, 9.3125],
			"rotation": {"angle": 22.5, "axis": "z", "origin": [8, 8, 8]},
			"faces": {
				"north": {"uv": [8.28125, 0, 8, 1.26563], "texture": "#base"},
				"east": {"uv": [9.3125, 0, 8, 1.26563], "texture": "#base"},
				"south": {"uv": [8.28125, 0, 8, 1.26563], "texture": "#base"},
				"west": {"uv": [9.3125, 0, 8, 1.26563], "texture": "#base"},
				"up": {"uv": [8, 0.28125, 9.3125, 0], "rotation": 90, "texture": "#base"},
				"down": {"uv": [8, 0.28125, 9.3125, 0], "rotation": 270, "texture": "#base"}
			}
		},
		{
			"from": [3.8746, 13.75859, 6.6875],
			"to": [4.4371, 14.50859, 9.3125],
			"rotation": {"angle": 0, "axis": "y", "origin": [8, 8, 8]},
			"faces": {
				"north": {"uv": [8.28125, 0, 8, 0.375], "texture": "#base"},
				"east": {"uv": [9.3125, 0, 8, 0.375], "texture": "#base"},
				"south": {"uv": [8.28125, 0, 8, 0.375], "texture": "#base"},
				"west": {"uv": [9.3125, 0, 8, 0.375], "texture": "#base"},
				"up": {"uv": [8, 0.28125, 9.3125, 0], "rotation": 90, "texture": "#base"},
				"down": {"uv": [8, 0.28125, 9.3125, 0], "rotation": 270, "texture": "#base"}
			}
		},
		{
			"from": [1.6979, 12.43443, 7.0625],
			"to": [2.2604, 12.80943, 8.9375],
			"rotation": {"angle": -22.5, "axis": "z", "origin": [8, 8, 8]},
			"faces": {
				"north": {"uv": [8.28125, 0, 8, 0.1875], "texture": "#base"},
				"east": {"uv": [8.9375, 0, 8, 0.1875], "texture": "#base"},
				"south": {"uv": [8.28125, 0, 8, 0.1875], "texture": "#base"},
				"west": {"uv": [8.9375, 0, 8, 0.1875], "texture": "#base"},
				"up": {"uv": [8, 0.28125, 8.9375, 0], "rotation": 90, "texture": "#base"},
				"down": {"uv": [8, 0.28125, 8.9375, 0], "rotation": 270, "texture": "#base"}
			}
		},
		{
			"from": [1.6979, 12.80943, 7.4375],
			"to": [2.2604, 13.18443, 8.5625],
			"rotation": {"angle": -22.5, "axis": "z", "origin": [8, 8, 8]},
			"faces": {
				"north": {"uv": [8.28125, 0, 8, 0.1875], "texture": "#base"},
				"east": {"uv": [8.5625, 0, 8, 0.1875], "texture": "#base"},
				"south": {"uv": [8.28125, 0, 8, 0.1875], "texture": "#base"},
				"west": {"uv": [8.5625, 0, 8, 0.1875], "texture": "#base"},
				"up": {"uv": [8, 0.28125, 8.5625, 0], "rotation": 90, "texture": "#base"},
				"down": {"uv": [8, 0.28125, 8.5625, 0], "rotation": 270, "texture": "#base"}
			}
		},
		{
			"from": [6.39234, 12.36771, 6.3125],
			"to": [6.95484, 14.89896, 6.6875],
			"rotation": {"angle": 22.5, "axis": "z", "origin": [8, 8, 8]},
			"faces": {
				"north": {"uv": [8.28125, 0, 8, 1.26563], "texture": "#base"},
				"east": {"uv": [8.1875, 0, 8, 1.26563], "texture": "#base"},
				"south": {"uv": [8.28125, 0, 8, 1.26563], "texture": "#base"},
				"west": {"uv": [8.1875, 0, 8, 1.26563], "texture": "#base"},
				"up": {"uv": [8, 0.28125, 8.1875, 0], "rotation": 90, "texture": "#base"},
				"down": {"uv": [8, 0.28125, 8.1875, 0], "rotation": 270, "texture": "#base"}
			}
		},
		{
			"from": [6.39234, 12.36771, 9.3125],
			"to": [6.95484, 14.89896, 9.6875],
			"rotation": {"angle": 22.5, "axis": "z", "origin": [8, 8, 8]},
			"faces": {
				"north": {"uv": [8.28125, 0, 8, 1.26563], "texture": "#base"},
				"east": {"uv": [8.1875, 0, 8, 1.26563], "texture": "#base"},
				"south": {"uv": [8.28125, 0, 8, 1.26563], "texture": "#base"},
				"west": {"uv": [8.1875, 0, 8, 1.26563], "texture": "#base"},
				"up": {"uv": [8, 0.28125, 8.1875, 0], "rotation": 90, "texture": "#base"},
				"down": {"uv": [8, 0.28125, 8.1875, 0], "rotation": 270, "texture": "#base"}
			}
		},
		{
			"from": [8.18616, 9.74421, 7.0625],
			"to": [8.74866, 10.11921, 8.9375],
			"rotation": {"angle": 45, "axis": "z", "origin": [8, 8, 8]},
			"faces": {
				"north": {"uv": [8.28125, 0, 8, 0.1875], "texture": "#base"},
				"east": {"uv": [8.9375, 0, 8, 0.1875], "texture": "#base"},
				"south": {"uv": [8.28125, 0, 8, 0.1875], "texture": "#base"},
				"west": {"uv": [8.9375, 0, 8, 0.1875], "texture": "#base"},
				"up": {"uv": [8, 0.28125, 8.9375, 0], "rotation": 90, "texture": "#base"},
				"down": {"uv": [8, 0.28125, 8.9375, 0], "rotation": 270, "texture": "#base"}
			}
		},
		{
			"from": [8.18616, 10.11921, 6.6875],
			"to": [8.74866, 12.65046, 9.3125],
			"rotation": {"angle": 45, "axis": "z", "origin": [8, 8, 8]},
			"faces": {
				"north": {"uv": [8.28125, 0, 8, 1.26563], "texture": "#base"},
				"east": {"uv": [9.3125, 0, 8, 1.26563], "texture": "#base"},
				"south": {"uv": [8.28125, 0, 8, 1.26563], "texture": "#base"},
				"west": {"uv": [9.3125, 0, 8, 1.26563], "texture": "#base"},
				"up": {"uv": [8, 0.28125, 9.3125, 0], "rotation": 90, "texture": "#base"},
				"down": {"uv": [8, 0.28125, 9.3125, 0], "rotation": 270, "texture": "#base"}
			}
		},
		{
			"from": [8.18616, 10.49421, 9.3125],
			"to": [8.74866, 12.65046, 9.6875],
			"rotation": {"angle": 45, "axis": "z", "origin": [8, 8, 8]},
			"faces": {
				"north": {"uv": [8.28125, 0, 8, 1.07813], "texture": "#base"},
				"east": {"uv": [8.1875, 0, 8, 1.07813], "texture": "#base"},
				"south": {"uv": [8.28125, 0, 8, 1.07813], "texture": "#base"},
				"west": {"uv": [8.1875, 0, 8, 1.07813], "texture": "#base"},
				"up": {"uv": [8, 0.28125, 8.1875, 0], "rotation": 90, "texture": "#base"},
				"down": {"uv": [8, 0.28125, 8.1875, 0], "rotation": 270, "texture": "#base"}
			}
		},
		{
			"from": [8.18616, 10.49421, 6.3125],
			"to": [8.74866, 12.65046, 6.6875],
			"rotation": {"angle": 45, "axis": "z", "origin": [8, 8, 8]},
			"faces": {
				"north": {"uv": [8.28125, 0, 8, 1.07813], "texture": "#base"},
				"east": {"uv": [8.1875, 0, 8, 1.07813], "texture": "#base"},
				"south": {"uv": [8.28125, 0, 8, 1.07813], "texture": "#base"},
				"west": {"uv": [8.1875, 0, 8, 1.07813], "texture": "#base"},
				"up": {"uv": [8, 0.28125, 8.1875, 0], "rotation": 90, "texture": "#base"},
				"down": {"uv": [8, 0.28125, 8.1875, 0], "rotation": 270, "texture": "#base"}
			}
		},
		{
			"from": [2.5, -1.42496, 4.375],
			"to": [13.5, 8.07504, 11.625],
			"rotation": {"angle": 0, "axis": "y", "origin": [8, 8, 8]},
			"faces": {
				"north": {"uv": [0, 6, 11, 15.5], "texture": "#base"},
				"south": {"uv": [0, 6, 11, 15.5], "texture": "#base"}
			}
		},
		{
			"from": [2.5, -1.42496, 4.25],
			"to": [13.5, 8.07504, 11.75],
			"rotation": {"angle": 0, "axis": "y", "origin": [8, 8, 8]},
			"faces": {
				"north": {"uv": [0, 0, 11, 9.5], "texture": "#type"}
			}
		}
	],
	"display": {
		"thirdperson_righthand": {
			"translation": [0, 2, 0],
			"scale": [0.75, 0.75, 0.75]
		},
		"thirdperson_lefthand": {
			"translation": [0, 2, 0],
			"scale": [0.75, 0.75, 0.75]
		},
		"firstperson_righthand": {
			"rotation": [-180, 34.25, -180],
			"translation": [8, 2, -6],
			"scale": [0.75, 0.75, 0.75]
		},
		"firstperson_lefthand": {
			"rotation": [-180, 34.25, -180],
			"translation": [8, 2, -6],
			"scale": [0.75, 0.75, 0.75]
		},
		"gui": {
			"rotation": [-160, 30, 180],
			"scale": [0.75, 0.75, 0.75]
		},
		"head": {
			"translation": [0, -21, 0]
		}
	},
	"groups": [
		{
			"name": "group",
			"origin": [5.32747, 12.72448, 7.5],
			"color": 0,
			"nbt": "{}",
			"children": [0, 1, 2, 3, 4, 5, 6, 7, 8, 9, 10, 11, 12]
		},
		{
			"name": "group",
			"origin": [5.32747, 12.72448, 7.5],
			"color": 0,
			"nbt": "{}",
			"children": [13, 14, 15, 16, 17, 18, 19, 20, 21, 22, 23, 24, 25, 26, 27, 28, 29, 30, 31, 32, 33, 34, 35, 36, 37, 38]
		},
		39,
		{
			"name": "group",
			"origin": [8, 20.58186, 9.01073],
			"color": 0,
			"nbt": "{}",
			"children": [40, 41, 42, 43, 44, 45, 46, 47, 48, 49, 50, 51, 52, 53, 54, 55, 56, 57]
		},
		{
			"name": "group",
			"origin": [8, 14.29015, 6.445],
			"color": 0,
			"nbt": "{}",
			"children": [58, 59, 60, 61, 62, 63, 64, 65, 66, 67, 68, 69, 70, 71]
		},
		{
			"name": "group",
			"origin": [8, 14.29015, 6.445],
			"color": 0,
			"nbt": "{}",
			"children": [72, 73, 74, 75, 76, 77, 78, 79, 80, 81, 82, 83, 84, 85]
		},
		{
			"name": "group",
			"origin": [8, 8, 8],
			"color": 0,
			"nbt": "{}",
			"children": [
				{
					"name": "group",
					"origin": [8, 14.29015, 6.445],
					"color": 0,
					"nbt": "{}",
					"children": [86, 87, 88, 89, 90, 91, 92, 93, 94, 95, 96]
				},
				{
					"name": "group",
					"origin": [8, 14.29015, 6.445],
					"color": 0,
					"nbt": "{}",
					"children": [97, 98, 99, 100, 101, 102, 103, 104, 105, 106, 107]
				}
			]
		},
		108,
		109
	]
}