{
	"parent": "item/generated",
	"textures": {
		"layer0": "ssbrc:fighters/byleth/items/golden_deer/failnaught/charged"
	},
	"display": {
		"thirdperson_righthand": {
			"rotation": [-45, -90, 0],
			"translation": [0, -1, 0],
			"scale": [1.5, 1.5, 1.5]
		},
		"thirdperson_lefthand": {
			"rotation": [-45, 90, 0],
			"translation": [0, -1, 0],
			"scale": [1.5, 1.5, 1.5]
		},
		"firstperson_righthand": {
			"rotation": [0, -90, 25],
			"translation": [1, 11.45, -1]
		},
		"firstperson_lefthand": {
			"rotation": [0, 90, 25],
			"translation": [1, 11.45, -1]
		}
	}
}
