{
	"parent": "item/generated",
	"textures": {
		"layer0": "ssbrc:fighters/byleth/items/golden_deer/failnaught/pulling_1"
	},
	"display": {
		"thirdperson_righthand": {
			"rotation": [-45, -90, 0],
			"translation": [0, -1, 4],
			"scale": [1.1, 1.1, 1.1]
		},
		"thirdperson_lefthand": {
			"rotation": [-45, 90, 0],
			"translation": [0, -1, 4],
			"scale": [1.1, 1.1, 1.1]
		},
		"firstperson_righthand": {
			"rotation": [0, -90, 25],
			"translation": [1, 11.45, 1],
			"scale": [0.75, 0.75, 0.75]
		},
		"firstperson_lefthand": {
			"rotation": [-25, 90, 0],
			"translation": [1, 11.45, 1],
			"scale": [0.75, 0.75, 0.75]
		}
	}
}
