{
	"parent": "item/handheld",
	"textures": {
		"layer0": "ssbrc:fighters/alucard/items/crissaegrim"
	},
	"display": {
		"thirdperson_righthand": {
			"rotation": [-45, 90, 0],
			"translation": [0, 7.5, 3],
			"scale": [1.2, 1.2, 1]
		},
		"thirdperson_lefthand": {
			"rotation": [-45, -90, 0],
			"translation": [0, 7.5, 3],
			"scale": [1.2, 1.2, 1]
		},
		"firstperson_righthand": {
			"rotation": [-45, 90, 0],
			"translation": [1, 5, 2]
		},
		"firstperson_lefthand": {
			"rotation": [0, 90, -25],
			"translation": [1.13, 3.2, 1.13],
			"scale": [0.68, 0.68, 0.68]
		},
		"gui": {
			"rotation": [-180, 0, 90]
		}
	}
}
