{
	"texture_size": [64, 64],
	"textures": {
		"0": "ssbrc:fighters/pokemon_trainer/skins/victor/coalossal",
		"1": "ssbrc:fighters/pokemon_trainer/skins/victor/coalossal_top"
	},
	"elements": [
		{
			"name": "Head",
			"from": [4, 0.5, 4],
			"to": [12, 8.5, 12],
			"rotation": {"angle": 0, "axis": "y", "origin": [8, 4.5, 8]},
			"faces": {
				"north": {"uv": [2, 2, 4, 4], "texture": "#0"},
				"east": {"uv": [0, 2, 2, 4], "texture": "#0"},
				"south": {"uv": [6, 2, 8, 4], "texture": "#0"},
				"west": {"uv": [4, 2, 6, 4], "texture": "#0"},
				"up": {"uv": [4, 2, 2, 0], "texture": "#0"},
				"down": {"uv": [6, 0, 4, 2], "texture": "#0"}
			}
		},
		{
			"name": "Hat Layer",
			"from": [3.5, 0, 3.5],
			"to": [12.5, 9, 12.5],
			"rotation": {"angle": 0, "axis": "y", "origin": [8, 4.5, 8]},
			"faces": {
				"north": {"uv": [10, 2, 12, 4], "texture": "#0"},
				"east": {"uv": [8, 2, 10, 4], "texture": "#0"},
				"south": {"uv": [14, 2, 16, 4], "texture": "#0"},
				"west": {"uv": [12, 2, 14, 4], "texture": "#0"},
				"up": {"uv": [12, 2, 10, 0], "texture": "#0"},
				"down": {"uv": [14, 0, 12, 2], "texture": "#0"}
			}
		},
		{
			"from": [6.5, 8.745, 4],
			"to": [9.5, 9.815, 5],
			"rotation": {"angle": 0, "axis": "y", "origin": [8, 13, 9.5]},
			"faces": {
				"north": {"uv": [7, 9, 14, 11], "texture": "#1"},
				"east": {"uv": [13, 9, 16, 12], "texture": "#1"},
				"south": {"uv": [7, 9, 16, 12], "texture": "#1"},
				"west": {"uv": [14, 9, 16, 12], "texture": "#1"},
				"up": {"uv": [8, 10, 15, 12], "texture": "#1"},
				"down": {"uv": [7, 9, 16, 12], "texture": "#1"}
			}
		},
		{
			"from": [5.5, 8.495, 5],
			"to": [10.5, 11.135, 6],
			"rotation": {"angle": 0, "axis": "y", "origin": [8, 13, 9.5]},
			"faces": {
				"north": {"uv": [5, 8, 15, 13], "texture": "#1"},
				"east": {"uv": [0, 10, 9, 16], "texture": "#1"},
				"south": {"uv": [0, 10, 9, 16], "texture": "#1"},
				"west": {"uv": [1, 3, 10, 9], "texture": "#1"},
				"up": {"uv": [10, 8, 12, 11], "texture": "#1"},
				"down": {"uv": [0, 10, 9, 16], "texture": "#1"}
			}
		},
		{
			"from": [8.5, 11.135, 5],
			"to": [10.5, 12.455, 6],
			"rotation": {"angle": 0, "axis": "y", "origin": [8, 13, 9.5]},
			"faces": {
				"north": {"uv": [6, 7, 10, 10], "texture": "#1"},
				"east": {"uv": [0, 2, 3, 6.5], "texture": "#1"},
				"south": {"uv": [0, 2, 3, 6.5], "texture": "#1"},
				"west": {"uv": [0, 2, 3, 6.5], "texture": "#1"},
				"up": {"uv": [0, 2, 3, 6.5], "texture": "#1"},
				"down": {"uv": [0, 2, 3, 6.5], "texture": "#1"}
			}
		},
		{
			"from": [5.5, 11.135, 5],
			"to": [7.5, 12.455, 6],
			"rotation": {"angle": 0, "axis": "y", "origin": [8, 13, 9.5]},
			"faces": {
				"north": {"uv": [3, 6, 7, 9], "texture": "#1"},
				"east": {"uv": [0, 2, 3, 6.5], "texture": "#1"},
				"south": {"uv": [0, 2, 3, 6.5], "texture": "#1"},
				"west": {"uv": [12, 12.25, 15, 16], "texture": "#1"},
				"up": {"uv": [5, 9, 9, 11.5], "texture": "#1"},
				"down": {"uv": [0, 2, 3, 6.5], "texture": "#1"}
			}
		},
		{
			"from": [6.5, 12.455, 5],
			"to": [7.5, 13.775, 6],
			"rotation": {"angle": 0, "axis": "y", "origin": [8, 13, 9.5]},
			"faces": {
				"north": {"uv": [12, 14, 14, 16], "texture": "#1"},
				"east": {"uv": [12, 14, 14, 16], "texture": "#1"},
				"south": {"uv": [12, 14, 14, 16], "texture": "#1"},
				"west": {"uv": [12, 14, 14, 16], "texture": "#1"},
				"up": {"uv": [12, 14, 14, 16], "texture": "#1"},
				"down": {"uv": [12, 14, 14, 16], "texture": "#1"}
			}
		},
		{
			"from": [7.5, 15.095, 6],
			"to": [8.5, 16.415, 7],
			"rotation": {"angle": 0, "axis": "y", "origin": [8, 13, 9.5]},
			"faces": {
				"north": {"uv": [12, 14, 14, 16], "texture": "#1"},
				"east": {"uv": [12, 14, 14, 16], "texture": "#1"},
				"south": {"uv": [12, 14, 14, 16], "texture": "#1"},
				"west": {"uv": [12, 14, 14, 16], "texture": "#1"},
				"up": {"uv": [12, 14, 14, 16], "texture": "#1"},
				"down": {"uv": [12, 14, 14, 16], "texture": "#1"}
			}
		},
		{
			"from": [8.5, 12.455, 5],
			"to": [9.5, 13.775, 6],
			"rotation": {"angle": 0, "axis": "y", "origin": [8, 13, 9.5]},
			"faces": {
				"north": {"uv": [12, 14, 14, 16], "texture": "#1"},
				"east": {"uv": [12, 14, 14, 16], "texture": "#1"},
				"south": {"uv": [12, 14, 14, 16], "texture": "#1"},
				"west": {"uv": [12, 14, 14, 16], "texture": "#1"},
				"up": {"uv": [12, 14, 14, 16], "texture": "#1"},
				"down": {"uv": [12, 14, 14, 16], "texture": "#1"}
			}
		},
		{
			"from": [6.5, 8.495, 6],
			"to": [9.5, 15.095, 7],
			"rotation": {"angle": 0, "axis": "y", "origin": [8, 13, 9.5]},
			"faces": {
				"north": {"uv": [7.25, 3, 14, 14], "texture": "#1"},
				"east": {"uv": [14, 3, 16, 15], "texture": "#1"},
				"south": {"uv": [9.25, 3, 16, 15], "texture": "#1"},
				"west": {"uv": [14.25, 3, 16, 15], "texture": "#1"},
				"up": {"uv": [9.25, 13, 16, 15], "texture": "#1"},
				"down": {"uv": [9.25, 3, 16, 15], "texture": "#1"}
			}
		},
		{
			"from": [4.5, 8.495, 5],
			"to": [5.5, 9.815, 6],
			"rotation": {"angle": 0, "axis": "y", "origin": [8, 13, 9.5]},
			"faces": {
				"north": {"uv": [14, 14, 16, 16], "texture": "#1"},
				"east": {"uv": [14, 14, 16, 16], "texture": "#1"},
				"south": {"uv": [14, 14, 16, 16], "texture": "#1"},
				"west": {"uv": [14, 14, 16, 16], "texture": "#1"},
				"up": {"uv": [14, 14, 16, 16], "texture": "#1"},
				"down": {"uv": [14, 14, 16, 16], "texture": "#1"}
			}
		},
		{
			"from": [4.25, 8.245, 11],
			"to": [5.5, 9.815, 12.25],
			"rotation": {"angle": 0, "axis": "y", "origin": [8, 13, 9.5]},
			"faces": {
				"north": {"uv": [14, 14, 16, 16], "texture": "#1"},
				"east": {"uv": [14, 14, 16, 16], "texture": "#1"},
				"south": {"uv": [14, 14, 16, 16], "texture": "#1"},
				"west": {"uv": [14, 14, 16, 16], "texture": "#1"},
				"up": {"uv": [14, 14, 16, 16], "texture": "#1"},
				"down": {"uv": [14, 14, 16, 16], "texture": "#1"}
			}
		},
		{
			"from": [4.5, 12.455, 9],
			"to": [5.5, 13.775, 10],
			"rotation": {"angle": 0, "axis": "y", "origin": [8, 13, 9.5]},
			"faces": {
				"north": {"uv": [14, 14, 16, 16], "texture": "#1"},
				"east": {"uv": [14, 14, 16, 16], "texture": "#1"},
				"south": {"uv": [14, 14, 16, 16], "texture": "#1"},
				"west": {"uv": [14, 14, 16, 16], "texture": "#1"},
				"up": {"uv": [14, 14, 16, 16], "texture": "#1"},
				"down": {"uv": [14, 14, 16, 16], "texture": "#1"}
			}
		},
		{
			"from": [4.5, 12.455, 7],
			"to": [5.5, 13.775, 8],
			"rotation": {"angle": 0, "axis": "y", "origin": [8, 13, 9.5]},
			"faces": {
				"north": {"uv": [14, 14, 16, 16], "texture": "#1"},
				"east": {"uv": [14, 14, 16, 16], "texture": "#1"},
				"south": {"uv": [14, 14, 16, 16], "texture": "#1"},
				"west": {"uv": [14, 14, 16, 16], "texture": "#1"},
				"up": {"uv": [14, 14, 16, 16], "texture": "#1"},
				"down": {"uv": [14, 14, 16, 16], "texture": "#1"}
			}
		},
		{
			"from": [4.5, 8.495, 6],
			"to": [5.5, 12.455, 11],
			"rotation": {"angle": 0, "axis": "y", "origin": [8, 13, 9.5]},
			"faces": {
				"north": {"uv": [7, 10, 9, 16], "texture": "#1"},
				"east": {"uv": [0, 10, 9, 16], "texture": "#1"},
				"south": {"uv": [11, 12, 16, 16], "texture": "#1"},
				"west": {"uv": [5, 6, 15, 12], "texture": "#1"},
				"up": {"uv": [8, 11, 14, 16], "rotation": 270, "texture": "#1"},
				"down": {"uv": [0, 10, 9, 16], "rotation": 90, "texture": "#1"}
			}
		},
		{
			"from": [3.5, 7.995, 7],
			"to": [4.5, 9.815, 10],
			"rotation": {"angle": 0, "axis": "y", "origin": [8, 13, 9.5]},
			"faces": {
				"north": {"uv": [13, 9, 16, 12], "texture": "#1"},
				"east": {"uv": [7, 9, 16, 12], "texture": "#1"},
				"south": {"uv": [14, 9, 16, 12], "texture": "#1"},
				"west": {"uv": [7, 8, 14, 11], "texture": "#1"},
				"up": {"uv": [8, 10, 15, 12], "rotation": 270, "texture": "#1"},
				"down": {"uv": [7, 9, 16, 12], "rotation": 90, "texture": "#1"}
			}
		},
		{
			"from": [5.5, 15.095, 7],
			"to": [6.5, 16.415, 10],
			"rotation": {"angle": 0, "axis": "y", "origin": [8, 13, 9.5]},
			"faces": {
				"north": {"uv": [13, 9, 16, 12], "texture": "#1"},
				"east": {"uv": [5, 8, 14, 11], "texture": "#1"},
				"south": {"uv": [11, 8, 13, 11], "texture": "#1"},
				"west": {"uv": [5, 8, 12, 10], "texture": "#1"},
				"up": {"uv": [6, 9, 13, 11], "rotation": 270, "texture": "#1"},
				"down": {"uv": [5, 8, 14, 11], "rotation": 90, "texture": "#1"}
			}
		},
		{
			"from": [5.5, 8.495, 6],
			"to": [6.5, 15.095, 11],
			"rotation": {"angle": 0, "axis": "y", "origin": [8, 13, 9.5]},
			"faces": {
				"north": {"uv": [14.25, 3, 16, 15], "texture": "#1"},
				"east": {"uv": [9.25, 3, 16, 15], "texture": "#1"},
				"south": {"uv": [14, 3, 16, 15], "texture": "#1"},
				"west": {"uv": [5.25, 3, 16, 15], "texture": "#1"},
				"up": {"uv": [9.25, 13, 16, 15], "rotation": 90, "texture": "#1"},
				"down": {"uv": [9.25, 3, 16, 15], "rotation": 270, "texture": "#1"}
			}
		},
		{
			"from": [6.5, 15.095, 7],
			"to": [9.5, 17.735, 10],
			"rotation": {"angle": 0, "axis": "y", "origin": [8, 13, 9.5]},
			"faces": {
				"north": {"uv": [8, 15, 15, 9], "texture": "#1"},
				"east": {"uv": [8, 15, 15, 9], "texture": "#1"},
				"south": {"uv": [8, 15, 15, 9], "texture": "#1"},
				"west": {"uv": [8, 15, 15, 9], "texture": "#1"},
				"up": {"uv": [4, 7, 11, 1], "texture": "#1"},
				"down": {"uv": [8, 15, 15, 9], "texture": "#1"}
			}
		},
		{
			"from": [7.5, 17.735, 8],
			"to": [8.5, 18.555, 9],
			"rotation": {"angle": 0, "axis": "y", "origin": [8, 13, 9.5]},
			"faces": {
				"north": {"uv": [10, 14, 13, 11], "texture": "#1"},
				"east": {"uv": [10, 14, 13, 11], "texture": "#1"},
				"south": {"uv": [10, 14, 13, 11], "texture": "#1"},
				"west": {"uv": [10, 14, 13, 11], "texture": "#1"},
				"up": {"uv": [10, 14, 13, 11], "texture": "#1"},
				"down": {"uv": [10, 14, 13, 11], "texture": "#1"}
			}
		},
		{
			"from": [10.5, 8.245, 11],
			"to": [11.75, 9.815, 12.25],
			"rotation": {"angle": 0, "axis": "y", "origin": [8, 13, 9.5]},
			"faces": {
				"north": {"uv": [14, 14, 16, 16], "texture": "#1"},
				"east": {"uv": [14, 14, 16, 16], "texture": "#1"},
				"south": {"uv": [14, 14, 16, 16], "texture": "#1"},
				"west": {"uv": [14, 14, 16, 16], "texture": "#1"},
				"up": {"uv": [14, 14, 16, 16], "rotation": 180, "texture": "#1"},
				"down": {"uv": [14, 14, 16, 16], "rotation": 180, "texture": "#1"}
			}
		},
		{
			"from": [10.5, 8.495, 5],
			"to": [11.5, 9.815, 6],
			"rotation": {"angle": 0, "axis": "y", "origin": [8, 13, 9.5]},
			"faces": {
				"north": {"uv": [14, 14, 16, 16], "texture": "#1"},
				"east": {"uv": [14, 14, 16, 16], "texture": "#1"},
				"south": {"uv": [14, 14, 16, 16], "texture": "#1"},
				"west": {"uv": [14, 14, 16, 16], "texture": "#1"},
				"up": {"uv": [14, 14, 16, 16], "rotation": 180, "texture": "#1"},
				"down": {"uv": [14, 14, 16, 16], "rotation": 180, "texture": "#1"}
			}
		},
		{
			"from": [10.5, 12.455, 7],
			"to": [11.5, 13.775, 8],
			"rotation": {"angle": 0, "axis": "y", "origin": [8, 13, 9.5]},
			"faces": {
				"north": {"uv": [14, 14, 16, 16], "texture": "#1"},
				"east": {"uv": [14, 14, 16, 16], "texture": "#1"},
				"south": {"uv": [14, 14, 16, 16], "texture": "#1"},
				"west": {"uv": [14, 14, 16, 16], "texture": "#1"},
				"up": {"uv": [14, 14, 16, 16], "rotation": 180, "texture": "#1"},
				"down": {"uv": [14, 14, 16, 16], "rotation": 180, "texture": "#1"}
			}
		},
		{
			"from": [10.5, 12.455, 9],
			"to": [11.5, 13.775, 10],
			"rotation": {"angle": 0, "axis": "y", "origin": [8, 13, 9.5]},
			"faces": {
				"north": {"uv": [14, 14, 16, 16], "texture": "#1"},
				"east": {"uv": [14, 14, 16, 16], "texture": "#1"},
				"south": {"uv": [14, 14, 16, 16], "texture": "#1"},
				"west": {"uv": [14, 14, 16, 16], "texture": "#1"},
				"up": {"uv": [14, 14, 16, 16], "rotation": 180, "texture": "#1"},
				"down": {"uv": [14, 14, 16, 16], "rotation": 180, "texture": "#1"}
			}
		},
		{
			"from": [10.5, 8.495, 6],
			"to": [11.5, 12.455, 11],
			"rotation": {"angle": 0, "axis": "y", "origin": [8, 13, 9.5]},
			"faces": {
				"north": {"uv": [11, 12, 16, 16], "texture": "#1"},
				"east": {"uv": [5, 6, 15, 12], "texture": "#1"},
				"south": {"uv": [7, 10, 9, 16], "texture": "#1"},
				"west": {"uv": [0, 10, 9, 16], "texture": "#1"},
				"up": {"uv": [8, 11, 14, 16], "rotation": 90, "texture": "#1"},
				"down": {"uv": [0, 10, 9, 16], "rotation": 270, "texture": "#1"}
			}
		},
		{
			"from": [11.5, 7.995, 7],
			"to": [12.5, 9.815, 10],
			"rotation": {"angle": 0, "axis": "y", "origin": [8, 13, 9.5]},
			"faces": {
				"north": {"uv": [14, 9, 16, 12], "texture": "#1"},
				"east": {"uv": [7, 8, 14, 11], "texture": "#1"},
				"south": {"uv": [13, 9, 16, 12], "texture": "#1"},
				"west": {"uv": [7, 9, 16, 12], "texture": "#1"},
				"up": {"uv": [8, 10, 15, 12], "rotation": 90, "texture": "#1"},
				"down": {"uv": [7, 9, 16, 12], "rotation": 270, "texture": "#1"}
			}
		},
		{
			"from": [9.5, 15.095, 7],
			"to": [10.5, 16.415, 10],
			"rotation": {"angle": 0, "axis": "y", "origin": [8, 13, 9.5]},
			"faces": {
				"north": {"uv": [11, 8, 13, 11], "texture": "#1"},
				"east": {"uv": [5, 8, 12, 10], "texture": "#1"},
				"south": {"uv": [13, 9, 16, 12], "texture": "#1"},
				"west": {"uv": [5, 8, 14, 11], "texture": "#1"},
				"up": {"uv": [6, 9, 13, 11], "rotation": 90, "texture": "#1"},
				"down": {"uv": [5, 8, 14, 11], "rotation": 270, "texture": "#1"}
			}
		},
		{
			"from": [9.5, 8.495, 6],
			"to": [10.5, 15.095, 11],
			"rotation": {"angle": 0, "axis": "y", "origin": [8, 13, 9.5]},
			"faces": {
				"north": {"uv": [14, 3, 16, 15], "texture": "#1"},
				"east": {"uv": [5.25, 3, 16, 15], "texture": "#1"},
				"south": {"uv": [14.25, 3, 16, 15], "texture": "#1"},
				"west": {"uv": [9.25, 3, 16, 15], "texture": "#1"},
				"up": {"uv": [9.25, 13, 16, 15], "rotation": 270, "texture": "#1"},
				"down": {"uv": [9.25, 3, 16, 15], "rotation": 90, "texture": "#1"}
			}
		},
		{
			"from": [6.5, 7.995, 12],
			"to": [9.5, 9.815, 13],
			"rotation": {"angle": 0, "axis": "y", "origin": [8, 13, 9.5]},
			"faces": {
				"north": {"uv": [7, 9, 16, 12], "texture": "#1"},
				"east": {"uv": [14, 9, 16, 12], "texture": "#1"},
				"south": {"uv": [7, 8, 14, 11], "texture": "#1"},
				"west": {"uv": [13, 9, 16, 12], "texture": "#1"},
				"up": {"uv": [8, 10, 15, 12], "rotation": 180, "texture": "#1"},
				"down": {"uv": [7, 9, 16, 12], "rotation": 180, "texture": "#1"}
			}
		},
		{
			"from": [5.5, 8.495, 11],
			"to": [10.5, 11.135, 12],
			"rotation": {"angle": 0, "axis": "y", "origin": [8, 13, 9.5]},
			"faces": {
				"north": {"uv": [0, 10, 9, 16], "texture": "#1"},
				"east": {"uv": [1, 3, 10, 9], "texture": "#1"},
				"south": {"uv": [5, 8, 15, 13], "texture": "#1"},
				"west": {"uv": [0, 10, 9, 16], "texture": "#1"},
				"up": {"uv": [10, 8, 12, 11], "rotation": 180, "texture": "#1"},
				"down": {"uv": [0, 10, 9, 16], "rotation": 180, "texture": "#1"}
			}
		},
		{
			"from": [5.5, 11.135, 11],
			"to": [7.5, 12.455, 12],
			"rotation": {"angle": 0, "axis": "y", "origin": [8, 13, 9.5]},
			"faces": {
				"north": {"uv": [0, 2, 3, 6.5], "texture": "#1"},
				"east": {"uv": [0, 2, 3, 6.5], "texture": "#1"},
				"south": {"uv": [6, 7, 10, 10], "texture": "#1"},
				"west": {"uv": [0, 2, 3, 6.5], "texture": "#1"},
				"up": {"uv": [0, 2, 3, 6.5], "rotation": 180, "texture": "#1"},
				"down": {"uv": [0, 2, 3, 6.5], "rotation": 180, "texture": "#1"}
			}
		},
		{
			"from": [8.5, 11.135, 11],
			"to": [10.5, 12.455, 12],
			"rotation": {"angle": 0, "axis": "y", "origin": [8, 13, 9.5]},
			"faces": {
				"north": {"uv": [0, 2, 3, 6.5], "texture": "#1"},
				"east": {"uv": [12, 12.25, 15, 16], "texture": "#1"},
				"south": {"uv": [3, 6, 7, 9], "texture": "#1"},
				"west": {"uv": [0, 2, 3, 6.5], "texture": "#1"},
				"up": {"uv": [5, 9, 9, 11.5], "rotation": 180, "texture": "#1"},
				"down": {"uv": [0, 2, 3, 6.5], "rotation": 180, "texture": "#1"}
			}
		},
		{
			"from": [8.5, 12.455, 11],
			"to": [9.5, 13.775, 12],
			"rotation": {"angle": 0, "axis": "y", "origin": [8, 13, 9.5]},
			"faces": {
				"north": {"uv": [12, 14, 14, 16], "texture": "#1"},
				"east": {"uv": [12, 14, 14, 16], "texture": "#1"},
				"south": {"uv": [12, 14, 14, 16], "texture": "#1"},
				"west": {"uv": [12, 14, 14, 16], "texture": "#1"},
				"up": {"uv": [12, 14, 14, 16], "rotation": 180, "texture": "#1"},
				"down": {"uv": [12, 14, 14, 16], "rotation": 180, "texture": "#1"}
			}
		},
		{
			"from": [7.5, 15.095, 10],
			"to": [8.5, 16.415, 11],
			"rotation": {"angle": 0, "axis": "y", "origin": [8, 13, 9.5]},
			"faces": {
				"north": {"uv": [12, 14, 14, 16], "texture": "#1"},
				"east": {"uv": [12, 14, 14, 16], "texture": "#1"},
				"south": {"uv": [12, 14, 14, 16], "texture": "#1"},
				"west": {"uv": [12, 14, 14, 16], "texture": "#1"},
				"up": {"uv": [12, 14, 14, 16], "rotation": 180, "texture": "#1"},
				"down": {"uv": [12, 14, 14, 16], "rotation": 180, "texture": "#1"}
			}
		},
		{
			"from": [6.5, 12.455, 11],
			"to": [7.5, 13.775, 12],
			"rotation": {"angle": 0, "axis": "y", "origin": [8, 13, 9.5]},
			"faces": {
				"north": {"uv": [12, 14, 14, 16], "texture": "#1"},
				"east": {"uv": [12, 14, 14, 16], "texture": "#1"},
				"south": {"uv": [12, 14, 14, 16], "texture": "#1"},
				"west": {"uv": [12, 14, 14, 16], "texture": "#1"},
				"up": {"uv": [12, 14, 14, 16], "rotation": 180, "texture": "#1"},
				"down": {"uv": [12, 14, 14, 16], "rotation": 180, "texture": "#1"}
			}
		},
		{
			"from": [6.5, 8.495, 10],
			"to": [9.5, 15.095, 11],
			"rotation": {"angle": 0, "axis": "y", "origin": [8, 13, 9.5]},
			"faces": {
				"north": {"uv": [9.25, 3, 16, 15], "texture": "#1"},
				"east": {"uv": [14.25, 3, 16, 15], "texture": "#1"},
				"south": {"uv": [7.25, 3, 14, 14], "texture": "#1"},
				"west": {"uv": [14, 3, 16, 15], "texture": "#1"},
				"up": {"uv": [9.25, 13, 16, 15], "rotation": 180, "texture": "#1"},
				"down": {"uv": [9.25, 3, 16, 15], "rotation": 180, "texture": "#1"}
			}
		}
	],
	"display": {
		"thirdperson_righthand": {
			"translation": [0, 3, 1],
			"scale": [0.55, 0.55, 0.55]
		},
		"thirdperson_lefthand": {
			"translation": [0, 3, 1],
			"scale": [0.55, 0.55, 0.55]
		},
		"firstperson_righthand": {
			"rotation": [0, -90, 25],
			"translation": [1.13, 3.2, 1.13],
			"scale": [0.68, 0.68, 0.68]
		},
		"firstperson_lefthand": {
			"rotation": [0, -90, 25],
			"translation": [1.13, 3.2, 1.13],
			"scale": [0.68, 0.68, 0.68]
		},
		"ground": {
			"translation": [0, 2, 0],
			"scale": [0.5, 0.5, 0.5]
		},
		"gui": {
			"rotation": [30, 225, 0],
			"translation": [0, 2.5, 0]
		},
		"head": {
			"translation": [0, 6.5, 0],
			"scale": [1.85, 1.85, 1.85]
		},
		"fixed": {
			"rotation": [0, 180, 0]
		}
	},
	"groups": [
		{
			"name": "Head",
			"origin": [8, 4.5, 8],
			"color": 0,
			"children": [0, 1]
		},
		{
			"name": "group",
			"origin": [8, 8, 8],
			"color": 0,
			"children": [2, 3, 4, 5, 6, 7, 8, 9]
		},
		{
			"name": "group",
			"origin": [8, 8, 8],
			"color": 0,
			"children": [10, 11, 12, 13, 14, 15, 16, 17]
		},
		18,
		19,
		{
			"name": "group",
			"origin": [8, 8, 8],
			"color": 0,
			"children": [20, 21, 22, 23, 24, 25, 26, 27]
		},
		{
			"name": "group",
			"origin": [8, 8, 8],
			"color": 0,
			"children": [28, 29, 30, 31, 32, 33, 34, 35]
		}
	]
}
