{
	"texture_size": [64, 64],
	"textures": {
		"0": "ssbrc:fighters/donkey_kong/items/barrel/oil",
		"particle": "ssbrc:fighters/donkey_kong/items/barrel/oil"
	},
	"elements": [
		{
			"from": [4.8987, 11.08579, 2.32404],
			"to": [11.1013, 13.13264, 13.5822],
			"rotation": {"angle": 0, "axis": "y", "origin": [8, 8, 8]},
			"faces": {
				"north": {"uv": [9.5, 15.125, 14.75, 15.75], "rotation": 180, "texture": "#0"},
				"east": {"uv": [11.75, 0, 10.25, 16], "rotation": 270, "texture": "#0"},
				"south": {"uv": [10.25, 0, 11.75, 1], "texture": "#0"},
				"west": {"uv": [11.75, 0, 10.25, 16], "rotation": 90, "texture": "#0"},
				"up": {"uv": [1.5, 0, 9.75, 16], "rotation": 180, "texture": "#0"}
			}
		},
		{
			"from": [4.71263, 11.20984, 5.01573],
			"to": [11.28737, 13.31872, 10.86724],
			"rotation": {"angle": 0, "axis": "y", "origin": [8, 8, 8]},
			"faces": {
				"north": {"uv": [1, 0.5, 10.25, 15.5], "rotation": 180, "texture": "#0"},
				"east": {"uv": [11.75, 6.5, 12.75, 9.25], "rotation": 270, "texture": "#0"},
				"south": {"uv": [1, 0.5, 10.25, 15.5], "texture": "#0"},
				"west": {"uv": [11.25, 6.25, 12.25, 8.5], "rotation": 90, "texture": "#0"},
				"up": {"uv": [0.5, 5.5, 7, 10.5], "rotation": 180, "texture": "#0"}
			}
		},
		{
			"from": [4.6506, 11.58199, 10.10654],
			"to": [11.3494, 13.56682, 11.15981],
			"rotation": {"angle": 0, "axis": "y", "origin": [8, 8, 8]},
			"faces": {
				"north": {"uv": [0.25, 10.25, 11.05, 11.375], "rotation": 180, "texture": "#0"},
				"east": {"uv": [10.5, 10.5, 15.5, 11], "rotation": 270, "texture": "#0"},
				"south": {"uv": [0.375, 4.625, 10.9375, 4.8625], "texture": "#0"},
				"west": {"uv": [10.5, 10.5, 15.5, 11], "rotation": 90, "texture": "#0"},
				"up": {"uv": [1.3375, 4.375, 9.875, 5.25], "rotation": 180, "texture": "#0"},
				"down": {"uv": [10.5, 10.5, 15.5, 11], "texture": "#0"}
			}
		},
		{
			"from": [4.03034, 11.08579, 10.10654],
			"to": [4.8987, 13.56682, 11.15981],
			"rotation": {"angle": 0, "axis": "y", "origin": [8, 8, 8]},
			"faces": {
				"north": {"uv": [12.0875, 4.375, 13.125, 5], "rotation": 180, "texture": "#0"},
				"east": {"uv": [12.0875, 4.375, 13.125, 5], "rotation": 270, "texture": "#0"},
				"south": {"uv": [12.0875, 4.375, 13.125, 5], "texture": "#0"},
				"west": {"uv": [12.0875, 4.375, 13.125, 5], "rotation": 90, "texture": "#0"},
				"up": {"uv": [12.0875, 4.375, 13.125, 5], "rotation": 180, "texture": "#0"},
				"down": {"uv": [12.0875, 4.375, 13.125, 5], "texture": "#0"}
			}
		},
		{
			"from": [11.1013, 11.08579, 10.10654],
			"to": [11.96966, 13.56682, 11.15981],
			"rotation": {"angle": 0, "axis": "y", "origin": [8, 8, 8]},
			"faces": {
				"north": {"uv": [12.0875, 4.375, 12.375, 5], "rotation": 180, "texture": "#0"},
				"east": {"uv": [12.0875, 4.375, 12.375, 5], "rotation": 270, "texture": "#0"},
				"south": {"uv": [12.0875, 4.375, 12.375, 5], "texture": "#0"},
				"west": {"uv": [12.0875, 4.375, 12.375, 5], "rotation": 90, "texture": "#0"},
				"up": {"uv": [12.0875, 4.375, 12.375, 5], "rotation": 180, "texture": "#0"},
				"down": {"uv": [12.0875, 4.375, 12.375, 5], "texture": "#0"}
			}
		},
		{
			"from": [11.1013, 11.08579, 4.84019],
			"to": [11.96966, 13.56682, 5.89346],
			"rotation": {"angle": 0, "axis": "y", "origin": [8, 8, 8]},
			"faces": {
				"north": {"uv": [12.0875, 4.375, 12.875, 5], "rotation": 180, "texture": "#0"},
				"east": {"uv": [12.0875, 4.375, 12.875, 5], "rotation": 270, "texture": "#0"},
				"south": {"uv": [12.0875, 4.375, 12.875, 5], "texture": "#0"},
				"west": {"uv": [12.0875, 4.375, 12.875, 5], "rotation": 90, "texture": "#0"},
				"up": {"uv": [12.0875, 4.375, 12.875, 5], "rotation": 180, "texture": "#0"},
				"down": {"uv": [12.0875, 4.375, 12.875, 5], "texture": "#0"}
			}
		},
		{
			"from": [4.03034, 11.08579, 4.84019],
			"to": [4.8987, 13.56682, 5.89346],
			"rotation": {"angle": 0, "axis": "y", "origin": [8, 8, 8]},
			"faces": {
				"north": {"uv": [12.0875, 4.375, 12.875, 5], "rotation": 180, "texture": "#0"},
				"east": {"uv": [12.0875, 4.375, 12.875, 5], "rotation": 270, "texture": "#0"},
				"south": {"uv": [12.0875, 4.375, 12.875, 5], "texture": "#0"},
				"west": {"uv": [12.0875, 4.375, 12.875, 5], "rotation": 90, "texture": "#0"},
				"up": {"uv": [12.0875, 4.375, 12.875, 5], "rotation": 180, "texture": "#0"},
				"down": {"uv": [12.0875, 4.375, 12.875, 5], "texture": "#0"}
			}
		},
		{
			"from": [4.6506, 11.58199, 4.84019],
			"to": [11.3494, 13.56682, 5.89346],
			"rotation": {"angle": 0, "axis": "y", "origin": [8, 8, 8]},
			"faces": {
				"north": {"uv": [0.95625, 10.5625, 10.3, 11.3125], "rotation": 180, "texture": "#0"},
				"east": {"uv": [12.20625, 10.5625, 10.55, 11.0625], "rotation": 270, "texture": "#0"},
				"south": {"uv": [0.95625, 10.5625, 10.3, 11.3125], "texture": "#0"},
				"west": {"uv": [11.20625, 10.5625, 9.8, 11.0625], "rotation": 90, "texture": "#0"},
				"up": {"uv": [0.95625, 10.5625, 10.3, 11.3125], "rotation": 180, "texture": "#0"},
				"down": {"uv": [0.70625, 10.5625, 10.55, 11.3125], "texture": "#0"}
			}
		},
		{
			"from": [4.8987, 2.86736, 2.32404],
			"to": [11.1013, 4.91422, 13.5822],
			"rotation": {"angle": 0, "axis": "y", "origin": [8, 8, 8]},
			"faces": {
				"north": {"uv": [7.75, 15.375, 13, 16], "texture": "#0"},
				"east": {"uv": [11.75, 0, 10.25, 16], "rotation": 270, "texture": "#0"},
				"south": {"uv": [8.25, 0.375, 10.25, 0.5], "rotation": 180, "texture": "#0"},
				"west": {"uv": [11.75, 0, 10.25, 16], "rotation": 90, "texture": "#0"},
				"down": {"uv": [10.25, 0, 11.75, 16], "texture": "#0"}
			}
		},
		{
			"from": [11.1013, 3.65819, 2.32404],
			"to": [12.34181, 4.8987, 13.67595],
			"rotation": {"angle": 0, "axis": "y", "origin": [8, 8, 8]},
			"faces": {
				"north": {"uv": [6.25, 15.375, 11.5, 16], "rotation": 90, "texture": "#0"},
				"east": {"uv": [15, 0, 13.5, 16], "rotation": 270, "texture": "#0"},
				"south": {"uv": [8.25, 0.375, 10.25, 0.5], "rotation": 90, "texture": "#0"},
				"up": {"uv": [11.75, 0.375, 10.25, 15.5], "rotation": 180, "texture": "#0"},
				"down": {"uv": [15, 0, 13.5, 16], "texture": "#0"}
			}
		},
		{
			"from": [3.72021, 3.67369, 2.32404],
			"to": [4.96073, 4.91422, 13.67595],
			"rotation": {"angle": 0, "axis": "y", "origin": [8, 8, 8]},
			"faces": {
				"north": {"uv": [6.25, 15.375, 11.5, 16], "texture": "#0"},
				"south": {"uv": [13.5, 0, 15, 1.25], "rotation": 180, "texture": "#0"},
				"west": {"uv": [15, 0, 13.5, 16], "rotation": 90, "texture": "#0"},
				"down": {"uv": [15, 0, 13.5, 16], "texture": "#0"}
			}
		},
		{
			"from": [3.41831, 2.4218, 13.63092],
			"to": [12.60669, 13.67314, 14.32404],
			"rotation": {"angle": 0, "axis": "y", "origin": [8, 8, 8]},
			"faces": {
				"north": {"uv": [0, 14.75, 1.25, 16], "rotation": 180, "texture": "#0"},
				"east": {"uv": [0, 14.75, 1.25, 16], "rotation": 180, "texture": "#0"},
				"south": {"uv": [0, 14.75, 1.25, 16], "rotation": 180, "texture": "#0"},
				"west": {"uv": [0, 14.75, 1.25, 16], "rotation": 180, "texture": "#0"},
				"up": {"uv": [0, 14.75, 1.25, 16], "rotation": 180, "texture": "#0"},
				"down": {"uv": [0, 14.75, 1.25, 16], "rotation": 180, "texture": "#0"}
			}
		},
		{
			"from": [2.41831, 3.4218, 13.63092],
			"to": [13.45669, 12.67314, 14.32404],
			"rotation": {"angle": 0, "axis": "y", "origin": [8, 8, 8]},
			"faces": {
				"north": {"uv": [0, 14.75, 1.25, 16], "rotation": 180, "texture": "#0"},
				"east": {"uv": [0, 14.75, 1.25, 16], "rotation": 180, "texture": "#0"},
				"south": {"uv": [0, 14.75, 1.25, 16], "rotation": 180, "texture": "#0"},
				"west": {"uv": [0, 14.75, 1.25, 16], "rotation": 180, "texture": "#0"},
				"up": {"uv": [0, 14.75, 1.25, 16], "rotation": 180, "texture": "#0"},
				"down": {"uv": [0, 14.75, 1.25, 16], "rotation": 180, "texture": "#0"}
			}
		},
		{
			"from": [2.41831, 3.4218, 1.63092],
			"to": [13.45669, 12.67314, 2.32404],
			"rotation": {"angle": 0, "axis": "y", "origin": [8, 8, 8]},
			"faces": {
				"north": {"uv": [0, 14.75, 1.25, 16], "rotation": 180, "texture": "#0"},
				"east": {"uv": [0, 14.75, 1.25, 16], "rotation": 180, "texture": "#0"},
				"south": {"uv": [0, 14.75, 1.25, 16], "rotation": 180, "texture": "#0"},
				"west": {"uv": [0, 14.75, 1.25, 16], "rotation": 180, "texture": "#0"},
				"up": {"uv": [0, 14.75, 1.25, 16], "rotation": 180, "texture": "#0"},
				"down": {"uv": [0, 14.75, 1.25, 16], "rotation": 180, "texture": "#0"}
			}
		},
		{
			"from": [3.41831, 2.4218, 1.63092],
			"to": [12.60669, 13.67314, 2.32404],
			"rotation": {"angle": 0, "axis": "y", "origin": [8, 8, 8]},
			"faces": {
				"north": {"uv": [0, 14.75, 1.25, 16], "rotation": 180, "texture": "#0"},
				"east": {"uv": [0, 14.75, 1.25, 16], "rotation": 180, "texture": "#0"},
				"south": {"uv": [0, 14.75, 1.25, 16], "rotation": 180, "texture": "#0"},
				"west": {"uv": [0, 14.75, 1.25, 16], "rotation": 180, "texture": "#0"},
				"up": {"uv": [0, 14.75, 1.25, 16], "rotation": 180, "texture": "#0"},
				"down": {"uv": [0, 14.75, 1.25, 16], "rotation": 180, "texture": "#0"}
			}
		},
		{
			"from": [11.05477, 11.1013, 2.32404],
			"to": [12.2953, 12.34181, 13.67595],
			"rotation": {"angle": 0, "axis": "y", "origin": [8, 8, 8]},
			"faces": {
				"north": {"uv": [13.5, 14.5, 15, 16], "rotation": 180, "texture": "#0"},
				"east": {"uv": [15, 0, 13.5, 16], "rotation": 270, "texture": "#0"},
				"south": {"uv": [8.25, 0.375, 10.25, 0.5], "texture": "#0"},
				"west": {"uv": [11.75, 0.375, 10.25, 15.5], "rotation": 90, "texture": "#0"},
				"up": {"uv": [15, 0, 13.5, 16], "rotation": 180, "texture": "#0"}
			}
		},
		{
			"from": [3.67369, 11.05477, 2.32404],
			"to": [4.91422, 12.2953, 13.67595],
			"rotation": {"angle": 0, "axis": "y", "origin": [8, 8, 8]},
			"faces": {
				"north": {"uv": [13.5, 14.5, 15, 16], "rotation": 270, "texture": "#0"},
				"south": {"uv": [13.5, 0, 15, 1], "rotation": 270, "texture": "#0"},
				"west": {"uv": [15, 0, 13.5, 16], "rotation": 90, "texture": "#0"},
				"up": {"uv": [15, 0, 13.5, 16], "rotation": 180, "texture": "#0"},
				"down": {"uv": [11.75, 0.375, 10.25, 15.5], "texture": "#0"}
			}
		},
		{
			"from": [4.71263, 2.68128, 5.01573],
			"to": [11.28737, 4.79016, 10.86724],
			"rotation": {"angle": 0, "axis": "y", "origin": [8, 8, 8]},
			"faces": {
				"north": {"uv": [1, 0.5, 10.25, 15.5], "texture": "#0"},
				"east": {"uv": [11.25, 6.25, 12.25, 8.5], "rotation": 270, "texture": "#0"},
				"south": {"uv": [1, 0.5, 10.25, 15.5], "rotation": 180, "texture": "#0"},
				"west": {"uv": [11.75, 6.5, 12.75, 9.25], "rotation": 90, "texture": "#0"},
				"up": {"uv": [1, 0.5, 10.25, 15.5], "rotation": 180, "texture": "#0"},
				"down": {"uv": [0.5, 5.5, 7, 10.5], "texture": "#0"}
			}
		},
		{
			"from": [4.6506, 2.43318, 10.10654],
			"to": [11.3494, 4.41801, 11.15981],
			"rotation": {"angle": 0, "axis": "y", "origin": [8, 8, 8]},
			"faces": {
				"north": {"uv": [0.25, 10.25, 11.05, 11.375], "texture": "#0"},
				"east": {"uv": [10.5, 10.5, 15.5, 11], "rotation": 270, "texture": "#0"},
				"south": {"uv": [0.375, 4.625, 10.9375, 4.8625], "rotation": 180, "texture": "#0"},
				"west": {"uv": [10.5, 10.5, 15.5, 11], "rotation": 90, "texture": "#0"},
				"up": {"uv": [10.5, 10.5, 15.5, 11], "rotation": 180, "texture": "#0"},
				"down": {"uv": [1.3375, 4.375, 9.875, 5.25], "texture": "#0"}
			}
		},
		{
			"from": [4.6506, 2.43318, 4.84019],
			"to": [11.3494, 4.41801, 5.89346],
			"rotation": {"angle": 0, "axis": "y", "origin": [8, 8, 8]},
			"faces": {
				"north": {"uv": [0.95625, 10.5625, 10.3, 11.3125], "texture": "#0"},
				"east": {"uv": [11.20625, 10.5625, 9.8, 11.0625], "rotation": 270, "texture": "#0"},
				"south": {"uv": [0.95625, 10.5625, 10.3, 11.3125], "rotation": 180, "texture": "#0"},
				"west": {"uv": [12.20625, 10.5625, 10.55, 11.0625], "rotation": 90, "texture": "#0"},
				"up": {"uv": [0.70625, 10.5625, 10.55, 11.3125], "rotation": 180, "texture": "#0"},
				"down": {"uv": [0.95625, 10.5625, 10.3, 11.3125], "texture": "#0"}
			}
		},
		{
			"from": [11.1013, 2.43318, 10.10654],
			"to": [11.96966, 4.91422, 11.15981],
			"rotation": {"angle": 0, "axis": "y", "origin": [8, 8, 8]},
			"faces": {
				"north": {"uv": [12.0875, 4.875, 12.625, 5], "rotation": 180, "texture": "#0"},
				"east": {"uv": [12.0875, 4.875, 12.625, 5], "rotation": 270, "texture": "#0"},
				"south": {"uv": [12.0875, 4.875, 12.625, 5], "texture": "#0"},
				"west": {"uv": [12.0875, 4.875, 12.625, 5], "rotation": 90, "texture": "#0"},
				"up": {"uv": [12.0875, 4.875, 12.625, 5], "rotation": 180, "texture": "#0"},
				"down": {"uv": [12.0875, 4.875, 12.625, 5], "texture": "#0"}
			}
		},
		{
			"from": [4.03034, 2.43318, 10.10654],
			"to": [4.8987, 4.91422, 11.15981],
			"rotation": {"angle": 0, "axis": "y", "origin": [8, 8, 8]},
			"faces": {
				"north": {"uv": [12.0875, 4.375, 12.625, 5], "rotation": 180, "texture": "#0"},
				"east": {"uv": [12.0875, 4.375, 12.625, 5], "rotation": 270, "texture": "#0"},
				"south": {"uv": [12.0875, 4.375, 12.625, 5], "texture": "#0"},
				"west": {"uv": [12.0875, 4.375, 12.625, 5], "rotation": 90, "texture": "#0"},
				"up": {"uv": [12.0875, 4.375, 12.625, 5], "rotation": 180, "texture": "#0"},
				"down": {"uv": [12.0875, 4.375, 12.625, 5], "texture": "#0"}
			}
		},
		{
			"from": [4.03034, 2.43318, 4.84019],
			"to": [4.8987, 4.91422, 5.89346],
			"rotation": {"angle": 0, "axis": "y", "origin": [8, 8, 8]},
			"faces": {
				"north": {"uv": [12.0875, 4.375, 12.875, 5], "rotation": 180, "texture": "#0"},
				"east": {"uv": [12.0875, 4.375, 12.875, 5], "rotation": 270, "texture": "#0"},
				"south": {"uv": [12.0875, 4.375, 12.875, 5], "texture": "#0"},
				"west": {"uv": [12.0875, 4.375, 12.875, 5], "rotation": 90, "texture": "#0"},
				"up": {"uv": [12.0875, 4.375, 12.875, 5], "rotation": 180, "texture": "#0"},
				"down": {"uv": [12.0875, 4.375, 12.875, 5], "texture": "#0"}
			}
		},
		{
			"from": [11.1013, 2.43318, 4.84019],
			"to": [11.96966, 4.91422, 5.89346],
			"rotation": {"angle": 0, "axis": "y", "origin": [8, 8, 8]},
			"faces": {
				"north": {"uv": [12.0875, 4.375, 12.625, 5], "rotation": 180, "texture": "#0"},
				"east": {"uv": [12.0875, 4.375, 12.625, 5], "rotation": 270, "texture": "#0"},
				"south": {"uv": [12.0875, 4.375, 12.625, 5], "texture": "#0"},
				"west": {"uv": [12.0875, 4.375, 12.625, 5], "rotation": 90, "texture": "#0"},
				"up": {"uv": [12.0875, 4.375, 12.625, 5], "rotation": 180, "texture": "#0"},
				"down": {"uv": [12.0875, 4.375, 12.625, 5], "texture": "#0"}
			}
		},
		{
			"from": [11.58199, 4.6506, 4.84019],
			"to": [13.56682, 11.3494, 5.89346],
			"rotation": {"angle": 0, "axis": "y", "origin": [8, 8, 8]},
			"faces": {
				"north": {"uv": [10.70625, 10.5625, 10.3, 11.0625], "rotation": 180, "texture": "#0"},
				"east": {"uv": [10.70625, 10.5625, 10.3, 11.0625], "rotation": 270, "texture": "#0"},
				"south": {"uv": [10.70625, 10.5625, 10.3, 11.0625], "texture": "#0"},
				"west": {"uv": [10.70625, 10.5625, 10.3, 11.0625], "rotation": 90, "texture": "#0"},
				"up": {"uv": [10.70625, 10.5625, 10.3, 11.0625], "rotation": 180, "texture": "#0"},
				"down": {"uv": [10.70625, 10.5625, 10.3, 11.0625], "texture": "#0"}
			}
		},
		{
			"from": [11.20984, 4.71263, 5.01573],
			"to": [13.31872, 11.28737, 10.86724],
			"rotation": {"angle": 0, "axis": "y", "origin": [8, 8, 8]},
			"faces": {
				"north": {"uv": [1, 0.5, 10.25, 15.5], "rotation": 90, "texture": "#0"},
				"east": {"uv": [0.5, 5.5, 7, 10.5], "rotation": 270, "texture": "#0"},
				"south": {"uv": [1, 0.5, 10.25, 15.5], "rotation": 90, "texture": "#0"},
				"west": {"uv": [1, 0.5, 10.25, 15.5], "rotation": 90, "texture": "#0"},
				"up": {"uv": [11.25, 6.25, 12.25, 8.5], "rotation": 180, "texture": "#0"},
				"down": {"uv": [11.75, 6.5, 12.75, 9.25], "texture": "#0"}
			}
		},
		{
			"from": [11.58199, 4.6506, 10.10654],
			"to": [13.56682, 11.3494, 11.15981],
			"rotation": {"angle": 0, "axis": "y", "origin": [8, 8, 8]},
			"faces": {
				"north": {"uv": [13.0875, 4.375, 9.875, 5], "rotation": 180, "texture": "#0"},
				"east": {"uv": [13.0875, 4.375, 9.875, 5], "rotation": 270, "texture": "#0"},
				"south": {"uv": [13.0875, 4.375, 9.875, 5], "texture": "#0"},
				"west": {"uv": [13.0875, 4.375, 9.875, 5], "rotation": 90, "texture": "#0"},
				"up": {"uv": [13.0875, 4.375, 9.875, 5], "rotation": 180, "texture": "#0"},
				"down": {"uv": [13.0875, 4.375, 9.875, 5], "texture": "#0"}
			}
		},
		{
			"from": [11.08579, 11.1013, 10.10654],
			"to": [13.56682, 11.96966, 11.15981],
			"rotation": {"angle": 0, "axis": "y", "origin": [8, 8, 8]},
			"faces": {
				"north": {"uv": [12.0875, 4.375, 12.625, 5], "rotation": 90, "texture": "#0"},
				"east": {"uv": [12.0875, 4.375, 12.625, 5], "rotation": 180, "texture": "#0"},
				"south": {"uv": [12.0875, 4.375, 12.625, 5], "rotation": 270, "texture": "#0"},
				"west": {"uv": [12.0875, 4.375, 12.625, 5], "texture": "#0"},
				"up": {"uv": [12.0875, 4.375, 12.625, 5], "rotation": 90, "texture": "#0"},
				"down": {"uv": [12.0875, 4.375, 12.625, 5], "rotation": 270, "texture": "#0"}
			}
		},
		{
			"from": [11.08579, 11.1013, 4.84019],
			"to": [13.56682, 11.96966, 5.89346],
			"rotation": {"angle": 0, "axis": "y", "origin": [8, 8, 8]},
			"faces": {
				"north": {"uv": [12.0875, 4.375, 12.375, 5], "rotation": 180, "texture": "#0"},
				"east": {"uv": [12.0875, 4.375, 12.375, 5], "rotation": 270, "texture": "#0"},
				"south": {"uv": [12.0875, 4.375, 12.375, 5], "texture": "#0"},
				"west": {"uv": [12.0875, 4.375, 12.375, 5], "rotation": 90, "texture": "#0"},
				"up": {"uv": [12.0875, 4.375, 12.375, 5], "rotation": 180, "texture": "#0"},
				"down": {"uv": [12.0875, 4.375, 12.375, 5], "texture": "#0"}
			}
		},
		{
			"from": [11.08579, 4.03034, 10.10654],
			"to": [13.56682, 4.8987, 11.15981],
			"rotation": {"angle": 0, "axis": "y", "origin": [8, 8, 8]},
			"faces": {
				"north": {"uv": [12.0875, 4.375, 12.875, 5], "rotation": 180, "texture": "#0"},
				"east": {"uv": [12.0875, 4.375, 12.875, 5], "rotation": 270, "texture": "#0"},
				"south": {"uv": [12.0875, 4.375, 12.875, 5], "texture": "#0"},
				"west": {"uv": [12.0875, 4.375, 12.875, 5], "rotation": 90, "texture": "#0"},
				"up": {"uv": [12.0875, 4.375, 12.875, 5], "rotation": 180, "texture": "#0"},
				"down": {"uv": [12.0875, 4.375, 12.875, 5], "texture": "#0"}
			}
		},
		{
			"from": [11.08579, 4.8987, 2.32404],
			"to": [13.13264, 11.1013, 13.5822],
			"rotation": {"angle": 0, "axis": "y", "origin": [8, 8, 8]},
			"faces": {
				"north": {"uv": [7.25, 15.375, 12.5, 16], "rotation": 90, "texture": "#0"},
				"east": {"uv": [11.75, 0, 10.25, 16], "rotation": 270, "texture": "#0"},
				"south": {"uv": [8.25, 0.375, 10.25, 0.5], "rotation": 90, "texture": "#0"},
				"up": {"uv": [11.75, 0, 10.25, 16], "rotation": 180, "texture": "#0"},
				"down": {"uv": [11.75, 0, 10.25, 16], "texture": "#0"}
			}
		},
		{
			"from": [11.08579, 4.03034, 4.84019],
			"to": [13.56682, 4.8987, 5.89346],
			"rotation": {"angle": 0, "axis": "y", "origin": [8, 8, 8]},
			"faces": {
				"north": {"uv": [12.0875, 4.375, 12.625, 5], "rotation": 180, "texture": "#0"},
				"east": {"uv": [12.0875, 4.375, 12.625, 5], "rotation": 270, "texture": "#0"},
				"south": {"uv": [12.0875, 4.375, 12.625, 5], "texture": "#0"},
				"west": {"uv": [12.0875, 4.375, 12.625, 5], "rotation": 90, "texture": "#0"},
				"up": {"uv": [12.0875, 4.375, 12.625, 5], "rotation": 180, "texture": "#0"},
				"down": {"uv": [12.0875, 4.375, 12.625, 5], "texture": "#0"}
			}
		},
		{
			"from": [2.43318, 4.6506, 4.84019],
			"to": [4.41801, 11.3494, 5.89346],
			"rotation": {"angle": 0, "axis": "y", "origin": [8, 8, 8]},
			"faces": {
				"north": {"uv": [12.70625, 10.5625, 10.3, 11.3125], "rotation": 180, "texture": "#0"},
				"east": {"uv": [12.70625, 10.5625, 10.3, 11.3125], "rotation": 270, "texture": "#0"},
				"south": {"uv": [12.70625, 10.5625, 10.3, 11.3125], "texture": "#0"},
				"west": {"uv": [12.70625, 10.5625, 10.3, 11.3125], "rotation": 90, "texture": "#0"},
				"up": {"uv": [12.70625, 10.5625, 10.3, 11.3125], "rotation": 180, "texture": "#0"},
				"down": {"uv": [12.70625, 10.5625, 10.3, 11.3125], "texture": "#0"}
			}
		},
		{
			"from": [3.22401, 11.72155, 10.10654],
			"to": [4.21642, 12.71397, 11.15981],
			"rotation": {"angle": 0, "axis": "y", "origin": [8, 8, 8]},
			"faces": {
				"north": {"uv": [12.0875, 4.375, 12.625, 5], "rotation": 90, "texture": "#0"},
				"east": {"uv": [12.0875, 4.375, 12.625, 5], "rotation": 270, "texture": "#0"},
				"south": {"uv": [12.0875, 4.375, 12.625, 5], "rotation": 90, "texture": "#0"},
				"west": {"uv": [12.0875, 4.375, 12.625, 5], "rotation": 90, "texture": "#0"},
				"up": {"uv": [12.0875, 4.375, 12.625, 5], "rotation": 180, "texture": "#0"},
				"down": {"uv": [12.0875, 4.375, 12.625, 5], "texture": "#0"}
			}
		},
		{
			"from": [3.22401, 11.72155, 4.84019],
			"to": [4.21642, 12.71397, 5.89346],
			"rotation": {"angle": 0, "axis": "y", "origin": [8, 8, 8]},
			"faces": {
				"north": {"uv": [12.0875, 4.375, 12.625, 5], "rotation": 90, "texture": "#0"},
				"east": {"uv": [12.0875, 4.375, 12.625, 5], "rotation": 270, "texture": "#0"},
				"south": {"uv": [12.0875, 4.375, 12.625, 5], "rotation": 90, "texture": "#0"},
				"west": {"uv": [12.0875, 4.375, 12.625, 5], "rotation": 90, "texture": "#0"},
				"up": {"uv": [12.0875, 4.375, 12.625, 5], "rotation": 180, "texture": "#0"},
				"down": {"uv": [12.0875, 4.375, 12.625, 5], "texture": "#0"}
			}
		},
		{
			"from": [11.72155, 11.79909, 10.10654],
			"to": [12.71397, 12.7915, 11.15981],
			"rotation": {"angle": 0, "axis": "y", "origin": [8, 8, 8]},
			"faces": {
				"north": {"uv": [12.0875, 4.375, 12.625, 5], "texture": "#0"},
				"east": {"uv": [12.0875, 4.375, 12.625, 5], "rotation": 270, "texture": "#0"},
				"south": {"uv": [12.0875, 4.375, 12.625, 5], "rotation": 180, "texture": "#0"},
				"west": {"uv": [12.0875, 4.375, 12.625, 5], "rotation": 90, "texture": "#0"},
				"up": {"uv": [12.0875, 4.375, 12.625, 5], "rotation": 180, "texture": "#0"},
				"down": {"uv": [12.0875, 4.375, 12.625, 5], "texture": "#0"}
			}
		},
		{
			"from": [11.72155, 11.79909, 4.84019],
			"to": [12.71397, 12.7915, 5.89346],
			"rotation": {"angle": 0, "axis": "y", "origin": [8, 8, 8]},
			"faces": {
				"north": {"uv": [12.0875, 4.375, 12.625, 5], "texture": "#0"},
				"east": {"uv": [12.0875, 4.375, 12.625, 5], "rotation": 270, "texture": "#0"},
				"south": {"uv": [12.0875, 4.375, 12.625, 5], "rotation": 180, "texture": "#0"},
				"west": {"uv": [12.0875, 4.375, 12.625, 5], "rotation": 90, "texture": "#0"},
				"up": {"uv": [12.0875, 4.375, 12.625, 5], "rotation": 180, "texture": "#0"},
				"down": {"uv": [12.0875, 4.375, 12.625, 5], "texture": "#0"}
			}
		},
		{
			"from": [3.30154, 3.22401, 4.84019],
			"to": [4.29395, 4.21642, 5.89346],
			"rotation": {"angle": 0, "axis": "y", "origin": [8, 8, 8]},
			"faces": {
				"north": {"uv": [12.0875, 4.375, 12.625, 5], "rotation": 180, "texture": "#0"},
				"east": {"uv": [12.0875, 4.375, 12.625, 5], "rotation": 270, "texture": "#0"},
				"south": {"uv": [12.0875, 4.375, 12.625, 5], "texture": "#0"},
				"west": {"uv": [12.0875, 4.375, 12.625, 5], "rotation": 90, "texture": "#0"},
				"up": {"uv": [12.0875, 4.375, 12.625, 5], "rotation": 180, "texture": "#0"},
				"down": {"uv": [12.0875, 4.375, 12.625, 5], "texture": "#0"}
			}
		},
		{
			"from": [3.30154, 3.22401, 10.10654],
			"to": [4.29395, 4.21642, 11.15981],
			"rotation": {"angle": 0, "axis": "y", "origin": [8, 8, 8]},
			"faces": {
				"north": {"uv": [12.0875, 4.375, 12.625, 5], "rotation": 180, "texture": "#0"},
				"east": {"uv": [12.0875, 4.375, 12.625, 5], "rotation": 270, "texture": "#0"},
				"south": {"uv": [12.0875, 4.375, 12.625, 5], "texture": "#0"},
				"west": {"uv": [12.0875, 4.375, 12.625, 5], "rotation": 90, "texture": "#0"},
				"up": {"uv": [12.0875, 4.375, 12.625, 5], "rotation": 180, "texture": "#0"},
				"down": {"uv": [12.0875, 4.375, 12.625, 5], "texture": "#0"}
			}
		},
		{
			"from": [11.79909, 3.23951, 4.84019],
			"to": [12.7915, 4.23193, 5.89346],
			"rotation": {"angle": 0, "axis": "y", "origin": [8, 8, 8]},
			"faces": {
				"north": {"uv": [12.0875, 4.375, 12.625, 5], "rotation": 270, "texture": "#0"},
				"east": {"uv": [12.0875, 4.375, 12.625, 5], "rotation": 270, "texture": "#0"},
				"south": {"uv": [12.0875, 4.375, 12.625, 5], "rotation": 270, "texture": "#0"},
				"west": {"uv": [12.0875, 4.375, 12.625, 5], "rotation": 90, "texture": "#0"},
				"up": {"uv": [12.0875, 4.375, 12.625, 5], "rotation": 180, "texture": "#0"},
				"down": {"uv": [12.0875, 4.375, 12.625, 5], "texture": "#0"}
			}
		},
		{
			"from": [11.79909, 3.23951, 10.10654],
			"to": [12.7915, 4.23193, 11.15981],
			"rotation": {"angle": 0, "axis": "y", "origin": [8, 8, 8]},
			"faces": {
				"north": {"uv": [12.0875, 4.375, 12.625, 5], "rotation": 270, "texture": "#0"},
				"east": {"uv": [12.0875, 4.375, 12.625, 5], "rotation": 270, "texture": "#0"},
				"south": {"uv": [12.0875, 4.375, 12.625, 5], "rotation": 270, "texture": "#0"},
				"west": {"uv": [12.0875, 4.375, 12.625, 5], "rotation": 90, "texture": "#0"},
				"up": {"uv": [12.0875, 4.375, 12.625, 5], "rotation": 180, "texture": "#0"},
				"down": {"uv": [12.0875, 4.375, 12.625, 5], "texture": "#0"}
			}
		},
		{
			"from": [2.43318, 4.03034, 10.10654],
			"to": [4.91422, 4.8987, 11.15981],
			"rotation": {"angle": 0, "axis": "y", "origin": [8, 8, 8]},
			"faces": {
				"north": {"uv": [12.0875, 4.375, 12.875, 5], "rotation": 180, "texture": "#0"},
				"east": {"uv": [12.0875, 4.375, 12.875, 5], "rotation": 270, "texture": "#0"},
				"south": {"uv": [12.0875, 4.375, 12.875, 5], "texture": "#0"},
				"west": {"uv": [12.0875, 4.375, 12.875, 5], "rotation": 90, "texture": "#0"},
				"up": {"uv": [12.0875, 4.375, 12.875, 5], "rotation": 180, "texture": "#0"},
				"down": {"uv": [12.0875, 4.375, 12.875, 5], "texture": "#0"}
			}
		},
		{
			"from": [2.43318, 4.03034, 4.84019],
			"to": [4.91422, 4.8987, 5.89346],
			"rotation": {"angle": 0, "axis": "y", "origin": [8, 8, 8]},
			"faces": {
				"north": {"uv": [12.0875, 4.375, 12.875, 5], "rotation": 180, "texture": "#0"},
				"east": {"uv": [12.0875, 4.375, 12.875, 5], "rotation": 270, "texture": "#0"},
				"south": {"uv": [12.0875, 4.375, 12.875, 5], "texture": "#0"},
				"west": {"uv": [12.0875, 4.375, 12.875, 5], "rotation": 90, "texture": "#0"},
				"up": {"uv": [12.0875, 4.375, 12.875, 5], "rotation": 180, "texture": "#0"},
				"down": {"uv": [12.0875, 4.375, 12.875, 5], "texture": "#0"}
			}
		},
		{
			"from": [2.43318, 11.3494, 4.84019],
			"to": [4.41801, 11.96966, 5.89346],
			"rotation": {"angle": 0, "axis": "y", "origin": [8, 8, 8]},
			"faces": {
				"north": {"uv": [12.0875, 4.375, 12.875, 5.25], "rotation": 180, "texture": "#0"},
				"east": {"uv": [12.0875, 4.375, 12.875, 5.25], "rotation": 270, "texture": "#0"},
				"south": {"uv": [12.0875, 4.375, 12.875, 5.25], "texture": "#0"},
				"west": {"uv": [12.0875, 4.375, 12.875, 5.25], "rotation": 90, "texture": "#0"},
				"up": {"uv": [12.0875, 4.375, 12.875, 5.25], "rotation": 180, "texture": "#0"},
				"down": {"uv": [12.0875, 4.375, 12.875, 5.25], "texture": "#0"}
			}
		},
		{
			"from": [2.43318, 11.3494, 10.10654],
			"to": [4.41801, 11.96966, 11.15981],
			"rotation": {"angle": 0, "axis": "y", "origin": [8, 8, 8]},
			"faces": {
				"north": {"uv": [12.0875, 4.375, 12.625, 5], "rotation": 180, "texture": "#0"},
				"east": {"uv": [12.0875, 4.375, 12.625, 5], "rotation": 270, "texture": "#0"},
				"south": {"uv": [12.0875, 4.375, 12.625, 5], "texture": "#0"},
				"west": {"uv": [12.0875, 4.375, 12.625, 5], "rotation": 90, "texture": "#0"},
				"up": {"uv": [12.0875, 4.375, 12.625, 5], "rotation": 180, "texture": "#0"},
				"down": {"uv": [12.0875, 4.375, 12.625, 5], "texture": "#0"}
			}
		},
		{
			"from": [2.43318, 4.6506, 10.10654],
			"to": [4.41801, 11.3494, 11.15981],
			"rotation": {"angle": 0, "axis": "y", "origin": [8, 8, 8]},
			"faces": {
				"north": {"uv": [12.875, 4.625, 10.9375, 5.1125], "rotation": 90, "texture": "#0"},
				"east": {"uv": [12.875, 4.625, 10.9375, 5.1125], "rotation": 180, "texture": "#0"},
				"south": {"uv": [12.875, 4.625, 10.9375, 5.1125], "rotation": 270, "texture": "#0"},
				"west": {"uv": [12.875, 4.625, 10.9375, 5.1125], "texture": "#0"},
				"up": {"uv": [12.875, 4.625, 10.9375, 5.1125], "rotation": 90, "texture": "#0"},
				"down": {"uv": [12.875, 4.625, 10.9375, 5.1125], "rotation": 270, "texture": "#0"}
			}
		},
		{
			"from": [2.68128, 4.71263, 5.01573],
			"to": [4.79016, 11.28737, 10.86724],
			"rotation": {"angle": 0, "axis": "y", "origin": [8, 8, 8]},
			"faces": {
				"north": {"uv": [1, 0.5, 10.25, 15.5], "rotation": 270, "texture": "#0"},
				"east": {"uv": [1, 0.5, 10.25, 15.5], "rotation": 270, "texture": "#0"},
				"south": {"uv": [1, 0.5, 10.25, 15.5], "rotation": 270, "texture": "#0"},
				"west": {"uv": [0.5, 5.5, 7, 10.5], "rotation": 90, "texture": "#0"},
				"up": {"uv": [11.75, 6.5, 12.75, 9.25], "rotation": 180, "texture": "#0"},
				"down": {"uv": [11.25, 6.25, 12.25, 8.5], "texture": "#0"}
			}
		},
		{
			"from": [2.86736, 4.8987, 2.32404],
			"to": [4.91422, 11.1013, 13.5822],
			"rotation": {"angle": 0, "axis": "y", "origin": [8, 8, 8]},
			"faces": {
				"north": {"uv": [9.25, 15.375, 14.5, 16], "rotation": 270, "texture": "#0"},
				"east": {"uv": [16, 1.625, 15.5, 2], "rotation": 270, "texture": "#0"},
				"south": {"uv": [10.25, 0, 11.75, 1], "rotation": 270, "texture": "#0"},
				"west": {"uv": [1.5, 0, 0, 16], "rotation": 90, "texture": "#0"},
				"up": {"uv": [11.75, 0, 10.25, 16], "rotation": 180, "texture": "#0"},
				"down": {"uv": [11.75, 0, 10.25, 16], "texture": "#0"}
			}
		}
	],
	"display": {
		"thirdperson_righthand": {
			"rotation": [0, 90, 0],
			"translation": [0, -2, -4]
		},
		"thirdperson_lefthand": {
			"rotation": [0, 90, 0],
			"translation": [0, -2, -4]
		},
		"gui": {
			"rotation": [-155, -45, -180],
			"scale": [0.75, 0.75, 0.75]
		},
		"head": {
			"rotation": [0, 90, 0],
			"translation": [0, -9, 0],
			"scale": [4, 4, 4]
		}
	},
	"groups": [
		{
			"name": "group",
			"origin": [8.5, 3.5, 0.5],
			"color": 0,
			"children": [0, 1, 2, 3, 4, 5, 6, 7, 8, 9, 10, 11, 12, 13, 14, 15, 16, 17, 18, 19, 20, 21, 22, 23, 24, 25, 26, 27, 28, 29, 30, 31]
		},
		32,
		33,
		34,
		35,
		36,
		37,
		38,
		39,
		40,
		41,
		42,
		43,
		44,
		45,
		46,
		47
	]
}
