{
	"credit": "Made with Blockbench",
	"texture_size": [32, 32],
	"textures": {
		"0": "ssbrc:common/super_mario_bros/blooper"
	},
	"elements": [
		{
			"from": [11.8665, 4.3586, 7.3673],
			"to": [13.8349, 5.4131, 8.6327],
			"rotation": {"angle": 0, "axis": "y", "origin": [16.436, 6.22155, 8]},
			"faces": {
				"north": {"uv": [8, 4.5, 9, 5], "texture": "#0"},
				"east": {"uv": [14.5, 3, 15.25, 3.5], "texture": "#0"},
				"south": {"uv": [10.5, 2, 11.5, 2.5], "texture": "#0"},
				"west": {"uv": [14.5, 3.5, 15.25, 4], "texture": "#0"},
				"up": {"uv": [10, 14.25, 9, 13.5], "texture": "#0"},
				"down": {"uv": [14.5, 9.5, 13.5, 10.25], "texture": "#0"}
			}
		},
		{
			"from": [12.3586, 2.312, 7.3923],
			"to": [14.8894, 3.4962, 8.6077],
			"rotation": {"angle": -45, "axis": "z", "origin": [16.436, 5.92155, 8]},
			"faces": {
				"north": {"uv": [2.5, 7.5, 3.75, 8], "texture": "#0"},
				"east": {"uv": [14, 4, 14.75, 4.5], "texture": "#0"},
				"south": {"uv": [5, 9.5, 6.25, 10], "texture": "#0"},
				"west": {"uv": [14, 8, 14.75, 8.5], "texture": "#0"},
				"up": {"uv": [1.25, 13.75, 0, 13], "texture": "#0"},
				"down": {"uv": [14.25, 4.5, 13, 5.25], "texture": "#0"}
			}
		},
		{
			"from": [2.1651, 4.3586, 7.3673],
			"to": [4.1335, 5.4131, 8.6327],
			"rotation": {"angle": 0, "axis": "y", "origin": [-0.436, 6.22155, 8]},
			"faces": {
				"north": {"uv": [9, 4.5, 8, 5], "texture": "#0"},
				"east": {"uv": [15.25, 3.5, 14.5, 4], "texture": "#0"},
				"south": {"uv": [11.5, 2, 10.5, 2.5], "texture": "#0"},
				"west": {"uv": [15.25, 3, 14.5, 3.5], "texture": "#0"},
				"up": {"uv": [9, 14.25, 10, 13.5], "texture": "#0"},
				"down": {"uv": [13.5, 9.5, 14.5, 10.25], "texture": "#0"}
			}
		},
		{
			"from": [1.1106, 2.312, 7.3923],
			"to": [3.6414, 3.4962, 8.6077],
			"rotation": {"angle": 45, "axis": "z", "origin": [-0.436, 5.92155, 8]},
			"faces": {
				"north": {"uv": [3.75, 7.5, 2.5, 8], "texture": "#0"},
				"east": {"uv": [14.75, 8, 14, 8.5], "texture": "#0"},
				"south": {"uv": [6.25, 9.5, 5, 10], "texture": "#0"},
				"west": {"uv": [14.75, 4, 14, 4.5], "texture": "#0"},
				"up": {"uv": [0, 13.75, 1.25, 13], "texture": "#0"},
				"down": {"uv": [13, 4.5, 14.25, 5.25], "texture": "#0"}
			}
		},
		{
			"from": [4.1335, 2.812, 5.5395],
			"to": [11.8665, 8.436, 10.4605],
			"rotation": {"angle": 0, "axis": "y", "origin": [9.0545, 0, 9.0545]},
			"faces": {
				"north": {"uv": [0, 0, 3.75, 2.75], "texture": "#0"},
				"east": {"uv": [4, 5, 6.5, 7.75], "texture": "#0"},
				"south": {"uv": [0, 3, 3.75, 5.75], "texture": "#0"},
				"west": {"uv": [0, 6, 2.5, 8.75], "texture": "#0"},
				"up": {"uv": [7.75, 2.5, 4, 0], "texture": "#0"},
				"down": {"uv": [7.75, 2.5, 4, 5], "texture": "#0"}
			}
		},
		{
			"from": [4.6256, 1.4763, 8.703],
			"to": [5.9613, 3.1635, 9.3357],
			"rotation": {"angle": 22.5, "axis": "x", "origin": [5.29345, 2.3199, 9.37085]},
			"faces": {
				"north": {"uv": [14.75, 7, 14, 7.75], "texture": "#0"},
				"east": {"uv": [9.75, 14.5, 9.5, 15.25], "texture": "#0"},
				"south": {"uv": [14.75, 11.5, 14, 12.25], "texture": "#0"},
				"west": {"uv": [9.25, 14.5, 9, 15.25], "texture": "#0"},
				"up": {"uv": [14.5, 9.75, 15.25, 9.5], "texture": "#0"},
				"down": {"uv": [14.5, 10, 15.25, 10.25], "texture": "#0"}
			}
		},
		{
			"from": [4.6256, 1.4763, 6.6643],
			"to": [5.9613, 3.1635, 7.297],
			"rotation": {"angle": -22.5, "axis": "x", "origin": [5.29345, 2.3199, 6.62915]},
			"faces": {
				"north": {"uv": [14.75, 12.5, 14, 13.25], "texture": "#0"},
				"east": {"uv": [14.75, 10.5, 14.5, 11.25], "texture": "#0"},
				"south": {"uv": [14.75, 13.5, 14, 14.25], "texture": "#0"},
				"west": {"uv": [10.75, 14.5, 10.5, 15.25], "texture": "#0"},
				"up": {"uv": [11, 14.75, 11.75, 14.5], "texture": "#0"},
				"down": {"uv": [13, 14.5, 13.75, 14.75], "texture": "#0"}
			}
		},
		{
			"from": [4.2038, 1.0545, 7.0158],
			"to": [5.8207, 3.1635, 9.0545],
			"rotation": {"angle": 0, "axis": "y", "origin": [5.188, 1.0545, 8.03515]},
			"faces": {
				"north": {"uv": [14.25, 10.5, 13.5, 11.5], "texture": "#0"},
				"east": {"uv": [10.5, 12.5, 9.5, 13.5], "texture": "#0"},
				"south": {"uv": [11.75, 13.5, 11, 14.5], "texture": "#0"},
				"west": {"uv": [9.5, 12.5, 8.5, 13.5], "texture": "#0"},
				"up": {"uv": [13, 14.5, 13.75, 13.5], "texture": "#0"},
				"down": {"uv": [0, 14, 0.75, 15], "texture": "#0"}
			}
		},
		{
			"from": [4.485, -0.1406, 7.4376],
			"to": [5.6098, 1.406, 8.703],
			"rotation": {"angle": 22.5, "axis": "z", "origin": [5.188, 1.0545, 8.03515]},
			"faces": {
				"north": {"uv": [4.5, 14.5, 4, 15.25], "texture": "#0"},
				"east": {"uv": [15.25, 2, 14.5, 2.75], "texture": "#0"},
				"south": {"uv": [5, 14.5, 4.5, 15.25], "texture": "#0"},
				"west": {"uv": [15.25, 1, 14.5, 1.75], "texture": "#0"},
				"up": {"uv": [14.5, 5.25, 15, 4.5], "texture": "#0"},
				"down": {"uv": [5, 14.5, 5.5, 15.25], "texture": "#0"}
			}
		},
		{
			"from": [10.0387, 1.4763, 8.703],
			"to": [11.3744, 3.1635, 9.3357],
			"rotation": {"angle": 22.5, "axis": "x", "origin": [10.70655, 2.3199, 9.37085]},
			"faces": {
				"north": {"uv": [14, 7, 14.75, 7.75], "texture": "#0"},
				"east": {"uv": [9, 14.5, 9.25, 15.25], "texture": "#0"},
				"south": {"uv": [14, 11.5, 14.75, 12.25], "texture": "#0"},
				"west": {"uv": [9.5, 14.5, 9.75, 15.25], "texture": "#0"},
				"up": {"uv": [15.25, 9.75, 14.5, 9.5], "texture": "#0"},
				"down": {"uv": [15.25, 10, 14.5, 10.25], "texture": "#0"}
			}
		},
		{
			"from": [10.0387, 1.4763, 6.6643],
			"to": [11.3744, 3.1635, 7.297],
			"rotation": {"angle": -22.5, "axis": "x", "origin": [10.70655, 2.3199, 6.62915]},
			"faces": {
				"north": {"uv": [14, 12.5, 14.75, 13.25], "texture": "#0"},
				"east": {"uv": [10.5, 14.5, 10.75, 15.25], "texture": "#0"},
				"south": {"uv": [14, 13.5, 14.75, 14.25], "texture": "#0"},
				"west": {"uv": [14.5, 10.5, 14.75, 11.25], "texture": "#0"},
				"up": {"uv": [11.75, 14.75, 11, 14.5], "texture": "#0"},
				"down": {"uv": [13.75, 14.5, 13, 14.75], "texture": "#0"}
			}
		},
		{
			"from": [10.1793, 1.0545, 7.0158],
			"to": [11.7962, 3.1635, 9.0545],
			"rotation": {"angle": 0, "axis": "y", "origin": [10.812, 1.0545, 8.03515]},
			"faces": {
				"north": {"uv": [13.5, 10.5, 14.25, 11.5], "texture": "#0"},
				"east": {"uv": [8.5, 12.5, 9.5, 13.5], "texture": "#0"},
				"south": {"uv": [11, 13.5, 11.75, 14.5], "texture": "#0"},
				"west": {"uv": [9.5, 12.5, 10.5, 13.5], "texture": "#0"},
				"up": {"uv": [13.75, 14.5, 13, 13.5], "texture": "#0"},
				"down": {"uv": [0.75, 14, 0, 15], "texture": "#0"}
			}
		},
		{
			"from": [10.3902, -0.1406, 7.4376],
			"to": [11.515, 1.406, 8.703],
			"rotation": {"angle": -22.5, "axis": "z", "origin": [10.812, 1.0545, 8.03515]},
			"faces": {
				"north": {"uv": [4, 14.5, 4.5, 15.25], "texture": "#0"},
				"east": {"uv": [14.5, 1, 15.25, 1.75], "texture": "#0"},
				"south": {"uv": [4.5, 14.5, 5, 15.25], "texture": "#0"},
				"west": {"uv": [14.5, 2, 15.25, 2.75], "texture": "#0"},
				"up": {"uv": [15, 5.25, 14.5, 4.5], "texture": "#0"},
				"down": {"uv": [5.5, 14.5, 5, 15.25], "texture": "#0"}
			}
		},
		{
			"from": [6.3128, 0.9842, 8.1406],
			"to": [7.5782, 3.7259, 9.0545],
			"rotation": {"angle": 22.5, "axis": "x", "origin": [5.188, 1.0545, 7.96485]},
			"faces": {
				"north": {"uv": [7.75, 13.5, 7, 14.75], "texture": "#0"},
				"east": {"uv": [14.5, 5.5, 14, 6.75], "texture": "#0"},
				"south": {"uv": [8.75, 13.5, 8, 14.75], "texture": "#0"},
				"west": {"uv": [12.5, 13.5, 12, 14.75], "texture": "#0"},
				"up": {"uv": [14.5, 6.5, 15.25, 6], "texture": "#0"},
				"down": {"uv": [14.5, 6.5, 15.25, 7], "texture": "#0"}
			}
		},
		{
			"from": [6.3128, 0.9842, 6.9455],
			"to": [7.5782, 3.7259, 7.8594],
			"rotation": {"angle": -22.5, "axis": "x", "origin": [5.188, 1.0545, 8.03515]},
			"faces": {
				"north": {"uv": [13.75, 7, 13, 8.25], "texture": "#0"},
				"east": {"uv": [10.5, 13.5, 10, 14.75], "texture": "#0"},
				"south": {"uv": [13.75, 12, 13, 13.25], "texture": "#0"},
				"west": {"uv": [2.5, 9, 2, 10.25], "texture": "#0"},
				"up": {"uv": [5.5, 15, 6.25, 14.5], "texture": "#0"},
				"down": {"uv": [14.5, 5.5, 15.25, 6], "texture": "#0"}
			}
		},
		{
			"from": [6.4534, -1.0545, 7.33215],
			"to": [7.66608, 1.0545, 8.66785],
			"rotation": {"angle": 0, "axis": "y", "origin": [5.188, 1.0545, 7.9297]},
			"faces": {
				"north": {"uv": [2, 13, 1.5, 14], "texture": "#0"},
				"east": {"uv": [3.75, 14, 3, 15], "texture": "#0"},
				"south": {"uv": [13, 14, 12.5, 15], "texture": "#0"},
				"west": {"uv": [2.75, 14, 2, 15], "texture": "#0"},
				"up": {"uv": [6.5, 15.25, 7, 14.5], "texture": "#0"},
				"down": {"uv": [14.5, 8.5, 15, 9.25], "texture": "#0"}
			}
		},
		{
			"from": [6.1722, 0.4218, 7.0158],
			"to": [7.7188, 3.1635, 9.0545],
			"rotation": {"angle": 0, "axis": "y", "origin": [5.188, 1.0545, 8.03515]},
			"faces": {
				"north": {"uv": [4.75, 13, 4, 14.25], "texture": "#0"},
				"east": {"uv": [4, 12.5, 3, 13.75], "texture": "#0"},
				"south": {"uv": [13.75, 5.5, 13, 6.75], "texture": "#0"},
				"west": {"uv": [3, 12.5, 2, 13.75], "texture": "#0"},
				"up": {"uv": [14, 1, 14.75, 0], "texture": "#0"},
				"down": {"uv": [1, 14, 1.75, 15], "texture": "#0"}
			}
		},
		{
			"from": [8.4218, 0.9842, 8.1406],
			"to": [9.6872, 3.7259, 9.0545],
			"rotation": {"angle": 22.5, "axis": "x", "origin": [10.812, 1.0545, 7.96485]},
			"faces": {
				"north": {"uv": [7, 13.5, 7.75, 14.75], "texture": "#0"},
				"east": {"uv": [12, 13.5, 12.5, 14.75], "texture": "#0"},
				"south": {"uv": [8, 13.5, 8.75, 14.75], "texture": "#0"},
				"west": {"uv": [14, 5.5, 14.5, 6.75], "texture": "#0"},
				"up": {"uv": [15.25, 6.5, 14.5, 6], "texture": "#0"},
				"down": {"uv": [15.25, 6.5, 14.5, 7], "texture": "#0"}
			}
		},
		{
			"from": [8.4218, 0.9842, 6.9455],
			"to": [9.6872, 3.7259, 7.8594],
			"rotation": {"angle": -22.5, "axis": "x", "origin": [10.812, 1.0545, 8.03515]},
			"faces": {
				"north": {"uv": [13, 7, 13.75, 8.25], "texture": "#0"},
				"east": {"uv": [2, 9, 2.5, 10.25], "texture": "#0"},
				"south": {"uv": [13, 12, 13.75, 13.25], "texture": "#0"},
				"west": {"uv": [10, 13.5, 10.5, 14.75], "texture": "#0"},
				"up": {"uv": [6.25, 15, 5.5, 14.5], "texture": "#0"},
				"down": {"uv": [15.25, 5.5, 14.5, 6], "texture": "#0"}
			}
		},
		{
			"from": [8.33392, -1.0545, 7.33215],
			"to": [9.5466, 1.0545, 8.66785],
			"rotation": {"angle": 0, "axis": "y", "origin": [10.812, 1.0545, 7.9297]},
			"faces": {
				"north": {"uv": [1.5, 13, 2, 14], "texture": "#0"},
				"east": {"uv": [2, 14, 2.75, 15], "texture": "#0"},
				"south": {"uv": [12.5, 14, 13, 15], "texture": "#0"},
				"west": {"uv": [3, 14, 3.75, 15], "texture": "#0"},
				"up": {"uv": [7, 15.25, 6.5, 14.5], "texture": "#0"},
				"down": {"uv": [15, 8.5, 14.5, 9.25], "texture": "#0"}
			}
		},
		{
			"from": [8.2812, 0.4218, 7.0158],
			"to": [9.8278, 3.1635, 9.0545],
			"rotation": {"angle": 0, "axis": "y", "origin": [10.812, 1.0545, 8.03515]},
			"faces": {
				"north": {"uv": [4, 13, 4.75, 14.25], "texture": "#0"},
				"east": {"uv": [2, 12.5, 3, 13.75], "texture": "#0"},
				"south": {"uv": [13, 5.5, 13.75, 6.75], "texture": "#0"},
				"west": {"uv": [3, 12.5, 4, 13.75], "texture": "#0"},
				"up": {"uv": [14.75, 1, 14, 0], "texture": "#0"},
				"down": {"uv": [1.75, 14, 1, 15], "texture": "#0"}
			}
		},
		{
			"from": [1.3215, 5.9755, 6.00963],
			"to": [4.8365, 10.1935, 9.99916],
			"rotation": {"angle": -22.5, "axis": "z", "origin": [9.0545, 0, 9.24343]},
			"faces": {
				"north": {"uv": [5, 10, 6.75, 12], "texture": "#0"},
				"east": {"uv": [8, 2.5, 10, 4.5], "texture": "#0"},
				"south": {"uv": [7, 10, 8.75, 12], "texture": "#0"},
				"west": {"uv": [0, 9, 2, 11], "texture": "#0"},
				"up": {"uv": [12.25, 2, 10.5, 0], "texture": "#0"},
				"down": {"uv": [3.75, 10.5, 2, 12.5], "texture": "#0"}
			}
		},
		{
			"from": [-1.92465, 6.49588, 6.58521],
			"to": [1.16855, 9.58908, 9.41479],
			"rotation": {"angle": -45, "axis": "z", "origin": [9.04215, 0.09858, 8.94026]},
			"faces": {
				"north": {"uv": [2.5, 6, 4, 7.5], "texture": "#0"},
				"east": {"uv": [5, 8, 6.5, 9.5], "texture": "#0"},
				"south": {"uv": [7, 12, 8.5, 13.5], "texture": "#0"},
				"west": {"uv": [12, 9.5, 13.5, 11], "texture": "#0"},
				"up": {"uv": [12.5, 13.5, 11, 12], "texture": "#0"},
				"down": {"uv": [14, 0, 12.5, 1.5], "texture": "#0"}
			}
		},
		{
			"from": [11.1635, 5.9755, 6.04478],
			"to": [14.6785, 10.1935, 9.94643],
			"rotation": {"angle": 22.5, "axis": "z", "origin": [6.9455, 0, 9.24343]},
			"faces": {
				"north": {"uv": [9, 10.5, 10.75, 12.5], "texture": "#0"},
				"east": {"uv": [9, 4.5, 11, 6.5], "texture": "#0"},
				"south": {"uv": [0, 11, 1.75, 13], "texture": "#0"},
				"west": {"uv": [9, 6.5, 11, 8.5], "texture": "#0"},
				"up": {"uv": [12.75, 6.5, 11, 4.5], "texture": "#0"},
				"down": {"uv": [12.75, 6.5, 11, 8.5], "texture": "#0"}
			}
		},
		{
			"from": [12.33399, 6.14774, 7.02059],
			"to": [17.14955, 11.15309, 8.92115],
			"rotation": {"angle": 22.5, "axis": "z", "origin": [6.55534, -2.812, 4.539]},
			"faces": {
				"north": {"uv": [6.5, 5, 9, 7.5], "texture": "#0"},
				"east": {"uv": [4, 10.5, 5, 13], "texture": "#0"},
				"south": {"uv": [6.5, 7.5, 9, 10], "texture": "#0"},
				"west": {"uv": [11, 8.5, 12, 11], "texture": "#0"},
				"up": {"uv": [13.5, 12, 11, 11], "texture": "#0"},
				"down": {"uv": [14.5, 2, 12, 3], "texture": "#0"}
			}
		},
		{
			"from": [-5.59677, 6.08736, 7.46774],
			"to": [-1.35909, 10.32504, 8.53226],
			"rotation": {"angle": -45, "axis": "z", "origin": [9.42774, -2.67694, 10.69416]},
			"faces": {
				"north": {"uv": [9, 8.5, 11, 10.5], "texture": "#0"},
				"east": {"uv": [10.5, 12.5, 11, 14.5], "texture": "#0"},
				"south": {"uv": [10, 2.5, 12, 4.5], "texture": "#0"},
				"west": {"uv": [12.5, 12, 13, 14], "texture": "#0"},
				"up": {"uv": [14, 4.5, 12, 4], "texture": "#0"},
				"down": {"uv": [14.5, 1.5, 12.5, 2], "texture": "#0"}
			}
		},
		{
			"from": [-1.14954, 6.14774, 6.94836],
			"to": [3.66601, 11.15309, 8.96931],
			"rotation": {"angle": -22.5, "axis": "z", "origin": [9.44467, -2.812, 4.539]},
			"faces": {
				"north": {"uv": [8, 0, 10.5, 2.5], "texture": "#0"},
				"east": {"uv": [5, 12, 6, 14.5], "texture": "#0"},
				"south": {"uv": [2.5, 8, 5, 10.5], "texture": "#0"},
				"west": {"uv": [6, 12, 7, 14.5], "texture": "#0"},
				"up": {"uv": [14.5, 4, 12, 3], "texture": "#0"},
				"down": {"uv": [14.5, 8.5, 12, 9.5], "texture": "#0"}
			}
		}
	],
	"display": {
		"thirdperson_righthand": {
			"rotation": [35.22, 34.02, 6.46],
			"translation": [-1, 2.25, 2],
			"scale": [0.6, 0.6, 0.6]
		},
		"thirdperson_lefthand": {
			"rotation": [35.22, 34.02, 6.46],
			"translation": [-1, 2.25, 2],
			"scale": [0.6, 0.6, 0.6]
		},
		"firstperson_righthand": {
			"rotation": [151.02, 54, -152.13],
			"translation": [1, 5.25, 1.5],
			"scale": [0.52, 0.6, 0.6]
		},
		"firstperson_lefthand": {
			"rotation": [151.02, 54, -152.13],
			"translation": [1, 5.25, 1.5],
			"scale": [0.52, 0.6, 0.6]
		},
		"ground": {
			"translation": [0, 3.5, 0],
			"scale": [0.8, 0.8, 0.8]
		},
		"gui": {
			"rotation": [0, -180, 0],
			"scale": [1, 0.92, 1]
		},
		"head": {
			"translation": [0, -0.75, -5.5],
			"scale": [1.5, 1.5, 1.5]
		}
	},
	"groups": [
		{
			"name": "bone",
			"origin": [8, 0, 8],
			"color": 0,
			"children": [
				{
					"name": "bone2",
					"origin": [4.264, 6.12155, 8],
					"color": 0,
					"children": []
				},
				{
					"name": "bone3",
					"origin": [11.736, 6.12155, 8],
					"color": 0,
					"children": [0, 1, 2, 3]
				},
				4,
				{
					"name": "bone4",
					"origin": [5.188, 3.2545, 8.03515],
					"color": 0,
					"children": [5, 6, 7, 8]
				},
				{
					"name": "bone6",
					"origin": [10.812, 3.2545, 8.03515],
					"color": 0,
					"children": [9, 10, 11, 12]
				},
				{
					"name": "bone5",
					"origin": [7.088, 3.3545, 8.03515],
					"color": 0,
					"children": [13, 14, 15, 16]
				},
				{
					"name": "bone7",
					"origin": [8.912, 3.3545, 8.03515],
					"color": 0,
					"children": [17, 18, 19, 20]
				},
				21,
				22,
				23,
				24,
				25,
				26
			]
		}
	]
}
