{
	"texture_size": [64, 64],
	"textures": {
		"0": "ssbrc:common/super_mario_bros/coin"
	},
	"elements": [
		{
			"from": [6.33906, -0.51051, 6.766],
			"to": [9.12906, 1.72149, 9.234],
			"rotation": {"angle": -45, "axis": "z", "origin": [8.43156, 6.97599, 8.186]},
			"faces": {
				"north": {"uv": [0.75, 6.25, 1.5, 6.75], "texture": "#0"},
				"east": {"uv": [7.25, 0.5, 7.875, 1], "texture": "#0"},
				"south": {"uv": [1.5, 6.25, 2.25, 6.75], "texture": "#0"},
				"west": {"uv": [0.75, 7.25, 1.375, 7.75], "texture": "#0"},
				"up": {"uv": [3.25, 4.375, 2.5, 3.75], "texture": "#0"},
				"down": {"uv": [4.75, 2.75, 4, 3.375], "texture": "#0"}
			}
		},
		{
			"from": [0.51932, 5.91132, 6.766],
			"to": [2.75132, 8.88732, 9.234],
			"rotation": {"angle": 0, "axis": "y", "origin": [8.00582, 8.00382, 8.186]},
			"faces": {
				"north": {"uv": [6.25, 2.25, 6.75, 3], "texture": "#0"},
				"east": {"uv": [4, 3.5, 4.625, 4.25], "texture": "#0"},
				"south": {"uv": [6.25, 3, 6.75, 3.75], "texture": "#0"},
				"west": {"uv": [4, 4.25, 4.625, 5], "texture": "#0"},
				"up": {"uv": [7.75, 1.625, 7.25, 1], "texture": "#0"},
				"down": {"uv": [2, 7.25, 1.5, 7.875], "texture": "#0"}
			}
		},
		{
			"from": [0.75021, 5.86308, 6.791],
			"to": [2.98221, 8.83908, 9.209],
			"rotation": {"angle": -22.5, "axis": "z", "origin": [8.23671, 7.95558, 8.186]},
			"faces": {
				"north": {"uv": [6.25, 3.75, 6.75, 4.5], "texture": "#0"},
				"east": {"uv": [2.5, 4.5, 3.125, 5.25], "texture": "#0"},
				"south": {"uv": [6.25, 4.5, 6.75, 5.25], "texture": "#0"},
				"west": {"uv": [3.25, 4.5, 3.875, 5.25], "texture": "#0"},
				"up": {"uv": [2.5, 7.875, 2, 7.25], "texture": "#0"},
				"down": {"uv": [3, 7.25, 2.5, 7.875], "texture": "#0"}
			}
		},
		{
			"from": [0.28754, 5.86753, 6.791],
			"to": [2.51954, 8.84353, 9.209],
			"rotation": {"angle": 22.5, "axis": "z", "origin": [7.77404, 7.96003, 8.186]},
			"faces": {
				"north": {"uv": [6.25, 5.25, 6.75, 6], "texture": "#0"},
				"east": {"uv": [4.75, 2.75, 5.375, 3.5], "texture": "#0"},
				"south": {"uv": [6.25, 6, 6.75, 6.75], "texture": "#0"},
				"west": {"uv": [4.75, 3.5, 5.375, 4.25], "texture": "#0"},
				"up": {"uv": [3.5, 7.875, 3, 7.25], "texture": "#0"},
				"down": {"uv": [7.75, 4, 7.25, 4.625], "texture": "#0"}
			}
		},
		{
			"from": [6.512, 12.648, 6.766],
			"to": [9.488, 14.88, 9.234],
			"rotation": {"angle": 0, "axis": "y", "origin": [8, 7.3935, 8.186]},
			"faces": {
				"north": {"uv": [6.5, 0, 7.25, 0.5], "texture": "#0"},
				"east": {"uv": [7.25, 4.75, 7.875, 5.25], "texture": "#0"},
				"south": {"uv": [6.5, 0.5, 7.25, 1], "texture": "#0"},
				"west": {"uv": [7.25, 5.25, 7.875, 5.75], "texture": "#0"},
				"up": {"uv": [5.5, 4.875, 4.75, 4.25], "texture": "#0"},
				"down": {"uv": [5.75, 0, 5, 0.625], "texture": "#0"}
			}
		},
		{
			"from": [3.3035, 2.046, 7.27925],
			"to": [12.6965, 12.834, 8.72075],
			"rotation": {"angle": 0, "axis": "y", "origin": [8.1395, 7.3935, 7.69775]},
			"faces": {
				"north": {"uv": [0, 0, 2.375, 2.75], "texture": "#0"},
				"east": {"uv": [0, 2.75, 0.375, 5.5], "texture": "#0"},
				"south": {"uv": [2.5, 0, 4.875, 2.75], "texture": "#0"},
				"west": {"uv": [0.5, 2.75, 0.875, 5.5], "texture": "#0"},
				"up": {"uv": [3.375, 3.125, 1, 2.75], "texture": "#0"},
				"down": {"uv": [3.375, 3.25, 1, 3.625], "texture": "#0"}
			}
		},
		{
			"from": [12.6965, 3.906, 7.27925],
			"to": [13.6265, 10.974, 8.72075],
			"rotation": {"angle": 0, "axis": "y", "origin": [8.1395, 7.3935, 7.69775]},
			"faces": {
				"north": {"uv": [3.75, 6, 4, 7.75], "texture": "#0"},
				"east": {"uv": [3.5, 2.75, 3.875, 4.5], "texture": "#0"},
				"south": {"uv": [0, 6.25, 0.25, 8], "texture": "#0"},
				"west": {"uv": [1, 3.75, 1.375, 5.5], "texture": "#0"},
				"up": {"uv": [3.5, 4.125, 3.25, 3.75], "texture": "#0"},
				"down": {"uv": [5.25, 2.25, 5, 2.625], "texture": "#0"}
			}
		},
		{
			"from": [2.3735, 3.906, 7.27925],
			"to": [3.3035, 10.974, 8.72075],
			"rotation": {"angle": 0, "axis": "y", "origin": [7.8605, 7.3935, 7.69775]},
			"faces": {
				"north": {"uv": [0.25, 6.25, 0.5, 8], "texture": "#0"},
				"east": {"uv": [1.5, 3.75, 1.875, 5.5], "texture": "#0"},
				"south": {"uv": [0.5, 6.25, 0.75, 8], "texture": "#0"},
				"west": {"uv": [2, 3.75, 2.375, 5.5], "texture": "#0"},
				"up": {"uv": [5.5, 2.625, 5.25, 2.25], "texture": "#0"},
				"down": {"uv": [2.5, 5.5, 2.25, 5.875], "texture": "#0"}
			}
		},
		{
			"from": [6.50977, 12.64844, 6.791],
			"to": [9.48577, 14.88044, 9.209],
			"rotation": {"angle": -22.5, "axis": "z", "origin": [7.99777, 7.39394, 8.186]},
			"faces": {
				"north": {"uv": [6.5, 1, 7.25, 1.5], "texture": "#0"},
				"east": {"uv": [7.25, 5.75, 7.875, 6.25], "texture": "#0"},
				"south": {"uv": [6.5, 1.5, 7.25, 2], "texture": "#0"},
				"west": {"uv": [7.25, 6.25, 7.875, 6.75], "texture": "#0"},
				"up": {"uv": [5.75, 1.375, 5, 0.75], "texture": "#0"},
				"down": {"uv": [5.75, 1.5, 5, 2.125], "texture": "#0"}
			}
		},
		{
			"from": [6.51069, 12.66624, 6.791],
			"to": [9.48669, 14.89824, 9.209],
			"rotation": {"angle": 22.5, "axis": "z", "origin": [8.04519, 7.41174, 8.186]},
			"faces": {
				"north": {"uv": [4, 6.5, 4.75, 7], "texture": "#0"},
				"east": {"uv": [7.25, 6.75, 7.875, 7.25], "texture": "#0"},
				"south": {"uv": [4.75, 6.5, 5.5, 7], "texture": "#0"},
				"west": {"uv": [7.25, 7.25, 7.875, 7.75], "texture": "#0"},
				"up": {"uv": [4.75, 5.625, 4, 5], "texture": "#0"},
				"down": {"uv": [5.5, 5, 4.75, 5.625], "texture": "#0"}
			}
		},
		{
			"from": [6.41769, -0.01824, 6.791],
			"to": [9.48669, 2.21376, 9.209],
			"rotation": {"angle": -22.5, "axis": "z", "origin": [8.04519, 7.46826, 8.186]},
			"faces": {
				"north": {"uv": [0.75, 6.75, 1.5, 7.25], "texture": "#0"},
				"east": {"uv": [7.5, 1.75, 8.125, 2.25], "texture": "#0"},
				"south": {"uv": [1.5, 6.75, 2.25, 7.25], "texture": "#0"},
				"west": {"uv": [7.5, 2.25, 8.125, 2.75], "texture": "#0"},
				"up": {"uv": [3.25, 5.875, 2.5, 5.25], "texture": "#0"},
				"down": {"uv": [4, 5.25, 3.25, 5.875], "texture": "#0"}
			}
		},
		{
			"from": [6.512, 0, 6.766],
			"to": [9.488, 2.232, 9.234],
			"rotation": {"angle": 0, "axis": "y", "origin": [8, 7.4865, 8.186]},
			"faces": {
				"north": {"uv": [6.75, 2, 7.5, 2.5], "texture": "#0"},
				"east": {"uv": [7.5, 2.75, 8.125, 3.25], "texture": "#0"},
				"south": {"uv": [2.25, 6.75, 3, 7.25], "texture": "#0"},
				"west": {"uv": [7.5, 3.25, 8.125, 3.75], "texture": "#0"},
				"up": {"uv": [0.75, 6.125, 0, 5.5], "texture": "#0"},
				"down": {"uv": [1.5, 5.5, 0.75, 6.125], "texture": "#0"}
			}
		},
		{
			"from": [6.50977, -0.00044, 6.791],
			"to": [9.57877, 2.23156, 9.209],
			"rotation": {"angle": 22.5, "axis": "z", "origin": [7.99777, 7.48606, 8.186]},
			"faces": {
				"north": {"uv": [6.75, 2.5, 7.5, 3], "texture": "#0"},
				"east": {"uv": [4, 7.5, 4.625, 8], "texture": "#0"},
				"south": {"uv": [3, 6.75, 3.75, 7.25], "texture": "#0"},
				"west": {"uv": [4.75, 7.5, 5.375, 8], "texture": "#0"},
				"up": {"uv": [2.25, 6.125, 1.5, 5.5], "texture": "#0"},
				"down": {"uv": [6.25, 2.25, 5.5, 2.875], "texture": "#0"}
			}
		},
		{
			"from": [6.33906, 13.07715, 6.766],
			"to": [9.31506, 15.30915, 9.234],
			"rotation": {"angle": 45, "axis": "z", "origin": [8.43156, 7.82265, 8.186]},
			"faces": {
				"north": {"uv": [6.75, 3, 7.5, 3.5], "texture": "#0"},
				"east": {"uv": [5.5, 7.5, 6.125, 8], "texture": "#0"},
				"south": {"uv": [6.75, 3.5, 7.5, 4], "texture": "#0"},
				"west": {"uv": [6.25, 7.5, 6.875, 8], "texture": "#0"},
				"up": {"uv": [6.25, 3.625, 5.5, 3], "texture": "#0"},
				"down": {"uv": [6.25, 3.75, 5.5, 4.375], "texture": "#0"}
			}
		},
		{
			"from": [13.24868, 5.91132, 6.766],
			"to": [15.48068, 8.88732, 9.234],
			"rotation": {"angle": 0, "axis": "y", "origin": [7.99418, 8.00382, 8.186]},
			"faces": {
				"north": {"uv": [6.75, 4, 7.25, 4.75], "texture": "#0"},
				"east": {"uv": [5.5, 4.5, 6.125, 5.25], "texture": "#0"},
				"south": {"uv": [6.75, 4.75, 7.25, 5.5], "texture": "#0"},
				"west": {"uv": [5.5, 5.25, 6.125, 6], "texture": "#0"},
				"up": {"uv": [1.25, 8.375, 0.75, 7.75], "texture": "#0"},
				"down": {"uv": [8.25, 1, 7.75, 1.625], "texture": "#0"}
			}
		},
		{
			"from": [13.01779, 5.86308, 6.791],
			"to": [15.24979, 8.83908, 9.209],
			"rotation": {"angle": 22.5, "axis": "z", "origin": [7.76329, 7.95558, 8.186]},
			"faces": {
				"north": {"uv": [5.5, 6.75, 6, 7.5], "texture": "#0"},
				"east": {"uv": [5.75, 0, 6.375, 0.75], "texture": "#0"},
				"south": {"uv": [6.75, 5.5, 7.25, 6.25], "texture": "#0"},
				"west": {"uv": [5.75, 0.75, 6.375, 1.5], "texture": "#0"},
				"up": {"uv": [4, 8.375, 3.5, 7.75], "texture": "#0"},
				"down": {"uv": [8.25, 3.75, 7.75, 4.375], "texture": "#0"}
			}
		},
		{
			"from": [13.48046, 5.86753, 6.791],
			"to": [15.71246, 8.84353, 9.209],
			"rotation": {"angle": -22.5, "axis": "z", "origin": [8.22596, 7.96003, 8.186]},
			"faces": {
				"north": {"uv": [6, 6.75, 6.5, 7.5], "texture": "#0"},
				"east": {"uv": [5.75, 1.5, 6.375, 2.25], "texture": "#0"},
				"south": {"uv": [6.75, 6.25, 7.25, 7], "texture": "#0"},
				"west": {"uv": [4, 5.75, 4.625, 6.5], "texture": "#0"},
				"up": {"uv": [7.5, 8.375, 7, 7.75], "texture": "#0"},
				"down": {"uv": [8, 7.75, 7.5, 8.375], "texture": "#0"}
			}
		},
		{
			"from": [6.68494, 13.07715, 6.766],
			"to": [9.66094, 15.30915, 9.234],
			"rotation": {"angle": -45, "axis": "z", "origin": [7.56844, 7.82265, 8.186]},
			"faces": {
				"north": {"uv": [4, 7, 4.75, 7.5], "texture": "#0"},
				"east": {"uv": [0, 8, 0.625, 8.5], "texture": "#0"},
				"south": {"uv": [4.75, 7, 5.5, 7.5], "texture": "#0"},
				"west": {"uv": [8, 0, 8.625, 0.5], "texture": "#0"},
				"up": {"uv": [5.5, 6.375, 4.75, 5.75], "texture": "#0"},
				"down": {"uv": [3, 6, 2.25, 6.625], "texture": "#0"}
			}
		},
		{
			"from": [6.87094, -0.51051, 6.766],
			"to": [9.66094, 1.72149, 9.234],
			"rotation": {"angle": 45, "axis": "z", "origin": [7.56844, 6.97599, 8.186]},
			"faces": {
				"north": {"uv": [6.5, 7, 7.25, 7.5], "texture": "#0"},
				"east": {"uv": [8, 0.5, 8.625, 1], "texture": "#0"},
				"south": {"uv": [7.25, 0, 8, 0.5], "texture": "#0"},
				"west": {"uv": [1.25, 8, 1.875, 8.5], "texture": "#0"},
				"up": {"uv": [3.75, 6.625, 3, 6], "texture": "#0"},
				"down": {"uv": [6.25, 6, 5.5, 6.625], "texture": "#0"}
			}
		}
	],
	"display": {
		"thirdperson_righthand": {
			"translation": [-1.75, 2, 1.25],
			"scale": [0.3, 0.3, 0.3]
		},
		"thirdperson_lefthand": {
			"translation": [-1.75, 2, 1.25],
			"scale": [0.3, 0.3, 0.3]
		},
		"firstperson_righthand": {
			"rotation": [-31.18, -77.13, -31.79],
			"translation": [1.25, 2, 0],
			"scale": [0.5, 0.5, 0.5]
		},
		"firstperson_lefthand": {
			"rotation": [-31.18, -77.13, -31.79],
			"translation": [1.25, 2, 0],
			"scale": [0.5, 0.5, 0.5]
		},
		"ground": {
			"translation": [0, 5.5, 0]
		},
		"gui": {
			"translation": [0, 0.5, 0]
		},
		"head": {
			"translation": [0, 5.75, 0],
			"scale": [1.5, 1.5, 1.5]
		}
	},
	"groups": [
		{
			"name": "bone",
			"origin": [8, 0, 8],
			"color": 0,
			"children": [0, 1, 2, 3, 4, 5, 6, 7, 8, 9, 10, 11, 12, 13, 14, 15, 16, 17, 18]
		}
	]
}
