{
	"parent": "item/handheld",
	"textures": {
		"layer0": "ssbrc:fighters/hero/items/sword/sword_of_ramias/disabled"
	},
	"display": {
		"thirdperson_righthand": {
			"rotation": [-42.5, -90, 0],
			"translation": [0, 7.25, 2],
			"scale": [1.2, 1.2, 1.2]
		},
		"thirdperson_lefthand": {
			"rotation": [-42.5, 90, 0],
			"translation": [0, 7.25, 2],
			"scale": [1.2, 1.2, 1.2]
		},
		"firstperson_righthand": {
			"rotation": [0, -90, 25],
			"translation": [1.13, 3.2, 1.13],
			"scale": [0.68, 0.68, 0.68]
		},
		"firstperson_lefthand": {
			"rotation": [0, 90, -25],
			"translation": [1.13, 3.2, 1.13],
			"scale": [0.68, 0.68, 0.68]
		}
	}
}
