{
	"parent": "item/handheld",
	"textures": {
		"layer0": "ssbrc:fighters/pit/items/palutena_bow/default/idle"
	},
	"display": {
		"thirdperson_righthand": {
			"rotation": [-60, -90, -20],
			"translation": [0, -2.5, 6],
			"scale": [1.25, 1.25, 1.25]
		},
		"thirdperson_lefthand": {
			"rotation": [-125, -90, 0],
			"translation": [0, -2.5, 6],
			"scale": [1.25, 1.25, 1.25]
		},
		"firstperson_righthand": {
			"rotation": [160, -70, -180],
			"translation": [0, 0, 4]
		},
		"firstperson_lefthand": {
			"rotation": [0, 70, -25],
			"translation": [0, 0, 4]
		}
	}
}
