{
	"parent": "item/handheld",
	"textures": {
		"layer0": "ssbrc:fighters/pit/items/palutena_bow/default/pulling_0"
	},
	"display": {
		"thirdperson_righthand": {
			"rotation": [-60, -90, -20],
			"translation": [0, -2.5, 6],
			"scale": [1.25, 1.25, 1.25]
		},
		"thirdperson_lefthand": {
			"rotation": [-125, -90, 0],
			"translation": [0, -2.5, 6],
			"scale": [1.25, 1.25, 1.25]
		},
		"firstperson_righthand": {
			"rotation": [-45, -90, 0],
			"translation": [0, 12, 4],
			"scale": [0.8, 0.8, 0.8]
		},
		"firstperson_lefthand": {
			"rotation": [-45, 90, 0],
			"translation": [0, 12, 4],
			"scale": [0.8, 0.8, 0.8]
		}
	}
}
