{
	"parent": "item/handheld",
	"textures": {
		"layer0": "ssbrc:fighters/pit/items/palutena_bow/default/split"
	},
	"display": {
		"thirdperson_righthand": {
			"rotation": [-45, -90, 0],
			"translation": [0, 6, 3]
		},
		"thirdperson_lefthand": {
			"rotation": [-135, -90, 0],
			"translation": [0, -10, 3]
		},
		"firstperson_righthand": {
			"rotation": [-30, -90, 0],
			"translation": [2, 0, 1],
			"scale": [0.75, 0.75, 0.75]
		},
		"firstperson_lefthand": {
			"rotation": [-30, 90, 0],
			"translation": [2, 0, 1],
			"scale": [0.75, 0.75, 0.75]
		}
	}
}
