{
	"texture_size": [128, 128],
	"textures": {
		"0": "ssbrc:fighters/greninja/items/water_shuriken"
	},
	"elements": [
		{
			"from": [10.55724, 7.40395, 1.3069],
			"to": [23.68874, 8.59605, 2.02216],
			"rotation": {"angle": -22.5, "axis": "y", "origin": [8, 8, 8]},
			"faces": {
				"north": {"uv": [6.625, 7.5, 6.875, 8.25], "texture": "#0"},
				"east": {"uv": [6.625, 7.5, 6.875, 8.25], "texture": "#0"},
				"south": {"uv": [6.625, 7.5, 6.875, 8.25], "texture": "#0"},
				"west": {"uv": [6.625, 7.5, 6.875, 8.25], "texture": "#0"},
				"up": {"uv": [6.625, 7.5, 6.875, 8.25], "texture": "#0"},
				"down": {"uv": [6.625, 7.5, 6.875, 8.25], "texture": "#0"}
			}
		},
		{
			"from": [10.55724, 7.40395, 13.97784],
			"to": [23.45032, 8.59605, 14.6931],
			"rotation": {"angle": 22.5, "axis": "y", "origin": [8, 8, 8]},
			"faces": {
				"north": {"uv": [6.625, 7.5, 6.875, 8.25], "texture": "#0"},
				"east": {"uv": [6.625, 7.5, 6.875, 8.25], "texture": "#0"},
				"south": {"uv": [6.625, 7.5, 6.875, 8.25], "texture": "#0"},
				"west": {"uv": [6.625, 7.5, 6.875, 8.25], "texture": "#0"},
				"up": {"uv": [6.625, 7.5, 6.875, 8.25], "texture": "#0"},
				"down": {"uv": [6.625, 7.5, 6.875, 8.25], "texture": "#0"}
			}
		},
		{
			"from": [-7.6438, 7.40395, 13.95922],
			"to": [5.4877, 8.59605, 14.67448],
			"rotation": {"angle": -22.5, "axis": "y", "origin": [8, 8, 8]},
			"faces": {
				"north": {"uv": [6.625, 7.5, 6.875, 8.25], "texture": "#0"},
				"east": {"uv": [6.625, 7.5, 6.875, 8.25], "texture": "#0"},
				"south": {"uv": [6.625, 7.5, 6.875, 8.25], "texture": "#0"},
				"west": {"uv": [6.625, 7.5, 6.875, 8.25], "texture": "#0"},
				"up": {"uv": [6.625, 7.5, 6.875, 8.25], "texture": "#0"},
				"down": {"uv": [6.625, 7.5, 6.875, 8.25], "texture": "#0"}
			}
		},
		{
			"from": [-7.40538, 7.40395, 1.32552],
			"to": [5.4877, 8.59605, 2.04078],
			"rotation": {"angle": 22.5, "axis": "y", "origin": [8, 8, 8]},
			"faces": {
				"north": {"uv": [6.625, 7.5, 6.875, 8.25], "texture": "#0"},
				"east": {"uv": [6.625, 7.5, 6.875, 8.25], "texture": "#0"},
				"south": {"uv": [6.625, 7.5, 6.875, 8.25], "texture": "#0"},
				"west": {"uv": [6.625, 7.5, 6.875, 8.25], "texture": "#0"},
				"up": {"uv": [6.625, 7.5, 6.875, 8.25], "texture": "#0"},
				"down": {"uv": [6.625, 7.5, 6.875, 8.25], "texture": "#0"}
			}
		},
		{
			"from": [13.991, 7.40395, 10.52546],
			"to": [14.70626, 8.59605, 23.77617],
			"rotation": {"angle": -22.5, "axis": "y", "origin": [8, 8, 8]},
			"faces": {
				"north": {"uv": [6.625, 7.5, 6.875, 8.25], "texture": "#0"},
				"east": {"uv": [6.625, 7.5, 6.875, 8.25], "texture": "#0"},
				"south": {"uv": [6.625, 7.5, 6.875, 8.25], "texture": "#0"},
				"west": {"uv": [6.625, 7.5, 6.875, 8.25], "texture": "#0"},
				"up": {"uv": [6.625, 7.5, 6.875, 8.25], "texture": "#0"},
				"down": {"uv": [6.625, 7.5, 6.875, 8.25], "texture": "#0"}
			}
		},
		{
			"from": [1.33868, 7.40395, 10.54408],
			"to": [2.05394, 8.59605, 23.43716],
			"rotation": {"angle": 22.5, "axis": "y", "origin": [8, 8, 8]},
			"faces": {
				"north": {"uv": [6.625, 7.5, 6.875, 8.25], "texture": "#0"},
				"east": {"uv": [6.625, 7.5, 6.875, 8.25], "texture": "#0"},
				"south": {"uv": [6.625, 7.5, 6.875, 8.25], "texture": "#0"},
				"west": {"uv": [6.625, 7.5, 6.875, 8.25], "texture": "#0"},
				"up": {"uv": [6.625, 7.5, 6.875, 8.25], "texture": "#0"},
				"down": {"uv": [6.625, 7.5, 6.875, 8.25], "texture": "#0"}
			}
		},
		{
			"from": [13.991, 7.40395, -7.41854],
			"to": [14.70626, 8.59605, 5.47454],
			"rotation": {"angle": 22.5, "axis": "y", "origin": [8, 8, 8]},
			"faces": {
				"north": {"uv": [6.625, 7.5, 6.875, 8.25], "texture": "#0"},
				"east": {"uv": [6.625, 7.5, 6.875, 8.25], "texture": "#0"},
				"south": {"uv": [6.625, 7.5, 6.875, 8.25], "texture": "#0"},
				"west": {"uv": [6.625, 7.5, 6.875, 8.25], "texture": "#0"},
				"up": {"uv": [6.625, 7.5, 6.875, 8.25], "texture": "#0"},
				"down": {"uv": [6.625, 7.5, 6.875, 8.25], "texture": "#0"}
			}
		},
		{
			"from": [1.33868, 7.40395, -7.67558],
			"to": [2.05394, 8.59605, 5.45592],
			"rotation": {"angle": -22.5, "axis": "y", "origin": [8, 8, 8]},
			"faces": {
				"north": {"uv": [6.625, 7.5, 6.875, 8.25], "texture": "#0"},
				"east": {"uv": [6.625, 7.5, 6.875, 8.25], "texture": "#0"},
				"south": {"uv": [6.625, 7.5, 6.875, 8.25], "texture": "#0"},
				"west": {"uv": [6.625, 7.5, 6.875, 8.25], "texture": "#0"},
				"up": {"uv": [6.625, 7.5, 6.875, 8.25], "texture": "#0"},
				"down": {"uv": [6.625, 7.5, 6.875, 8.25], "texture": "#0"}
			}
		},
		{
			"from": [10.68115, 7.36819, 14.45516],
			"to": [24.4952, 8.63181, 15.09413],
			"rotation": {"angle": 22.5, "axis": "y", "origin": [8, 8, 8]},
			"faces": {
				"north": {"uv": [9, 7.625, 9.25, 8.125], "texture": "#0"},
				"east": {"uv": [9, 7.625, 9.25, 8.125], "texture": "#0"},
				"south": {"uv": [9, 7.625, 9.25, 8.125], "texture": "#0"},
				"west": {"uv": [9, 7.625, 9.25, 8.125], "texture": "#0"},
				"up": {"uv": [9, 7.625, 9.25, 8.125], "texture": "#0"},
				"down": {"uv": [9, 7.625, 9.25, 8.125], "texture": "#0"}
			}
		},
		{
			"from": [10.68115, 7.36819, 0.90587],
			"to": [24.4952, 8.63181, 1.54484],
			"rotation": {"angle": -22.5, "axis": "y", "origin": [8, 8, 8]},
			"faces": {
				"north": {"uv": [9, 7.625, 9.25, 8.125], "texture": "#0"},
				"east": {"uv": [9, 7.625, 9.25, 8.125], "texture": "#0"},
				"south": {"uv": [9, 7.625, 9.25, 8.125], "texture": "#0"},
				"west": {"uv": [9, 7.625, 9.25, 8.125], "texture": "#0"},
				"up": {"uv": [9, 7.625, 9.25, 8.125], "texture": "#0"},
				"down": {"uv": [9, 7.625, 9.25, 8.125], "texture": "#0"}
			}
		},
		{
			"from": [0.93765, 7.36819, -8.48204],
			"to": [1.57662, 8.63181, 5.33201],
			"rotation": {"angle": -22.5, "axis": "y", "origin": [8, 8, 8]},
			"faces": {
				"north": {"uv": [9, 7.625, 9.25, 8.125], "texture": "#0"},
				"east": {"uv": [9, 7.625, 9.25, 8.125], "texture": "#0"},
				"south": {"uv": [9, 7.625, 9.25, 8.125], "texture": "#0"},
				"west": {"uv": [9, 7.625, 9.25, 8.125], "texture": "#0"},
				"up": {"uv": [9, 7.625, 9.25, 8.125], "texture": "#0"},
				"down": {"uv": [9, 7.625, 9.25, 8.125], "texture": "#0"}
			}
		},
		{
			"from": [14.46832, 7.36819, -8.46342],
			"to": [15.10729, 8.63181, 5.35063],
			"rotation": {"angle": 22.5, "axis": "y", "origin": [8, 8, 8]},
			"faces": {
				"north": {"uv": [9, 7.625, 9.25, 8.125], "texture": "#0"},
				"east": {"uv": [9, 7.625, 9.25, 8.125], "texture": "#0"},
				"south": {"uv": [9, 7.625, 9.25, 8.125], "texture": "#0"},
				"west": {"uv": [9, 7.625, 9.25, 8.125], "texture": "#0"},
				"up": {"uv": [9, 7.625, 9.25, 8.125], "texture": "#0"},
				"down": {"uv": [9, 7.625, 9.25, 8.125], "texture": "#0"}
			}
		},
		{
			"from": [-8.45026, 7.36819, 0.92449],
			"to": [5.36379, 8.63181, 1.56346],
			"rotation": {"angle": 22.5, "axis": "y", "origin": [8, 8, 8]},
			"faces": {
				"north": {"uv": [9, 7.625, 9.25, 8.125], "texture": "#0"},
				"east": {"uv": [9, 7.625, 9.25, 8.125], "texture": "#0"},
				"south": {"uv": [9, 7.625, 9.25, 8.125], "texture": "#0"},
				"west": {"uv": [9, 7.625, 9.25, 8.125], "texture": "#0"},
				"up": {"uv": [9, 7.625, 9.25, 8.125], "texture": "#0"},
				"down": {"uv": [9, 7.625, 9.25, 8.125], "texture": "#0"}
			}
		},
		{
			"from": [0.93765, 7.36819, 10.66799],
			"to": [1.57662, 8.63181, 24.48204],
			"rotation": {"angle": 22.5, "axis": "y", "origin": [8, 8, 8]},
			"faces": {
				"north": {"uv": [9, 7.625, 9.25, 8.125], "texture": "#0"},
				"east": {"uv": [9, 7.625, 9.25, 8.125], "texture": "#0"},
				"south": {"uv": [9, 7.625, 9.25, 8.125], "texture": "#0"},
				"west": {"uv": [9, 7.625, 9.25, 8.125], "texture": "#0"},
				"up": {"uv": [9, 7.625, 9.25, 8.125], "texture": "#0"},
				"down": {"uv": [9, 7.625, 9.25, 8.125], "texture": "#0"}
			}
		},
		{
			"from": [-8.45026, 7.36819, 14.43654],
			"to": [5.36379, 8.63181, 15.07551],
			"rotation": {"angle": -22.5, "axis": "y", "origin": [8, 8, 8]},
			"faces": {
				"north": {"uv": [9, 7.625, 9.25, 8.125], "texture": "#0"},
				"east": {"uv": [9, 7.625, 9.25, 8.125], "texture": "#0"},
				"south": {"uv": [9, 7.625, 9.25, 8.125], "texture": "#0"},
				"west": {"uv": [9, 7.625, 9.25, 8.125], "texture": "#0"},
				"up": {"uv": [9, 7.625, 9.25, 8.125], "texture": "#0"},
				"down": {"uv": [9, 7.625, 9.25, 8.125], "texture": "#0"}
			}
		},
		{
			"from": [14.46832, 7.36819, 10.64937],
			"to": [15.10729, 8.63181, 24.46342],
			"rotation": {"angle": -22.5, "axis": "y", "origin": [8, 8, 8]},
			"faces": {
				"north": {"uv": [9, 7.625, 9.25, 8.125], "texture": "#0"},
				"east": {"uv": [9, 7.625, 9.25, 8.125], "texture": "#0"},
				"south": {"uv": [9, 7.625, 9.25, 8.125], "texture": "#0"},
				"west": {"uv": [9, 7.625, 9.25, 8.125], "texture": "#0"},
				"up": {"uv": [9, 7.625, 9.25, 8.125], "texture": "#0"},
				"down": {"uv": [9, 7.625, 9.25, 8.125], "texture": "#0"}
			}
		},
		{
			"from": [10.89384, 7.79448, 0.33909],
			"to": [25.92269, 8.20552, 0.9195],
			"rotation": {"angle": -22.5, "axis": "y", "origin": [8, 8, 8]},
			"faces": {
				"north": {"uv": [8.76389, 8, 8.90278, 8.5], "texture": "#0"},
				"east": {"uv": [8.76389, 8, 8.90278, 8.5], "texture": "#0"},
				"south": {"uv": [8.76389, 8, 8.90278, 8.5], "texture": "#0"},
				"west": {"uv": [8.76389, 8, 8.90278, 8.5], "texture": "#0"},
				"up": {"uv": [8.76389, 8, 8.90278, 8.5], "texture": "#0"},
				"down": {"uv": [8.76389, 8, 8.90278, 8.5], "texture": "#0"}
			}
		},
		{
			"from": [10.89384, 7.79448, 15.0805],
			"to": [25.92269, 8.20552, 15.66091],
			"rotation": {"angle": 22.5, "axis": "y", "origin": [8, 8, 8]},
			"faces": {
				"north": {"uv": [8.76389, 8, 8.90278, 8.5], "texture": "#0"},
				"east": {"uv": [8.76389, 8, 8.90278, 8.5], "texture": "#0"},
				"south": {"uv": [8.76389, 8, 8.90278, 8.5], "texture": "#0"},
				"west": {"uv": [8.76389, 8, 8.90278, 8.5], "texture": "#0"},
				"up": {"uv": [8.76389, 8, 8.90278, 8.5], "texture": "#0"},
				"down": {"uv": [8.76389, 8, 8.90278, 8.5], "texture": "#0"}
			}
		},
		{
			"from": [15.09366, 7.79448, -9.89091],
			"to": [15.67407, 8.20552, 5.13794],
			"rotation": {"angle": 22.5, "axis": "y", "origin": [8, 8, 8]},
			"faces": {
				"north": {"uv": [8.76389, 8, 8.90278, 8.5], "texture": "#0"},
				"east": {"uv": [8.76389, 8, 8.90278, 8.5], "texture": "#0"},
				"south": {"uv": [8.76389, 8, 8.90278, 8.5], "texture": "#0"},
				"west": {"uv": [8.76389, 8, 8.90278, 8.5], "texture": "#0"},
				"up": {"uv": [8.76389, 8, 8.90278, 8.5], "texture": "#0"},
				"down": {"uv": [8.76389, 8, 8.90278, 8.5], "texture": "#0"}
			}
		},
		{
			"from": [0.37087, 7.79448, -9.90953],
			"to": [0.95128, 8.20552, 5.11932],
			"rotation": {"angle": -22.5, "axis": "y", "origin": [8, 8, 8]},
			"faces": {
				"north": {"uv": [8.76389, 8, 8.90278, 8.5], "texture": "#0"},
				"east": {"uv": [8.76389, 8, 8.90278, 8.5], "texture": "#0"},
				"south": {"uv": [8.76389, 8, 8.90278, 8.5], "texture": "#0"},
				"west": {"uv": [8.76389, 8, 8.90278, 8.5], "texture": "#0"},
				"up": {"uv": [8.76389, 8, 8.90278, 8.5], "texture": "#0"},
				"down": {"uv": [8.76389, 8, 8.90278, 8.5], "texture": "#0"}
			}
		},
		{
			"from": [-9.87775, 7.79448, 0.35771],
			"to": [5.1511, 8.20552, 0.93812],
			"rotation": {"angle": 22.5, "axis": "y", "origin": [8, 8, 8]},
			"faces": {
				"north": {"uv": [8.76389, 8, 8.90278, 8.5], "texture": "#0"},
				"east": {"uv": [8.76389, 8, 8.90278, 8.5], "texture": "#0"},
				"south": {"uv": [8.76389, 8, 8.90278, 8.5], "texture": "#0"},
				"west": {"uv": [8.76389, 8, 8.90278, 8.5], "texture": "#0"},
				"up": {"uv": [8.76389, 8, 8.90278, 8.5], "texture": "#0"},
				"down": {"uv": [8.76389, 8, 8.90278, 8.5], "texture": "#0"}
			}
		},
		{
			"from": [-9.87775, 7.79448, 15.06188],
			"to": [5.1511, 8.20552, 15.64229],
			"rotation": {"angle": -22.5, "axis": "y", "origin": [8, 8, 8]},
			"faces": {
				"north": {"uv": [8.76389, 8, 8.90278, 8.5], "texture": "#0"},
				"east": {"uv": [8.76389, 8, 8.90278, 8.5], "texture": "#0"},
				"south": {"uv": [8.76389, 8, 8.90278, 8.5], "texture": "#0"},
				"west": {"uv": [8.76389, 8, 8.90278, 8.5], "texture": "#0"},
				"up": {"uv": [8.76389, 8, 8.90278, 8.5], "texture": "#0"},
				"down": {"uv": [8.76389, 8, 8.90278, 8.5], "texture": "#0"}
			}
		},
		{
			"from": [0.37087, 7.79448, 10.88068],
			"to": [0.95128, 8.20552, 25.90953],
			"rotation": {"angle": 22.5, "axis": "y", "origin": [8, 8, 8]},
			"faces": {
				"north": {"uv": [8.76389, 8, 8.90278, 8.5], "texture": "#0"},
				"east": {"uv": [8.76389, 8, 8.90278, 8.5], "texture": "#0"},
				"south": {"uv": [8.76389, 8, 8.90278, 8.5], "texture": "#0"},
				"west": {"uv": [8.76389, 8, 8.90278, 8.5], "texture": "#0"},
				"up": {"uv": [8.76389, 8, 8.90278, 8.5], "texture": "#0"},
				"down": {"uv": [8.76389, 8, 8.90278, 8.5], "texture": "#0"}
			}
		},
		{
			"from": [15.09366, 7.79448, 10.86206],
			"to": [15.67407, 8.20552, 25.89091],
			"rotation": {"angle": -22.5, "axis": "y", "origin": [8, 8, 8]},
			"faces": {
				"north": {"uv": [8.76389, 8, 8.90278, 8.5], "texture": "#0"},
				"east": {"uv": [8.76389, 8, 8.90278, 8.5], "texture": "#0"},
				"south": {"uv": [8.76389, 8, 8.90278, 8.5], "texture": "#0"},
				"west": {"uv": [8.76389, 8, 8.90278, 8.5], "texture": "#0"},
				"up": {"uv": [8.76389, 8, 8.90278, 8.5], "texture": "#0"},
				"down": {"uv": [8.76389, 8, 8.90278, 8.5], "texture": "#0"}
			}
		},
		{
			"from": [9.90736, 7.28474, 5.13896],
			"to": [10.86104, 8.71526, 6.09264],
			"rotation": {"angle": 0, "axis": "y", "origin": [8, 8, 8]},
			"faces": {
				"north": {"uv": [9.125, 7.75, 9.375, 8.125], "texture": "#0"},
				"east": {"uv": [9.125, 7.75, 9.375, 8.125], "texture": "#0"},
				"south": {"uv": [9.125, 7.75, 9.375, 8.125], "texture": "#0"},
				"west": {"uv": [9.125, 7.75, 9.375, 8.125], "texture": "#0"},
				"up": {"uv": [9.125, 7.75, 9.375, 8.125], "texture": "#0"},
				"down": {"uv": [9.125, 7.75, 9.375, 8.125], "texture": "#0"}
			}
		},
		{
			"from": [5.13896, 7.28474, 5.13896],
			"to": [6.09264, 8.71526, 6.09264],
			"rotation": {"angle": 0, "axis": "y", "origin": [8, 8, 8]},
			"faces": {
				"north": {"uv": [9.125, 7.75, 9.375, 8.125], "texture": "#0"},
				"east": {"uv": [9.125, 7.75, 9.375, 8.125], "texture": "#0"},
				"south": {"uv": [9.125, 7.75, 9.375, 8.125], "texture": "#0"},
				"west": {"uv": [9.125, 7.75, 9.375, 8.125], "texture": "#0"},
				"up": {"uv": [9.125, 7.75, 9.375, 8.125], "texture": "#0"},
				"down": {"uv": [9.125, 7.75, 9.375, 8.125], "texture": "#0"}
			}
		},
		{
			"from": [9.90736, 7.28474, 9.90736],
			"to": [10.86104, 8.71526, 10.86104],
			"rotation": {"angle": 0, "axis": "y", "origin": [8, 8, 8]},
			"faces": {
				"north": {"uv": [9.125, 7.75, 9.375, 8.125], "texture": "#0"},
				"east": {"uv": [9.125, 7.75, 9.375, 8.125], "texture": "#0"},
				"south": {"uv": [9.125, 7.75, 9.375, 8.125], "texture": "#0"},
				"west": {"uv": [9.125, 7.75, 9.375, 8.125], "texture": "#0"},
				"up": {"uv": [9.125, 7.75, 9.375, 8.125], "texture": "#0"},
				"down": {"uv": [9.125, 7.75, 9.375, 8.125], "texture": "#0"}
			}
		},
		{
			"from": [5.13896, 7.28474, 9.90736],
			"to": [6.09264, 8.71526, 10.86104],
			"rotation": {"angle": 0, "axis": "y", "origin": [8, 8, 8]},
			"faces": {
				"north": {"uv": [9.125, 7.75, 9.375, 8.125], "texture": "#0"},
				"east": {"uv": [9.125, 7.75, 9.375, 8.125], "texture": "#0"},
				"south": {"uv": [9.125, 7.75, 9.375, 8.125], "texture": "#0"},
				"west": {"uv": [9.125, 7.75, 9.375, 8.125], "texture": "#0"},
				"up": {"uv": [9.125, 7.75, 9.375, 8.125], "texture": "#0"},
				"down": {"uv": [9.125, 7.75, 9.375, 8.125], "texture": "#0"}
			}
		},
		{
			"from": [10.3842, 7.28474, 5.6158],
			"to": [11.33788, 8.71526, 10.3842],
			"rotation": {"angle": 0, "axis": "y", "origin": [8, 8, 8]},
			"faces": {
				"north": {"uv": [9.125, 7.75, 9.375, 8.125], "texture": "#0"},
				"east": {"uv": [9.125, 7.75, 9.375, 8.125], "texture": "#0"},
				"south": {"uv": [9.125, 7.75, 9.375, 8.125], "texture": "#0"},
				"west": {"uv": [9.125, 7.75, 9.375, 8.125], "texture": "#0"},
				"up": {"uv": [9.125, 7.75, 9.375, 8.125], "texture": "#0"},
				"down": {"uv": [9.125, 7.75, 9.375, 8.125], "texture": "#0"}
			}
		},
		{
			"from": [4.66212, 7.28474, 5.6158],
			"to": [5.6158, 8.71526, 10.3842],
			"rotation": {"angle": 0, "axis": "y", "origin": [8, 8, 8]},
			"faces": {
				"north": {"uv": [9.125, 7.75, 9.375, 8.125], "texture": "#0"},
				"east": {"uv": [9.125, 7.75, 9.375, 8.125], "texture": "#0"},
				"south": {"uv": [9.125, 7.75, 9.375, 8.125], "texture": "#0"},
				"west": {"uv": [9.125, 7.75, 9.375, 8.125], "texture": "#0"},
				"up": {"uv": [9.125, 7.75, 9.375, 8.125], "texture": "#0"},
				"down": {"uv": [9.125, 7.75, 9.375, 8.125], "texture": "#0"}
			}
		},
		{
			"from": [5.6158, 7.28474, 4.66212],
			"to": [10.3842, 8.71526, 5.6158],
			"rotation": {"angle": 0, "axis": "y", "origin": [8, 8, 8]},
			"faces": {
				"north": {"uv": [9.125, 7.75, 9.375, 8.125], "rotation": 90, "texture": "#0"},
				"east": {"uv": [9.125, 7.75, 9.375, 8.125], "rotation": 90, "texture": "#0"},
				"south": {"uv": [9.125, 7.75, 9.375, 8.125], "rotation": 90, "texture": "#0"},
				"west": {"uv": [9.125, 7.75, 9.375, 8.125], "rotation": 90, "texture": "#0"},
				"up": {"uv": [9.125, 7.75, 9.375, 8.125], "rotation": 90, "texture": "#0"},
				"down": {"uv": [9.125, 7.75, 9.375, 8.125], "rotation": 90, "texture": "#0"}
			}
		},
		{
			"from": [5.6158, 7.28474, 10.3842],
			"to": [10.3842, 8.71526, 11.33788],
			"rotation": {"angle": 0, "axis": "y", "origin": [8, 8, 8]},
			"faces": {
				"north": {"uv": [9.125, 7.75, 9.375, 8.125], "rotation": 90, "texture": "#0"},
				"east": {"uv": [9.125, 7.75, 9.375, 8.125], "rotation": 90, "texture": "#0"},
				"south": {"uv": [9.125, 7.75, 9.375, 8.125], "rotation": 90, "texture": "#0"},
				"west": {"uv": [9.125, 7.75, 9.375, 8.125], "rotation": 90, "texture": "#0"},
				"up": {"uv": [9.125, 7.75, 9.375, 8.125], "rotation": 90, "texture": "#0"},
				"down": {"uv": [9.125, 7.75, 9.375, 8.125], "rotation": 90, "texture": "#0"}
			}
		},
		{
			"from": [-10.58256, 7.55935, -10.68559],
			"to": [26.58257, 8.44065, 26.61744],
			"rotation": {"angle": 0, "axis": "y", "origin": [8, 8, 8]},
			"faces": {
				"north": {"uv": [10, 14.75, 10.875, 15.5], "rotation": 90, "texture": "#0"},
				"east": {"uv": [9.75, 15.125, 12.25, 15.5], "rotation": 90, "texture": "#0"},
				"south": {"uv": [10.5, 15.5, 11.125, 15.875], "rotation": 90, "texture": "#0"},
				"west": {"uv": [10.375, 15, 11.5, 15.5], "rotation": 90, "texture": "#0"},
				"up": {"uv": [0, 0, 16, 16], "rotation": 90, "texture": "#0"},
				"down": {"uv": [0, 0, 16, 16], "rotation": 90, "texture": "#0"}
			}
		},
		{
			"from": [-10.83518, 7.80579, 7.76158],
			"to": [-7.5763, 8.19421, 8.23842],
			"rotation": {"angle": 0, "axis": "y", "origin": [8, 8, 8]},
			"faces": {
				"north": {"uv": [8.76389, 8, 8.90278, 8.5], "texture": "#0"},
				"east": {"uv": [8.76389, 8, 8.90278, 8.5], "texture": "#0"},
				"south": {"uv": [8.76389, 8, 8.90278, 8.5], "texture": "#0"},
				"west": {"uv": [8.76389, 8, 8.90278, 8.5], "texture": "#0"},
				"up": {"uv": [8.76389, 8, 8.90278, 8.5], "texture": "#0"},
				"down": {"uv": [8.76389, 8, 8.90278, 8.5], "texture": "#0"}
			}
		},
		{
			"from": [23.5763, 7.80579, 7.76158],
			"to": [26.83518, 8.19421, 8.23842],
			"rotation": {"angle": 0, "axis": "y", "origin": [8, 8, 8]},
			"faces": {
				"north": {"uv": [8.76389, 8, 8.90278, 8.5], "texture": "#0"},
				"east": {"uv": [8.76389, 8, 8.90278, 8.5], "texture": "#0"},
				"south": {"uv": [8.76389, 8, 8.90278, 8.5], "texture": "#0"},
				"west": {"uv": [8.76389, 8, 8.90278, 8.5], "texture": "#0"},
				"up": {"uv": [8.76389, 8, 8.90278, 8.5], "texture": "#0"},
				"down": {"uv": [8.76389, 8, 8.90278, 8.5], "texture": "#0"}
			}
		},
		{
			"from": [7.64237, 7.80579, -10.83518],
			"to": [8.35763, 8.19421, -7.5763],
			"rotation": {"angle": 0, "axis": "y", "origin": [8, 8, 8]},
			"faces": {
				"north": {"uv": [8.76389, 8, 8.90278, 8.5], "rotation": 90, "texture": "#0"},
				"east": {"uv": [8.76389, 8, 8.90278, 8.5], "rotation": 90, "texture": "#0"},
				"south": {"uv": [8.76389, 8, 8.90278, 8.5], "rotation": 90, "texture": "#0"},
				"west": {"uv": [8.76389, 8, 8.90278, 8.5], "rotation": 90, "texture": "#0"},
				"up": {"uv": [8.76389, 8, 8.90278, 8.5], "rotation": 90, "texture": "#0"},
				"down": {"uv": [8.76389, 8, 8.90278, 8.5], "rotation": 90, "texture": "#0"}
			}
		},
		{
			"from": [7.64237, 7.80579, 23.5763],
			"to": [8.35763, 8.19421, 26.83518],
			"rotation": {"angle": 0, "axis": "y", "origin": [8, 8, 8]},
			"faces": {
				"north": {"uv": [8.76389, 8, 8.90278, 8.5], "rotation": 90, "texture": "#0"},
				"east": {"uv": [8.76389, 8, 8.90278, 8.5], "rotation": 90, "texture": "#0"},
				"south": {"uv": [8.76389, 8, 8.90278, 8.5], "rotation": 90, "texture": "#0"},
				"west": {"uv": [8.76389, 8, 8.90278, 8.5], "rotation": 90, "texture": "#0"},
				"up": {"uv": [8.76389, 8, 8.90278, 8.5], "rotation": 90, "texture": "#0"},
				"down": {"uv": [8.76389, 8, 8.90278, 8.5], "rotation": 90, "texture": "#0"}
			}
		}
	],
	"display": {
		"thirdperson_righthand": {
			"rotation": [-45, 0, 90],
			"translation": [0, -2, -2.5],
			"scale": [0.5, 0.5, 0.5]
		},
		"thirdperson_lefthand": {
			"rotation": [-45, 0, 90],
			"translation": [0, -2, -2.5],
			"scale": [0.5, 0.5, 0.5]
		},
		"firstperson_righthand": {
			"rotation": [-45, 0, 90],
			"translation": [8.5, 1, -2.5],
			"scale": [0.5, 0.5, 0.5]
		},
		"firstperson_lefthand": {
			"rotation": [-45, 0, 90],
			"translation": [8.5, 1, -2.5],
			"scale": [0.5, 0.5, 0.5]
		},
		"gui": {
			"rotation": [45, 45, 0],
			"scale": [0.5, 0.5, 0.5]
		},
		"head": {
			"translation": [0, -30.75, 0]
		}
	}
}
