{
	"parent": "item/handheld",
	"textures": {
		"layer0": "ssbrc:fighters/king_k_rool/items/blunderbuss/default"
	},
	"display": {
		"thirdperson_righthand": {
			"rotation": [60, 90, 0],
			"translation": [0, 4.5, 3]
		},
		"thirdperson_lefthand": {
			"rotation": [60, -90, 0],
			"translation": [0, 4.5, 3]
		},
		"firstperson_righthand": {
			"rotation": [0, 90, 0],
			"translation": [0, 4.5, 3]
		},
		"firstperson_lefthand": {
			"rotation": [0, -90, 0],
			"translation": [0, 4.5, 3]
		}
	}
}
